Workbook

Sheet State Summary Graphs
B2: State IC3 Data
H3: System Intrusion Group | M3: Threat to Personnel via Network | P3: Theft of Data via Network
B4: Year | C4: City Population | D4: Column1 | E4: Column2 | F4: Column3 | G4: Crimes | H4: Data Breach | I4: Personal Data Breach | J4: Malware | K4: Phishing | L4: Ransomware | M4: Crimes Against Children | N4: Extortion | O4: Threats/Stalking/Harassment/Terrorism | P4: IPR/Counterfeit | Q4: Identify Theft | R4: BEC
B5: 2016 | C5: ='2016_IC3 State to City'!$E$6 -> 177746 | H5: 53 | I5: 429 | J5: 60 | K5: 298 | L5: 49 | M5: 14 | N5: 361 | O5: 276 | P5: 44 | Q5: 281 | R5: 161
B6: 2017 | C6: ='2017_IC3 State to City'!$E$6 -> 179530 | H6: 53 | I6: 490 | J6: 43 | K6: 347 | L6: 33 | M6: 19 | N6: 290 | O6: 230 | P6: 38 | Q6: 332 | R6: 184
B7: 2018 | C7: ='2018_IC3 State to City'!$E$6 -> 181918 | H7: 28 | I7: 697 | J7: 23 | K7: 311 | L7: 20 | M7: 28 | N7: 759 | O7: 262 | P7: 25 | Q7: 407 | R7: 297
B8: 2019 | C8: ='2019_IC3 State to City'!$E$6 -> 182799 | H8: 21 | I8: 507 | J8: 46 | K8: 310 | L8: 34 | M8: 23 | N8: 725 | O8: 199 | P8: 58 | Q8: 289 | R8: 331
B9: 2020 | C9: ='2020_IC3 State to City'!$E$6 -> 181560 | H9: 29 | I9: 714 | J9: 18 | K9: 379 | L9: 34 | M9: 60 | N9: 1185 | O9: 267 | P9: 75 | Q9: 419 | R9: 249
B10: 2021 | C10: ='2021_IC3 State to City'!$E$6 -> 181163 | H10: 21 | I10: 742 | J10: 11 | K10: 438 | L10: 47 | M10: 29 | N10: 628 | O10: 172 | P10: 60 | Q10: 529 | R10: 321
B11: 2022 | C11: ='2022_IC3 State to City'!$E$6 -> 184086 | H11: 44 | I11: 903 | J11: 9 | K11: 296 | L11: 31 | M11: 54 | N11: 695 | O11: 28 | P11: 19 | Q11: 539 | R11: ='2022_IC3 State to City'!$E$8 -> 416

Sheet 2016_IC3 State to City
B4: REF URL | C4: Decription | D4: Unit | E4: Value | F4: Value/State Population | G4: Estimated In-City Victims, 2022, As if IC3 Victim Complaint | H4: State Victim Loss | I4: Even Loss per State Victim Count | J4: Projected In-City Victim Loss | K4: State Subject (Perpetrator) Count | L4: Subject (Perpetrator) to State Population | M4: Estimated Subject to City Population | N4: State Subject Losses (Perpetrator gained X dollars) | O4: Even Loss per State Subject | P4: Estimated In-City Subject Losses (Perpetrator Take from Victim)
B5: https://www.census.gov/quickfacts/fact/table/TN/PST045222 | C5: TN Population in 2016 | D5: Population Estimate | E5: 6646010 | F5: Raw Value | G5: (Victim Count/State Population ) * City Population | J5: Estimated In-City Victims * Even Loss per State Victim | P5: Subject to City * Even Loss per State Subject
B6: https://www.census.gov/quickfacts/chattanoogacitytennessee | C6: Chattanooga Population in 2016 | D6: Population Estimate | E6: 177746
B7: https://www.ic3.gov/Media/PDF/AnnualReport/2016State/StateReport.aspx#?s=47 | C7: Advanced Fee | D7: State Victim Count | E7: 276 | F7: =E7/E5 -> 4.1528677e-05 | G7: =ROUNDDOWN(F7*E6,0) -> 7 | H7: 1211869 | I7: =H7/E7 -> 4390.8297 | J7: =I7*G7 -> 30735.808 | K7: 65 | L7: =K7/E5 -> 9.7803043e-06 | M7: =ROUNDDOWN(L7*E6,0) -> 1 | N7: 147059 | O7: =N7/K7 -> 2262.4462 | P7: =M7*O7 -> 2262.4462
B8: https://www.ic3.gov/Media/PDF/AnnualReport/2016State/StateReport.aspx#?s=47 | C8: Business Email Compromise | D8: State Victim Count | E8: 161 | F8: =E8/E5 -> 2.4225061e-05 | G8: =ROUNDDOWN(F8*E6,0) -> 4 | H8: 2781785 | I8: =H8/E8 -> 17278.168 | J8: =I8*G8 -> 69112.671 | K8: 43 | L8: =K8/E5 -> 6.4700474e-06 | M8: =ROUNDDOWN(L8*E6,0) -> 1 | N8: 546991 | O8: =N8/K8 -> 12720.721 | P8: =M8*O8 -> 12720.721
B9: https://www.ic3.gov/Media/PDF/AnnualReport/2016State/StateReport.aspx#?s=47 | C9: Botnet | D9: State Victim Count | F9: =E9/E5 -> 0 | G9: =ROUNDDOWN(F9*E6,0) -> 0 | I9: =H9/E9 -> #DIV/0! | J9: =I9*G9 -> #DIV/0! | L9: =K9/E5 -> 0 | M9: =ROUNDDOWN(L9*E6,0) -> 0 | O9: =N9/K9 -> #DIV/0! | P9: =M9*O9 -> #DIV/0!
B10: https://www.ic3.gov/Media/PDF/AnnualReport/2016State/StateReport.aspx#?s=47 | C10: Confidence/Romance | D10: State Victim Count | E10: 220 | F10: =E10/E5 -> 3.3102568e-05 | G10: =ROUNDDOWN(F10*E6,0) -> 5 | H10: 2251140 | I10: =H10/E10 -> 10232.455 | J10: =I10*G10 -> 51162.273 | K10: 74 | L10: =K10/E5 -> 1.11345e-05 | M10: =ROUNDDOWN(L10*E6,0) -> 1 | N10: 955402 | O10: =N10/K10 -> 12910.838 | P10: =M10*O10 -> 12910.838
B11: https://www.ic3.gov/Media/PDF/AnnualReport/2016State/StateReport.aspx#?s=47 | C11: Check Fraud | D11: State Victim Count | F11: =E11/E5 -> 0 | G11: =ROUNDDOWN(F11*E6,0) -> 0 | I11: =H11/E11 -> #DIV/0! | J11: =I11*G11 -> #DIV/0! | L11: =K11/E5 -> 0 | M11: =ROUNDDOWN(L11*E6,0) -> 0 | O11: =N11/K11 -> #DIV/0! | P11: =M11*O11 -> #DIV/0!
B12: https://www.ic3.gov/Media/PDF/AnnualReport/2016State/StateReport.aspx#?s=47 | C12: Crimes Against Children | D12: State Victim Count | E12: 14 | F12: =E12/E5 -> 2.1065271e-06 | G12: =ROUNDDOWN(F12*E6,0) -> 0 | H12: 175 | I12: =H12/E12 -> 12.5 | J12: =I12*G12 -> 0 | K12: 5 | L12: =K12/E5 -> 7.523311e-07 | M12: =ROUNDDOWN(L12*E6,0) -> 0 | N12: 0 | O12: =N12/K12 -> 0 | P12: =M12*O12 -> 0
B13: https://www.ic3.gov/Media/PDF/AnnualReport/2016State/StateReport.aspx#?s=47 | C13: Data Breach | D13: State Victim Count | E13: 53 | F13: =E13/E5 -> 7.9747096e-06 | G13: =ROUNDDOWN(F13*E6,0) -> 1 | H13: 121715 | I13: =H13/E13 -> 2296.5094 | J13: =I13*G13 -> 2296.5094 | K13: 11 | L13: =K13/E5 -> 1.6551284e-06 | M13: =ROUNDDOWN(L13*E6,0) -> 0 | N13: 35450 | P13: =M13*O13 -> 0
B14: https://www.ic3.gov/Media/PDF/AnnualReport/2016State/StateReport.aspx#?s=47 | C14: Employment | D14: State Victim Count | E14: 271 | F14: =E14/E5 -> 4.0776346e-05 | G14: =ROUNDDOWN(F14*E6,0) -> 7 | H14: 513855 | I14: =H14/E14 -> 1896.1439 | J14: =I14*G14 -> 13273.007 | K14: 75 | L14: =K14/E5 -> 1.1284966e-05 | M14: =ROUNDDOWN(L14*E6,0) -> 2 | N14: 111690 | O14: =N14/K14 -> 1489.2 | P14: =M14*O14 -> 2978.4
B15: https://www.ic3.gov/Media/PDF/AnnualReport/2016State/StateReport.aspx#?s=47 | C15: Extortion | D15: State Victim Count | E15: 361 | F15: =E15/E5 -> 5.4318305e-05 | G15: =ROUNDDOWN(F15*E6,0) -> 9 | H15: 249043 | I15: =H15/E15 -> 689.86981 | J15: =I15*G15 -> 6208.8283 | K15: 38 | L15: =K15/E5 -> 5.7177163e-06 | M15: =ROUNDDOWN(L15*E6,0) -> 1 | N15: 54046 | O15: =N15/K15 -> 1422.2632 | P15: =M15*O15 -> 1422.2632
B16: https://www.ic3.gov/Media/PDF/AnnualReport/2016State/StateReport.aspx#?s=47 | C16: Government Impersonation | D16: State Victim Count | E16: 291 | F16: =E16/E5 -> 4.378567e-05 | G16: =ROUNDDOWN(F16*E6,0) -> 7 | H16: 200649 | J16: =I16*G16 -> 0 | K16: 20 | L16: =K16/E5 -> 3.0093244e-06 | M16: =ROUNDDOWN(L16*E6,0) -> 0 | N16: 12891 | O16: =N16/K16 -> 644.55 | P16: =M16*O16 -> 0
B17: https://www.ic3.gov/Media/PDF/AnnualReport/2016State/StateReport.aspx#?s=47 | C17: Harassing/Stalking | D17: State Victim Count | F17: =E17/E5 -> 0 | G17: =ROUNDDOWN(F17*E6,0) -> 0 | I17: =H17/E17 -> #DIV/0! | J17: =I17*G17 -> #DIV/0! | L17: =K17/E5 -> 0 | M17: =ROUNDDOWN(L17*E6,0) -> 0 | O17: =N17/K17 -> #DIV/0! | P17: =M17*O17 -> #DIV/0!
B18: https://www.ic3.gov/Media/PDF/AnnualReport/2016State/StateReport.aspx#?s=47 | C18: IPR/Counterfeit | D18: State Victim Count | E18: 44 | F18: =E18/E5 -> 6.6205137e-06 | G18: =ROUNDDOWN(F18*E6,0) -> 1 | H18: 31909 | I18: =H18/E18 -> 725.20455 | J18: =I18*G18 -> 725.20455 | K18: 13 | L18: =K18/E5 -> 1.9560609e-06 | M18: =ROUNDDOWN(L18*E6,0) -> 0 | N18: 6030 | O18: =N18/K18 -> 463.84615 | P18: =M18*O18 -> 0
B19: https://www.ic3.gov/Media/PDF/AnnualReport/2016State/StateReport.aspx#?s=47 | C19: Identity Theft | D19: State Victim Count | E19: 281 | F19: =E19/E5 -> 4.2281008e-05 | G19: =ROUNDDOWN(F19*E6,0) -> 7 | H19: 564262 | I19: =H19/E19 -> 2008.0498 | J19: =I19*G19 -> 14056.349 | K19: 77 | L19: =K19/E5 -> 1.1585899e-05 | M19: =ROUNDDOWN(L19*E6,0) -> 2 | N19: 248422 | O19: =N19/K19 -> 3226.2597 | P19: =M19*O19 -> 6452.5195
B20: https://www.ic3.gov/Media/PDF/AnnualReport/2016State/StateReport.aspx#?s=47 | C20: Investment | D20: State Victim Count | E20: 15 | F20: =E20/E5 -> 2.2569933e-06 | G20: =ROUNDDOWN(F20*E6,0) -> 0 | H20: 604540 | I20: =H20/E20 -> 40302.667 | J20: =I20*G20 -> 0 | K20: 10 | L20: =K20/E5 -> 1.5046622e-06 | M20: =ROUNDDOWN(L20*E6,0) -> 0 | N20: 377812 | O20: =N20/K20 -> 37781.2 | P20: =M20*O20 -> 0
B21: https://www.ic3.gov/Media/PDF/AnnualReport/2016State/StateReport.aspx#?s=47 | C21: Lottery/Sweepstakes/Inheritance | D21: State Victim Count | E21: 102 | F21: =E21/E5 -> 1.5347554e-05 | G21: =ROUNDDOWN(F21*E6,0) -> 2 | H21: 780297 | I21: =H21/E21 -> 7649.9706 | J21: =I21*G21 -> 15299.941 | K21: 17 | L21: =K21/E5 -> 2.5579257e-06 | M21: =ROUNDDOWN(L21*E6,0) -> 0 | N21: 87613 | O21: =N21/K21 -> 5153.7059 | P21: =M21*O21 -> 0
B22: https://www.ic3.gov/Media/PDF/AnnualReport/2016State/StateReport.aspx#?s=47 | C22: Malware | D22: State Victim Count | E22: 60 | F22: =E22/E5 -> 9.0279732e-06 | G22: =ROUNDDOWN(F22*E6,0) -> 1 | H22: =8139+7793 -> 15932 | I22: =H22/E22 -> 265.53333 | J22: =I22*G22 -> 265.53333 | K22: 14 | L22: =K22/E5 -> 2.1065271e-06 | M22: =ROUNDDOWN(L22*E6,0) -> 0 | N22: 517 | O22: =N22/K22 -> 36.928571 | P22: =M22*O22 -> 0
B23: https://www.ic3.gov/Media/PDF/AnnualReport/2016State/StateReport.aspx#?s=47 | C23: NCDF | D23: State Victim Count | F23: =E23/E5 -> 0 | G23: =ROUNDDOWN(F23*E6,0) -> 0 | I23: =H23/E23 -> #DIV/0! | J23: =I23*G23 -> #DIV/0! | L23: =K23/E5 -> 0 | M23: =ROUNDDOWN(L23*E6,0) -> 0 | O23: =N23/K23 -> #DIV/0! | P23: =M23*O23 -> #DIV/0!
B24: https://www.ic3.gov/Media/PDF/AnnualReport/2016State/StateReport.aspx#?s=47 | C24: NTOC | D24: State Victim Count | F24: =E24/E5 -> 0 | G24: =ROUNDDOWN(F24*E6,0) -> 0 | I24: =H24/E24 -> #DIV/0! | J24: =I24*G24 -> #DIV/0! | L24: =K24/E5 -> 0 | M24: =ROUNDDOWN(L24*E6,0) -> 0 | O24: =N24/K24 -> #DIV/0! | P24: =M24*O24 -> #DIV/0!
B25: https://www.ic3.gov/Media/PDF/AnnualReport/2016State/StateReport.aspx#?s=47 | C25: No Lead Value | D25: State Victim Count | E25: 146 | F25: =E25/E5 -> 2.1968068e-05 | G25: =ROUNDDOWN(F25*E6,0) -> 3 | H25: 0 | I25: =H25/E25 -> 0 | J25: =I25*G25 -> 0 | K25: 215 | L25: =K25/E5 -> 3.2350237e-05 | M25: =ROUNDDOWN(L25*E6,0) -> 5 | N25: 0 | O25: =N25/K25 -> 0 | P25: =M25*O25 -> 0
B26: https://www.ic3.gov/Media/PDF/AnnualReport/2016State/StateReport.aspx#?s=47 | C26: Non-Payable/Non-Delivery | D26: State Victim Count | E26: 1285 | F26: =E26/E5 -> 0.00019334909 | G26: =ROUNDDOWN(F26*E6,0) -> 34 | H26: 1996281 | I26: =H26/E26 -> 1553.5261 | J26: =I26*G26 -> 52819.886 | K26: 495 | L26: =K26/E5 -> 7.4480779e-05 | M26: =ROUNDDOWN(L26*E6,0) -> 13 | N26: 1547162 | O26: =N26/K26 -> 3125.5798 | P26: =M26*O26 -> 40632.537
B27: https://www.ic3.gov/Media/PDF/AnnualReport/2016State/StateReport.aspx#?s=47 | C27: Other | D27: State Victim Count | E27: 148 | F27: =E27/E5 -> 2.2269e-05 | G27: =ROUNDDOWN(F27*E6,0) -> 3 | H27: 421656 | I27: =H27/E27 -> 2849.027 | J27: =I27*G27 -> 8547.0811 | K27: 45 | L27: =K27/E5 -> 6.7709799e-06 | M27: =ROUNDDOWN(L27*E6,0) -> 1 | N27: 180005 | O27: =N27/K27 -> 4000.1111 | P27: =M27*O27 -> 4000.1111
B28: https://www.ic3.gov/Media/PDF/AnnualReport/2016State/StateReport.aspx#?s=47 | C28: Overpayment | D28: State Victim Count | F28: =E28/E5 -> 0 | G28: =ROUNDDOWN(F28*E6,0) -> 0 | H28: NO MATCH | I28: =H28/E28 -> #VALUE! | J28: =I28*G28 -> #VALUE! | L28: =K28/E5 -> 0 | M28: =ROUNDDOWN(L28*E6,0) -> 0 | O28: =N28/K28 -> #DIV/0! | P28: =M28*O28 -> #DIV/0!
B29: https://www.ic3.gov/Media/PDF/AnnualReport/2016State/StateReport.aspx#?s=47 | C29: Personal Data Breach | D29: State Victim Count | E29: 429 | F29: =E29/E5 -> 6.4550008e-05 | G29: =ROUNDDOWN(F29*E6,0) -> 11 | H29: 938982 | I29: =H29/E29 -> 2188.7692 | J29: =I29*G29 -> 24076.462 | K29: 282 | L29: =K29/E5 -> 4.2431474e-05 | M29: =ROUNDDOWN(L29*E6,0) -> 7 | N29: 97512 | O29: =N29/K29 -> 345.78723 | P29: =M29*O29 -> 2420.5106
B30: https://www.ic3.gov/Media/PDF/AnnualReport/2016State/StateReport.aspx#?s=47 | C30: Phishing | D30: State Victim Count | E30: 298 | F30: =E30/E5 -> 4.4838933e-05 | G30: =ROUNDDOWN(F30*E6,0) -> 7 | H30: 267275 | I30: =H30/E30 -> 896.89597 | J30: =I30*G30 -> 6278.2718 | K30: 36 | L30: =K30/E5 -> 5.4167839e-06 | M30: =ROUNDDOWN(L30*E6,0) -> 0 | N30: 9790 | O30: =N30/K30 -> 271.94444 | P30: =M30*O30 -> 0
B31: https://www.ic3.gov/Media/PDF/AnnualReport/2016State/StateReport.aspx#?s=47 | C31: Ransomware | D31: State Victim Count | E31: 49 | F31: =E31/E5 -> 7.3728448e-06 | G31: =ROUNDDOWN(F31*E6,0) -> 1 | H31: 10106 | I31: =H31/E31 -> 206.2449 | J31: =I31*G31 -> 206.2449 | K31: 3 | L31: =K31/E5 -> 4.5139866e-07 | M31: =ROUNDDOWN(L31*E6,0) -> 0 | N31: 0 | O31: =N31/K31 -> 0 | P31: =M31*O31 -> 0
B32: https://www.ic3.gov/Media/PDF/AnnualReport/2016State/StateReport.aspx#?s=47 | C32: Real Estate | D32: State Victim Count | E32: 165 | F32: =E32/E5 -> 2.4826926e-05 | G32: =ROUNDDOWN(F32*E6,0) -> 4 | H32: 528855 | I32: =H32/E32 -> 3205.1818 | J32: =I32*G32 -> 12820.727 | K32: 78 | L32: =K32/E5 -> 1.1736365e-05 | M32: =ROUNDDOWN(L32*E6,0) -> 2 | N32: 459938 | O32: =N32/K32 -> 5896.641 | P32: =M32*O32 -> 11793.282
B33: https://www.ic3.gov/Media/PDF/AnnualReport/2016State/StateReport.aspx#?s=47 | C33: SIM Swap | D33: State Victim Count | F33: =E33/E5 -> 0 | G33: =ROUNDDOWN(F33*E6,0) -> 0 | H33: NO MATCH | I33: =H33/E33 -> #VALUE! | J33: =I33*G33 -> #VALUE! | L33: =K33/E5 -> 0 | M33: =ROUNDDOWN(L33*E6,0) -> 0 | O33: =N33/K33 -> #DIV/0! | P33: =M33*O33 -> #DIV/0!
B34: https://www.ic3.gov/Media/PDF/AnnualReport/2016State/StateReport.aspx#?s=47 | C34: Spoofing | D34: State Victim Count | F34: =E34/E5 -> 0 | G34: =ROUNDDOWN(F34*E6,0) -> 0 | H34: NO MATCH | I34: =H34/E34 -> #VALUE! | J34: =I34*G34 -> #VALUE! | K34: 11 | L34: =K34/E5 -> 1.6551284e-06 | M34: =ROUNDDOWN(L34*E6,0) -> 0 | O34: =N34/K34 -> 0 | P34: =M34*O34 -> 0
B35: https://www.ic3.gov/Media/PDF/AnnualReport/2016State/StateReport.aspx#?s=47 | C35: Tech Support | D35: State Victim Count | E35: 185 | F35: =E35/E5 -> 2.7836251e-05 | G35: =ROUNDDOWN(F35*E6,0) -> 4 | H35: 131727 | I35: =H35/E35 -> 712.03784 | J35: =I35*G35 -> 2848.1514 | L35: =K35/E5 -> 0 | M35: =ROUNDDOWN(L35*E6,0) -> 0 | N35: 2750 | O35: =N35/K35 -> #DIV/0! | P35: =M35*O35 -> #DIV/0!
B36: https://www.ic3.gov/Media/PDF/AnnualReport/2016State/StateReport.aspx#?s=47 | C36: Threats of Violence | D36: State Victim Count | E36: 276 | F36: =E36/E5 -> 4.1528677e-05 | G36: =ROUNDDOWN(F36*E6,0) -> 7 | H36: 227858 | I36: =H36/E36 -> 825.57246 | J36: =I36*G36 -> 5779.0072 | K36: 283 | L36: =K36/E5 -> 4.258194e-05 | M36: =ROUNDDOWN(L36*E6,0) -> 7 | N36: 57874 | O36: =N36/K36 -> 204.50177 | P36: =M36*O36 -> 1431.5124
J37: =I37*G37 -> 0
E38: =SUM(E7:E36) -> 5130 | G38: =SUM(G8:G36) -> 118 | I38: =H38/E38 -> 0 | J38: =I38*G38 -> 0
C39: Malware + Virus
C40: Harassment, Stalking, Threats of Violence and Terrorism all combined

Sheet 2017_IC3 State to City
B4: REF URL | C4: Decription | D4: Unit | E4: Value | F4: Value/State Population | G4: Estimated In-City Victims, 2022, As if IC3 Victim Complaint | H4: State Victim Loss | I4: Even Loss per State Victim Count | J4: Projected In-City Victim Loss | K4: State Subject (Perpetrator) Count | L4: Subject (Perpetrator) to State Population | M4: Estimated Subject to City Population | N4: State Subject Losses (Perpetrator gained X dollars) | O4: Even Loss per State Subject | P4: Estimated In-City Subject Losses (Perpetrator Take from Victim)
B5: https://www.census.gov/quickfacts/fact/table/TN/PST045222 | C5: TN Population in 2017 | D5: Population Estimate | E5: 6708799 | F5: Raw Value | G5: (Victim Count/State Population ) * City Population | J5: Estimated In-City Victims * Even Loss per State Victim | P5: Subject to City * Even Loss per State Subject
B6: https://www.census.gov/quickfacts/chattanoogacitytennessee | C6: Chattanooga Population in 2017 | D6: Population Estimate | E6: 179530
B7: https://www.ic3.gov/Media/PDF/AnnualReport/2017State/StateReport.aspx#?s=47 | C7: Advanced Fee | D7: State Victim Count | E7: 264 | F7: =E7/E5 -> 3.9351306e-05 | G7: =ROUNDDOWN(F7*E6,0) -> 7 | H7: 591748 | I7: =H7/E7 -> 2241.4697 | J7: =I7*G7 -> 15690.288 | K7: 70 | L7: =K7/E5 -> 1.0434058e-05 | M7: =ROUNDDOWN(L7*E6,0) -> 1 | N7: 222720 | O7: =N7/K7 -> 3181.7143 | P7: =M7*O7 -> 3181.7143
B8: https://www.ic3.gov/Media/PDF/AnnualReport/2017State/StateReport.aspx#?s=47 | C8: Business Email Compromise | D8: State Victim Count | E8: 184 | F8: =E8/E5 -> 2.7426668e-05 | G8: =ROUNDDOWN(F8*E6,0) -> 4 | H8: 4251983 | I8: =H8/E8 -> 23108.603 | J8: =I8*G8 -> 92434.413 | K8: 44 | L8: =K8/E5 -> 6.5585509e-06 | M8: =ROUNDDOWN(L8*E6,0) -> 1 | N8: 577018 | O8: =N8/K8 -> 13114.045 | P8: =M8*O8 -> 13114.045
B9: https://www.ic3.gov/Media/PDF/AnnualReport/2017State/StateReport.aspx#?s=47 | C9: Botnet | D9: State Victim Count | F9: =E9/E5 -> 0 | G9: =ROUNDDOWN(F9*E6,0) -> 0 | I9: =H9/E9 -> #DIV/0! | J9: =I9*G9 -> #DIV/0! | L9: =K9/E5 -> 0 | M9: =ROUNDDOWN(L9*E6,0) -> 0 | O9: =N9/K9 -> #DIV/0! | P9: =M9*O9 -> #DIV/0!
B10: https://www.ic3.gov/Media/PDF/AnnualReport/2017State/StateReport.aspx#?s=47 | C10: Confidence/Romance | D10: State Victim Count | E10: 260 | F10: =E10/E5 -> 3.8755074e-05 | G10: =ROUNDDOWN(F10*E6,0) -> 6 | H10: 2450680 | I10: =H10/E10 -> 9425.6923 | J10: =I10*G10 -> 56554.154 | K10: 88 | L10: =K10/E5 -> 1.3117102e-05 | M10: =ROUNDDOWN(L10*E6,0) -> 2 | N10: 682875 | O10: =N10/K10 -> 7759.9432 | P10: =M10*O10 -> 15519.886
B11: https://www.ic3.gov/Media/PDF/AnnualReport/2017State/StateReport.aspx#?s=47 | C11: Check Fraud | D11: State Victim Count | F11: =E11/E5 -> 0 | G11: =ROUNDDOWN(F11*E6,0) -> 0 | I11: =H11/E11 -> #DIV/0! | J11: =I11*G11 -> #DIV/0! | L11: =K11/E5 -> 0 | M11: =ROUNDDOWN(L11*E6,0) -> 0 | O11: =N11/K11 -> #DIV/0! | P11: =M11*O11 -> #DIV/0!
B12: https://www.ic3.gov/Media/PDF/AnnualReport/2017State/StateReport.aspx#?s=47 | C12: Crimes Against Children | D12: State Victim Count | E12: 19 | F12: =E12/E5 -> 2.8321015e-06 | G12: =ROUNDDOWN(F12*E6,0) -> 0 | H12: 0 | I12: =H12/E12 -> 0 | J12: =I12*G12 -> 0 | K12: 3 | L12: =K12/E5 -> 4.4717393e-07 | M12: =ROUNDDOWN(L12*E6,0) -> 0 | N12: 0 | O12: =N12/K12 -> 0 | P12: =M12*O12 -> 0
B13: https://www.ic3.gov/Media/PDF/AnnualReport/2017State/StateReport.aspx#?s=47 | C13: Data Breach | D13: State Victim Count | E13: 53 | F13: =E13/E5 -> 7.9000727e-06 | G13: =ROUNDDOWN(F13*E6,0) -> 1 | H13: 967932 | I13: =H13/E13 -> 18262.868 | J13: =I13*G13 -> 18262.868 | K13: 6 | L13: =K13/E5 -> 8.9434786e-07 | M13: =ROUNDDOWN(L13*E6,0) -> 0 | N13: 0 | O13: =N13/K13 -> 0 | P13: =M13*O13 -> 0
B14: https://www.ic3.gov/Media/PDF/AnnualReport/2017State/StateReport.aspx#?s=47 | C14: Employment | D14: State Victim Count | E14: 257 | F14: =E14/E5 -> 3.83079e-05 | G14: =ROUNDDOWN(F14*E6,0) -> 6 | H14: 346353 | I14: =H14/E14 -> 1347.677 | J14: =I14*G14 -> 8086.0623 | K14: 76 | L14: =K14/E5 -> 1.1328406e-05 | M14: =ROUNDDOWN(L14*E6,0) -> 2 | N14: 49381 | O14: =N14/K14 -> 649.75 | P14: =M14*O14 -> 1299.5
B15: https://www.ic3.gov/Media/PDF/AnnualReport/2017State/StateReport.aspx#?s=47 | C15: Extortion | D15: State Victim Count | E15: 290 | F15: =E15/E5 -> 4.3226813e-05 | G15: =ROUNDDOWN(F15*E6,0) -> 7 | H15: 171336 | I15: =H15/E15 -> 590.81379 | J15: =I15*G15 -> 4135.6966 | K15: 32 | L15: =K15/E5 -> 4.7698552e-06 | M15: =ROUNDDOWN(L15*E6,0) -> 0 | N15: 10895 | O15: =N15/K15 -> 340.46875 | P15: =M15*O15 -> 0
B16: https://www.ic3.gov/Media/PDF/AnnualReport/2017State/StateReport.aspx#?s=47 | C16: Government Impersonation | D16: State Victim Count | E16: 174 | F16: =E16/E5 -> 2.5936088e-05 | G16: =ROUNDDOWN(F16*E6,0) -> 4 | H16: 118043 | I16: =H16/E16 -> 678.40805 | J16: =I16*G16 -> 2713.6322 | K16: 11 | L16: =K16/E5 -> 1.6396377e-06 | M16: =ROUNDDOWN(L16*E6,0) -> 0 | N16: 17516 | O16: =N16/K16 -> 1592.3636 | P16: =M16*O16 -> 0
B17: https://www.ic3.gov/Media/PDF/AnnualReport/2017State/StateReport.aspx#?s=47 | C17: Harassing/Stalking | D17: State Victim Count | F17: =E17/E5 -> 0 | G17: =ROUNDDOWN(F17*E6,0) -> 0 | I17: =H17/E17 -> #DIV/0! | J17: =I17*G17 -> #DIV/0! | L17: =K17/E5 -> 0 | M17: =ROUNDDOWN(L17*E6,0) -> 0 | O17: =N17/K17 -> #DIV/0! | P17: =M17*O17 -> #DIV/0!
B18: https://www.ic3.gov/Media/PDF/AnnualReport/2017State/StateReport.aspx#?s=47 | C18: IPR/Counterfeit | D18: State Victim Count | E18: 38 | F18: =E18/E5 -> 5.6642031e-06 | G18: =ROUNDDOWN(F18*E6,0) -> 1 | H18: 34455 | I18: =H18/E18 -> 906.71053 | J18: =I18*G18 -> 906.71053 | K18: 12 | L18: =K18/E5 -> 1.7886957e-06 | M18: =ROUNDDOWN(L18*E6,0) -> 0 | N18: 8398 | O18: =N18/K18 -> 699.83333 | P18: =M18*O18 -> 0
B19: https://www.ic3.gov/Media/PDF/AnnualReport/2017State/StateReport.aspx#?s=47 | C19: Identity Theft | D19: State Victim Count | E19: 332 | F19: =E19/E5 -> 4.9487248e-05 | G19: =ROUNDDOWN(F19*E6,0) -> 8 | H19: 1241184 | I19: =H19/E19 -> 3738.506 | J19: =I19*G19 -> 29908.048 | K19: 98 | L19: =K19/E5 -> 1.4607682e-05 | M19: =ROUNDDOWN(L19*E6,0) -> 2 | N19: 677427 | O19: =N19/K19 -> 6912.5204 | P19: =M19*O19 -> 13825.041
B20: https://www.ic3.gov/Media/PDF/AnnualReport/2017State/StateReport.aspx#?s=47 | C20: Investment | D20: State Victim Count | E20: 34 | F20: =E20/E5 -> 5.0679712e-06 | G20: =ROUNDDOWN(F20*E6,0) -> 0 | H20: 260468 | I20: =H20/E20 -> 7660.8235 | J20: =I20*G20 -> 0 | K20: 16 | L20: =K20/E5 -> 2.3849276e-06 | M20: =ROUNDDOWN(L20*E6,0) -> 0 | N20: 143560 | O20: =N20/K20 -> 8972.5 | P20: =M20*O20 -> 0
B21: https://www.ic3.gov/Media/PDF/AnnualReport/2017State/StateReport.aspx#?s=47 | C21: Lottery/Sweepstakes/Inheritance | D21: State Victim Count | E21: 77 | F21: =E21/E5 -> 1.1477464e-05 | G21: =ROUNDDOWN(F21*E6,0) -> 2 | H21: 121151 | I21: =H21/E21 -> 1573.3896 | J21: =I21*G21 -> 3146.7792 | K21: 21 | L21: =K21/E5 -> 3.1302175e-06 | M21: =ROUNDDOWN(L21*E6,0) -> 0 | N21: 83881 | O21: =N21/K21 -> 3994.3333 | P21: =M21*O21 -> 0
B22: https://www.ic3.gov/Media/PDF/AnnualReport/2017State/StateReport.aspx#?s=47 | C22: Malware | D22: State Victim Count | E22: 43 | F22: =E22/E5 -> 6.409493e-06 | G22: =ROUNDDOWN(F22*E6,0) -> 1 | H22: 13325 | I22: =H22/E22 -> 309.88372 | J22: =I22*G22 -> 309.88372 | K22: 5 | L22: =K22/E5 -> 7.4528988e-07 | M22: =ROUNDDOWN(L22*E6,0) -> 0 | N22: 1033 | O22: =N22/K22 -> 206.6 | P22: =M22*O22 -> 0
B23: https://www.ic3.gov/Media/PDF/AnnualReport/2017State/StateReport.aspx#?s=47 | C23: NCDF | D23: State Victim Count | F23: =E23/E5 -> 0 | G23: =ROUNDDOWN(F23*E6,0) -> 0 | I23: =H23/E23 -> #DIV/0! | J23: =I23*G23 -> #DIV/0! | L23: =K23/E5 -> 0 | M23: =ROUNDDOWN(L23*E6,0) -> 0 | O23: =N23/K23 -> #DIV/0! | P23: =M23*O23 -> #DIV/0!
B24: https://www.ic3.gov/Media/PDF/AnnualReport/2017State/StateReport.aspx#?s=47 | C24: NTOC | D24: State Victim Count | F24: =E24/E5 -> 0 | G24: =ROUNDDOWN(F24*E6,0) -> 0 | I24: =H24/E24 -> #DIV/0! | J24: =I24*G24 -> #DIV/0! | L24: =K24/E5 -> 0 | M24: =ROUNDDOWN(L24*E6,0) -> 0 | O24: =N24/K24 -> #DIV/0! | P24: =M24*O24 -> #DIV/0!
B25: https://www.ic3.gov/Media/PDF/AnnualReport/2017State/StateReport.aspx#?s=47 | C25: No Lead Value | D25: State Victim Count | E25: 155 | F25: =E25/E5 -> 2.3103986e-05 | G25: =ROUNDDOWN(F25*E6,0) -> 4 | H25: 0 | I25: =H25/E25 -> 0 | J25: =I25*G25 -> 0 | K25: 157 | L25: =K25/E5 -> 2.3402102e-05 | M25: =ROUNDDOWN(L25*E6,0) -> 4 | N25: 0 | O25: =N25/K25 -> 0 | P25: =M25*O25 -> 0
B26: https://www.ic3.gov/Media/PDF/AnnualReport/2017State/StateReport.aspx#?s=47 | C26: Non-Payable/Non-Delivery | D26: State Victim Count | E26: 1547 | F26: =E26/E5 -> 0.00023059269 | G26: =ROUNDDOWN(F26*E6,0) -> 41 | H26: 2217462 | I26: =H26/E26 -> 1433.395 | J26: =I26*G26 -> 58769.193 | K26: 480 | L26: =K26/E5 -> 7.1547828e-05 | M26: =ROUNDDOWN(L26*E6,0) -> 12 | N26: 906871 | O26: =N26/K26 -> 1889.3146 | P26: =M26*O26 -> 22671.775
B27: https://www.ic3.gov/Media/PDF/AnnualReport/2017State/StateReport.aspx#?s=47 | C27: Other | D27: State Victim Count | E27: 207 | F27: =E27/E5 -> 3.0855001e-05 | G27: =ROUNDDOWN(F27*E6,0) -> 5 | H27: 297647 | I27: =H27/E27 -> 1437.9082 | J27: =I27*G27 -> 7189.5411 | K27: 68 | L27: =K27/E5 -> 1.0135942e-05 | M27: =ROUNDDOWN(L27*E6,0) -> 1 | N27: 6964 | O27: =N27/K27 -> 102.41176 | P27: =M27*O27 -> 102.41176
B28: https://www.ic3.gov/Media/PDF/AnnualReport/2017State/StateReport.aspx#?s=47 | C28: Overpayment | D28: State Victim Count | E28: 321 | F28: =E28/E5 -> 4.784761e-05 | G28: =ROUNDDOWN(F28*E6,0) -> 8 | H28: 702742 | I28: =H28/E28 -> 2189.2274 | J28: =I28*G28 -> 17513.819 | K28: 86 | L28: =K28/E5 -> 1.2818986e-05 | M28: =ROUNDDOWN(L28*E6,0) -> 2 | N28: 92394 | O28: =N28/K28 -> 1074.3488 | P28: =M28*O28 -> 2148.6977
B29: https://www.ic3.gov/Media/PDF/AnnualReport/2017State/StateReport.aspx#?s=47 | C29: Personal Data Breach | D29: State Victim Count | E29: 490 | F29: =E29/E5 -> 7.3038408e-05 | G29: =ROUNDDOWN(F29*E6,0) -> 13 | H29: 461249 | I29: =H29/E29 -> 941.32449 | J29: =I29*G29 -> 12237.218 | K29: 132 | L29: =K29/E5 -> 1.9675653e-05 | M29: =ROUNDDOWN(L29*E6,0) -> 3 | N29: 180877 | O29: =N29/K29 -> 1370.2803 | P29: =M29*O29 -> 4110.8409
B30: https://www.ic3.gov/Media/PDF/AnnualReport/2017State/StateReport.aspx#?s=47 | C30: Phishing | D30: State Victim Count | E30: 347 | F30: =E30/E5 -> 5.1723118e-05 | G30: =ROUNDDOWN(F30*E6,0) -> 9 | H30: 133594 | I30: =H30/E30 -> 384.99712 | J30: =I30*G30 -> 3464.9741 | K30: 57 | L30: =K30/E5 -> 8.4963046e-06 | M30: =ROUNDDOWN(L30*E6,0) -> 1 | N30: 18601 | O30: =N30/K30 -> 326.33333 | P30: =M30*O30 -> 326.33333
B31: https://www.ic3.gov/Media/PDF/AnnualReport/2017State/StateReport.aspx#?s=47 | C31: Ransomware | D31: State Victim Count | E31: 33 | F31: =E31/E5 -> 4.9189132e-06 | G31: =ROUNDDOWN(F31*E6,0) -> 0 | H31: 95411 | I31: =H31/E31 -> 2891.2424 | J31: =I31*G31 -> 0 | K31: 2 | L31: =K31/E5 -> 2.9811595e-07 | M31: =ROUNDDOWN(L31*E6,0) -> 0 | N31: 50000 | O31: =N31/K31 -> 25000 | P31: =M31*O31 -> 0
B32: https://www.ic3.gov/Media/PDF/AnnualReport/2017State/StateReport.aspx#?s=47 | C32: Real Estate | D32: State Victim Count | E32: 148 | F32: =E32/E5 -> 2.206058e-05 | G32: =ROUNDDOWN(F32*E6,0) -> 3 | H32: 262428 | I32: =H32/E32 -> 1773.1622 | J32: =I32*G32 -> 5319.4865 | K32: 78 | L32: =K32/E5 -> 1.1626522e-05 | M32: =ROUNDDOWN(L32*E6,0) -> 2 | N32: 454840 | O32: =N32/K32 -> 5831.2821 | P32: =M32*O32 -> 11662.564
B33: https://www.ic3.gov/Media/PDF/AnnualReport/2017State/StateReport.aspx#?s=47 | C33: SIM Swap | D33: State Victim Count | F33: =E33/E5 -> 0 | G33: =ROUNDDOWN(F33*E6,0) -> 0 | I33: =H33/E33 -> #DIV/0! | J33: =I33*G33 -> #DIV/0! | L33: =K33/E5 -> 0 | M33: =ROUNDDOWN(L33*E6,0) -> 0 | O33: =N33/K33 -> #DIV/0! | P33: =M33*O33 -> #DIV/0!
B34: https://www.ic3.gov/Media/PDF/AnnualReport/2017State/StateReport.aspx#?s=47 | C34: Spoofing | D34: State Victim Count | E34: 0 | F34: =E34/E5 -> 0 | G34: =ROUNDDOWN(F34*E6,0) -> 0 | H34: 0 | I34: =H34/E34 -> #DIV/0! | J34: =I34*G34 -> #DIV/0! | K34: 0 | L34: =K34/E5 -> 0 | M34: =ROUNDDOWN(L34*E6,0) -> 0 | N34: 0 | O34: =N34/K34 -> #DIV/0! | P34: =M34*O34 -> #DIV/0!
B35: https://www.ic3.gov/Media/PDF/AnnualReport/2017State/StateReport.aspx#?s=47 | C35: Tech Support | D35: State Victim Count | E35: 190 | F35: =E35/E5 -> 2.8321015e-05 | G35: =ROUNDDOWN(F35*E6,0) -> 5 | H35: 168911 | I35: =H35/E35 -> 889.00526 | J35: =I35*G35 -> 4445.0263 | K35: 14 | L35: =K35/E5 -> 2.0868117e-06 | M35: =ROUNDDOWN(L35*E6,0) -> 0 | N35: 8331 | O35: =N35/K35 -> 595.07143 | P35: =M35*O35 -> 0
B36: https://www.ic3.gov/Media/PDF/AnnualReport/2017State/StateReport.aspx#?s=47 | C36: Threats of Violence | D36: State Victim Count | E36: 230 | F36: =E36/E5 -> 3.4283334e-05 | G36: =ROUNDDOWN(F36*E6,0) -> 6 | H36: 96901 | I36: =H36/E36 -> 421.3087 | J36: =I36*G36 -> 2527.8522 | K36: 112 | L36: =K36/E5 -> 1.6694493e-05 | M36: =ROUNDDOWN(L36*E6,0) -> 2 | N36: 98776 | O36: =N36/K36 -> 881.92857 | P36: =M36*O36 -> 1763.8571
J37: =I37*G37 -> 0
E38: =SUM(E7:E36) -> 5693 | G38: =SUM(G8:G36) -> 134 | I38: =H38/E38 -> 0 | J38: =I38*G38 -> 0
C40: Harassment, Stalking, Threats of Violence and Terrorism all combined
C41: Had 2 Terrorism this year

Sheet 2018_IC3 State to City
B4: REF URL | C4: Decription | D4: Unit | E4: Value | F4: Value/State Population | G4: Estimated In-City Victims, 2022, As if IC3 Victim Complaint | H4: State Victim Loss | I4: Even Loss per State Victim Count | J4: Projected In-City Victim Loss | K4: State Subject (Perpetrator) Count | L4: Subject (Perpetrator) to State Population | M4: Estimated Subject to City Population | N4: State Subject Losses (Perpetrator gained X dollars) | O4: Even Loss per State Subject | P4: Estimated In-City Subject Losses (Perpetrator Take from Victim)
B5: https://www.census.gov/quickfacts/fact/table/TN/PST045222 | C5: TN Population in 2018 | D5: Population Estimate | E5: 6771631 | F5: Raw Value | G5: (Victim Count/State Population ) * City Population | J5: Estimated In-City Victims * Even Loss per State Victim | P5: Subject to City * Even Loss per State Subject
B6: https://www.census.gov/quickfacts/chattanoogacitytennessee | C6: Chattanooga Population in 2018 | D6: Population Estimate | E6: 181918
B7: https://www.ic3.gov/Media/PDF/AnnualReport/2018State/StateReport.aspx#?s=47 | C7: Advanced Fee | D7: State Victim Count | E7: 275 | F7: =E7/E5 -> 4.06106e-05 | G7: =ROUNDDOWN(F7*E6,0) -> 7 | H7: 713685 | I7: =H7/E7 -> 2595.2182 | J7: =I7*G7 -> 18166.527 | K7: 66 | L7: =K7/E5 -> 9.7465441e-06 | M7: =ROUNDDOWN(L7*E6,0) -> 1 | N7: 516623 | O7: =N7/K7 -> 7827.6212 | P7: =M7*O7 -> 7827.6212
B8: https://www.ic3.gov/Media/PDF/AnnualReport/2018State/StateReport.aspx#?s=47 | C8: Business Email Compromise | D8: State Victim Count | E8: 297 | F8: =E8/E5 -> 4.3859448e-05 | G8: =ROUNDDOWN(F8*E6,0) -> 7 | H8: 16072195 | I8: =H8/E8 -> 54115.135 | J8: =I8*G8 -> 378805.94 | K8: 59 | L8: =K8/E5 -> 8.7128197e-06 | M8: =ROUNDDOWN(L8*E6,0) -> 1 | N8: 3628283 | O8: =N8/K8 -> 61496.322 | P8: =M8*O8 -> 61496.322
B9: https://www.ic3.gov/Media/PDF/AnnualReport/2018State/StateReport.aspx#?s=47 | C9: Botnet | D9: State Victim Count | F9: =E9/E5 -> 0 | G9: =ROUNDDOWN(F9*E6,0) -> 0 | I9: =H9/E9 -> #DIV/0! | J9: =I9*G9 -> #DIV/0! | L9: =K9/E5 -> 0 | M9: =ROUNDDOWN(L9*E6,0) -> 0 | O9: =N9/K9 -> #DIV/0! | P9: =M9*O9 -> #DIV/0!
B10: https://www.ic3.gov/Media/PDF/AnnualReport/2018State/StateReport.aspx#?s=47 | C10: Confidence/Romance | D10: State Victim Count | E10: 268 | F10: =E10/E5 -> 3.9576876e-05 | G10: =ROUNDDOWN(F10*E6,0) -> 7 | H10: 5101478 | I10: =H10/E10 -> 19035.366 | J10: =I10*G10 -> 133247.56 | K10: 112 | L10: =K10/E5 -> 1.653959e-05 | M10: =ROUNDDOWN(L10*E6,0) -> 3 | N10: 2307165 | O10: =N10/K10 -> 20599.688 | P10: =M10*O10 -> 61799.062
B11: https://www.ic3.gov/Media/PDF/AnnualReport/2018State/StateReport.aspx#?s=47 | C11: Check Fraud | D11: State Victim Count | F11: =E11/E5 -> 0 | G11: =ROUNDDOWN(F11*E6,0) -> 0 | I11: =H11/E11 -> #DIV/0! | J11: =I11*G11 -> #DIV/0! | L11: =K11/E5 -> 0 | M11: =ROUNDDOWN(L11*E6,0) -> 0 | O11: =N11/K11 -> #DIV/0! | P11: =M11*O11 -> #DIV/0!
B12: https://www.ic3.gov/Media/PDF/AnnualReport/2018State/StateReport.aspx#?s=47 | C12: Crimes Against Children | D12: State Victim Count | E12: 28 | F12: =E12/E5 -> 4.1348975e-06 | G12: =ROUNDDOWN(F12*E6,0) -> 0 | H12: 0 | I12: =H12/E12 -> 0 | J12: =I12*G12 -> 0 | K12: 8 | L12: =K12/E5 -> 1.1813993e-06 | M12: =ROUNDDOWN(L12*E6,0) -> 0 | N12: 0 | O12: =N12/K12 -> 0 | P12: =M12*O12 -> 0
B13: https://www.ic3.gov/Media/PDF/AnnualReport/2018State/StateReport.aspx#?s=47 | C13: Data Breach | D13: State Victim Count | E13: 28 | F13: =E13/E5 -> 4.1348975e-06 | G13: =ROUNDDOWN(F13*E6,0) -> 0 | H13: 476146 | I13: =H13/E13 -> 17005.214 | J13: =I13*G13 -> 0 | K13: 5 | L13: =K13/E5 -> 7.3837455e-07 | M13: =ROUNDDOWN(L13*E6,0) -> 0 | N13: 126300 | O13: =N13/K13 -> 25260 | P13: =M13*O13 -> 0
B14: https://www.ic3.gov/Media/PDF/AnnualReport/2018State/StateReport.aspx#?s=47 | C14: Employment | D14: State Victim Count | E14: 258 | F14: =E14/E5 -> 3.8100127e-05 | G14: =ROUNDDOWN(F14*E6,0) -> 6 | H14: 268247 | I14: =H14/E14 -> 1039.7171 | J14: =I14*G14 -> 6238.3023 | K14: 85 | L14: =K14/E5 -> 1.2552367e-05 | M14: =ROUNDDOWN(L14*E6,0) -> 2 | N14: 157215 | P14: =M14*O14 -> 0
B15: https://www.ic3.gov/Media/PDF/AnnualReport/2018State/StateReport.aspx#?s=47 | C15: Extortion | D15: State Victim Count | E15: 759 | F15: =E15/E5 -> 0.00011208526 | G15: =ROUNDDOWN(F15*E6,0) -> 20 | H15: 298202 | I15: =H15/E15 -> 392.88801 | J15: =I15*G15 -> 7857.7602 | K15: 105 | L15: =K15/E5 -> 1.5505866e-05 | M15: =ROUNDDOWN(L15*E6,0) -> 2 | N15: 258828 | P15: =M15*O15 -> 0
B16: https://www.ic3.gov/Media/PDF/AnnualReport/2018State/StateReport.aspx#?s=47 | C16: Government Impersonation | D16: State Victim Count | E16: 236 | F16: =E16/E5 -> 3.4851279e-05 | G16: =ROUNDDOWN(F16*E6,0) -> 6 | H16: 504683 | J16: =I16*G16 -> 0 | K16: 24 | L16: =K16/E5 -> 3.5441978e-06 | M16: =ROUNDDOWN(L16*E6,0) -> 0 | N16: 109665 | O16: =N16/K16 -> 4569.375 | P16: =M16*O16 -> 0
B17: https://www.ic3.gov/Media/PDF/AnnualReport/2018State/StateReport.aspx#?s=47 | C17: Harassing/Stalking | D17: State Victim Count | F17: =E17/E5 -> 0 | G17: =ROUNDDOWN(F17*E6,0) -> 0 | I17: =H17/E17 -> #DIV/0! | J17: =I17*G17 -> #DIV/0! | L17: =K17/E5 -> 0 | M17: =ROUNDDOWN(L17*E6,0) -> 0 | O17: =N17/K17 -> #DIV/0! | P17: =M17*O17 -> #DIV/0!
B18: https://www.ic3.gov/Media/PDF/AnnualReport/2018State/StateReport.aspx#?s=47 | C18: IPR/Counterfeit | D18: State Victim Count | E18: 25 | F18: =E18/E5 -> 3.6918728e-06 | G18: =ROUNDDOWN(F18*E6,0) -> 0 | H18: 62769 | I18: =H18/E18 -> 2510.76 | J18: =I18*G18 -> 0 | K18: 10 | L18: =K18/E5 -> 1.4767491e-06 | M18: =ROUNDDOWN(L18*E6,0) -> 0 | N18: 62431 | P18: =M18*O18 -> 0
B19: https://www.ic3.gov/Media/PDF/AnnualReport/2018State/StateReport.aspx#?s=47 | C19: Identity Theft | D19: State Victim Count | E19: 407 | F19: =E19/E5 -> 6.0103688e-05 | G19: =ROUNDDOWN(F19*E6,0) -> 10 | H19: 1271461 | I19: =H19/E19 -> 3123.9828 | J19: =I19*G19 -> 31239.828 | K19: 235 | L19: =K19/E5 -> 3.4703604e-05 | M19: =ROUNDDOWN(L19*E6,0) -> 6 | N19: 235577 | O19: =N19/K19 -> 1002.4553 | P19: =M19*O19 -> 6014.7319
B20: https://www.ic3.gov/Media/PDF/AnnualReport/2018State/StateReport.aspx#?s=47 | C20: Investment | D20: State Victim Count | E20: 17 | F20: =E20/E5 -> 2.5104735e-06 | G20: =ROUNDDOWN(F20*E6,0) -> 0 | H20: 1124651 | I20: =H20/E20 -> 66155.941 | J20: =I20*G20 -> 0 | K20: 9 | L20: =K20/E5 -> 1.3290742e-06 | M20: =ROUNDDOWN(L20*E6,0) -> 0 | N20: 1959171 | O20: =N20/K20 -> 217685.67 | P20: =M20*O20 -> 0
B21: https://www.ic3.gov/Media/PDF/AnnualReport/2018State/StateReport.aspx#?s=47 | C21: Lottery/Sweepstakes/Inheritance | D21: State Victim Count | E21: 117 | F21: =E21/E5 -> 1.7277964e-05 | G21: =ROUNDDOWN(F21*E6,0) -> 3 | H21: 35007 | I21: =H21/E21 -> 299.20513 | J21: =I21*G21 -> 897.61538 | K21: 20 | L21: =K21/E5 -> 2.9534982e-06 | M21: =ROUNDDOWN(L21*E6,0) -> 0 | N21: 185881 | O21: =N21/K21 -> 9294.05 | P21: =M21*O21 -> 0
B22: https://www.ic3.gov/Media/PDF/AnnualReport/2018State/StateReport.aspx#?s=47 | C22: Malware | D22: State Victim Count | E22: 23 | F22: =E22/E5 -> 3.3965229e-06 | G22: =ROUNDDOWN(F22*E6,0) -> 0 | H22: 150 | I22: =H22/E22 -> 6.5217391 | J22: =I22*G22 -> 0 | K22: 5 | L22: =K22/E5 -> 7.3837455e-07 | M22: =ROUNDDOWN(L22*E6,0) -> 0 | N22: 1758 | O22: =N22/K22 -> 351.6 | P22: =M22*O22 -> 0
B23: https://www.ic3.gov/Media/PDF/AnnualReport/2018State/StateReport.aspx#?s=47 | C23: NCDF | D23: State Victim Count | F23: =E23/E5 -> 0 | G23: =ROUNDDOWN(F23*E6,0) -> 0 | I23: =H23/E23 -> #DIV/0! | J23: =I23*G23 -> #DIV/0! | L23: =K23/E5 -> 0 | M23: =ROUNDDOWN(L23*E6,0) -> 0 | O23: =N23/K23 -> #DIV/0! | P23: =M23*O23 -> #DIV/0!
B24: https://www.ic3.gov/Media/PDF/AnnualReport/2018State/StateReport.aspx#?s=47 | C24: NTOC | D24: State Victim Count | F24: =E24/E5 -> 0 | G24: =ROUNDDOWN(F24*E6,0) -> 0 | I24: =H24/E24 -> #DIV/0! | J24: =I24*G24 -> #DIV/0! | L24: =K24/E5 -> 0 | M24: =ROUNDDOWN(L24*E6,0) -> 0 | O24: =N24/K24 -> #DIV/0! | P24: =M24*O24 -> #DIV/0!
B25: https://www.ic3.gov/Media/PDF/AnnualReport/2018State/StateReport.aspx#?s=47 | C25: No Lead Value | D25: State Victim Count | E25: 691 | F25: =E25/E5 -> 0.00010204336 | G25: =ROUNDDOWN(F25*E6,0) -> 18 | H25: 2000 | I25: =H25/E25 -> 2.894356 | J25: =I25*G25 -> 52.098408 | K25: 501 | L25: =K25/E5 -> 7.398513e-05 | M25: =ROUNDDOWN(L25*E6,0) -> 13 | N25: 0 | O25: =N25/K25 -> 0 | P25: =M25*O25 -> 0
B26: https://www.ic3.gov/Media/PDF/AnnualReport/2018State/StateReport.aspx#?s=47 | C26: Non-Payable/Non-Delivery | D26: State Victim Count | E26: 1020 | F26: =E26/E5 -> 0.00015062841 | G26: =ROUNDDOWN(F26*E6,0) -> 27 | H26: 2450142 | I26: =H26/E26 -> 2402.1 | J26: =I26*G26 -> 64856.7 | K26: 350 | L26: =K26/E5 -> 5.1686219e-05 | M26: =ROUNDDOWN(L26*E6,0) -> 9 | N26: 1352168 | O26: =N26/K26 -> 3863.3371 | P26: =M26*O26 -> 34770.034
B27: https://www.ic3.gov/Media/PDF/AnnualReport/2018State/StateReport.aspx#?s=47 | C27: Other | D27: State Victim Count | E27: 146 | F27: =E27/E5 -> 2.1560537e-05 | G27: =ROUNDDOWN(F27*E6,0) -> 3 | H27: 98342 | I27: =H27/E27 -> 673.57534 | J27: =I27*G27 -> 2020.726 | K27: 64 | L27: =K27/E5 -> 9.4511943e-06 | M27: =ROUNDDOWN(L27*E6,0) -> 1 | N27: 212276 | O27: =N27/K27 -> 3316.8125 | P27: =M27*O27 -> 3316.8125
B28: https://www.ic3.gov/Media/PDF/AnnualReport/2018State/StateReport.aspx#?s=47 | C28: Overpayment | D28: State Victim Count | E28: 228 | F28: =E28/E5 -> 3.366988e-05 | G28: =ROUNDDOWN(F28*E6,0) -> 6 | H28: 205197 | I28: =H28/E28 -> 899.98684 | J28: =I28*G28 -> 5399.9211 | K28: 91 | L28: =K28/E5 -> 1.3438417e-05 | M28: =ROUNDDOWN(L28*E6,0) -> 2 | N28: 164202 | O28: =N28/K28 -> 1804.4176 | P28: =M28*O28 -> 3608.8352
B29: https://www.ic3.gov/Media/PDF/AnnualReport/2018State/StateReport.aspx#?s=47 | C29: Personal Data Breach | D29: State Victim Count | E29: 697 | F29: =E29/E5 -> 0.00010292941 | G29: =ROUNDDOWN(F29*E6,0) -> 18 | H29: 1078377 | I29: =H29/E29 -> 1547.1693 | J29: =I29*G29 -> 27849.047 | K29: 187 | L29: =K29/E5 -> 2.7615208e-05 | M29: =ROUNDDOWN(L29*E6,0) -> 5 | N29: 534473 | O29: =N29/K29 -> 2858.1444 | P29: =M29*O29 -> 14290.722
B30: https://www.ic3.gov/Media/PDF/AnnualReport/2018State/StateReport.aspx#?s=47 | C30: Phishing | D30: State Victim Count | E30: 311 | F30: =E30/E5 -> 4.5926897e-05 | G30: =ROUNDDOWN(F30*E6,0) -> 8 | H30: 236437 | I30: =H30/E30 -> 760.24759 | J30: =I30*G30 -> 6081.9807 | K30: 52 | L30: =K30/E5 -> 7.6790953e-06 | M30: =ROUNDDOWN(L30*E6,0) -> 1 | N30: 256030 | O30: =N30/K30 -> 4923.6538 | P30: =M30*O30 -> 4923.6538
B31: https://www.ic3.gov/Media/PDF/AnnualReport/2018State/StateReport.aspx#?s=47 | C31: Ransomware | D31: State Victim Count | E31: 20 | F31: =E31/E5 -> 2.9534982e-06 | G31: =ROUNDDOWN(F31*E6,0) -> 0 | H31: 36722 | I31: =H31/E31 -> 1836.1 | J31: =I31*G31 -> 0 | K31: 1 | L31: =K31/E5 -> 1.4767491e-07 | M31: =ROUNDDOWN(L31*E6,0) -> 0 | N31: 0 | O31: =N31/K31 -> 0 | P31: =M31*O31 -> 0
B32: https://www.ic3.gov/Media/PDF/AnnualReport/2018State/StateReport.aspx#?s=47 | C32: Real Estate | D32: State Victim Count | E32: 154 | F32: =E32/E5 -> 2.2741936e-05 | G32: =ROUNDDOWN(F32*E6,0) -> 4 | H32: 1252773 | I32: =H32/E32 -> 8134.8896 | J32: =I32*G32 -> 32539.558 | K32: 94 | L32: =K32/E5 -> 1.3881442e-05 | M32: =ROUNDDOWN(L32*E6,0) -> 2 | N32: 730382 | O32: =N32/K32 -> 7770.0213 | P32: =M32*O32 -> 15540.043
B33: https://www.ic3.gov/Media/PDF/AnnualReport/2018State/StateReport.aspx#?s=47 | C33: SIM Swap | D33: State Victim Count | F33: =E33/E5 -> 0 | G33: =ROUNDDOWN(F33*E6,0) -> 0 | I33: =H33/E33 -> #DIV/0! | J33: =I33*G33 -> #DIV/0! | L33: =K33/E5 -> 0 | M33: =ROUNDDOWN(L33*E6,0) -> 0 | O33: =N33/K33 -> #DIV/0! | P33: =M33*O33 -> #DIV/0!
B34: https://www.ic3.gov/Media/PDF/AnnualReport/2018State/StateReport.aspx#?s=47 | C34: Spoofing | D34: State Victim Count | E34: 193 | F34: =E34/E5 -> 2.8501258e-05 | G34: =ROUNDDOWN(F34*E6,0) -> 5 | H34: 297281 | I34: =H34/E34 -> 1540.3161 | J34: =I34*G34 -> 7701.5803 | K34: 40 | L34: =K34/E5 -> 5.9069964e-06 | M34: =ROUNDDOWN(L34*E6,0) -> 1 | N34: 429686 | O34: =N34/K34 -> 10742.15 | P34: =M34*O34 -> 10742.15
B35: https://www.ic3.gov/Media/PDF/AnnualReport/2018State/StateReport.aspx#?s=47 | C35: Tech Support | D35: State Victim Count | E35: 245 | F35: =E35/E5 -> 3.6180353e-05 | G35: =ROUNDDOWN(F35*E6,0) -> 6 | H35: 405006 | I35: =H35/E35 -> 1653.0857 | J35: =I35*G35 -> 9918.5143 | K35: 28 | L35: =K35/E5 -> 4.1348975e-06 | M35: =ROUNDDOWN(L35*E6,0) -> 0 | N35: 214280 | O35: =N35/K35 -> 7652.8571 | P35: =M35*O35 -> 0
B36: https://www.ic3.gov/Media/PDF/AnnualReport/2018State/StateReport.aspx#?s=47 | C36: Threats of Violence | D36: State Victim Count | E36: 262 | F36: =E36/E5 -> 3.8690826e-05 | G36: =ROUNDDOWN(F36*E6,0) -> 7 | H36: 110608 | I36: =H36/E36 -> 422.16794 | J36: =I36*G36 -> 2955.1756 | K36: 125 | L36: =K36/E5 -> 1.8459364e-05 | M36: =ROUNDDOWN(L36*E6,0) -> 3 | N36: 91667 | O36: =N36/K36 -> 733.336 | P36: =M36*O36 -> 2200.008
J37: =I37*G37 -> 0
E38: =SUM(E7:E36) -> 6705 | G38: =SUM(G8:G36) -> 161 | I38: =H38/E38 -> 0 | J38: =I38*G38 -> 0
C39: Harassment/Stalking/Threats of Violence/Terrorism combined

Sheet 2019_IC3 State to City
B4: REF URL | C4: Decription | D4: Unit | E4: Value | F4: Value/State Population | G4: Estimated In-City Victims, 2022, As if IC3 Victim Complaint | H4: State Victim Loss | I4: Even Loss per State Victim Count | J4: Projected In-City Victim Loss | K4: State Subject (Perpetrator) Count | L4: Subject (Perpetrator) to State Population | M4: Estimated Subject to City Population | N4: State Subject Losses (Perpetrator gained X dollars) | O4: Even Loss per State Subject | P4: Estimated In-City Subject Losses (Perpetrator Take from Victim)
B5: https://www2.census.gov/programs-surveys/popest/tables/2010-2019/state/totals/nst-est2019-01.xlsx | C5: TN Population in 2019 | D5: Population Estimate | E5: 6829174 | F5: Raw Value | G5: (Victim Count/State Population ) * City Population | J5: Estimated In-City Victims * Even Loss per State Victim | P5: Subject to City * Even Loss per State Subject
B6: https://www2.census.gov/programs-surveys/popest/tables/2010-2019/cities/totals/SUB-IP-EST2019-ANNRES-47.xlsx | C6: Chattanooga Population in 2019 | D6: Population Estimate | E6: 182799
B7: https://www.ic3.gov/Media/PDF/AnnualReport/2019State/StateReport.aspx#?s=47 | C7: Advanced Fee | D7: State Victim Count | E7: 213 | F7: =E7/E5 -> 3.1189716e-05 | G7: =ROUNDDOWN(F7*E6,0) -> 5 | H7: 1071731 | I7: =H7/E7 -> 5031.6009 | J7: =I7*G7 -> 25158.005 | K7: 50 | L7: =K7/E5 -> 7.3215297e-06 | M7: =ROUNDDOWN(L7*E6,0) -> 1 | N7: 607608 | O7: =N7/K7 -> 12152.16 | P7: =M7*O7 -> 12152.16
B8: https://www.ic3.gov/Media/PDF/AnnualReport/2019State/StateReport.aspx#?s=47 | C8: Business Email Compromise | D8: State Victim Count | E8: 331 | F8: =E8/E5 -> 4.8468526e-05 | G8: =ROUNDDOWN(F8*E6,0) -> 8 | H8: 12938403 | I8: =H8/E8 -> 39088.831 | J8: =I8*G8 -> 312710.65 | K8: 60 | L8: =K8/E5 -> 8.7858356e-06 | M8: =ROUNDDOWN(L8*E6,0) -> 1 | N8: 7348472 | O8: =N8/K8 -> 122474.53 | P8: =M8*O8 -> 122474.53
B9: https://www.ic3.gov/Media/PDF/AnnualReport/2019State/StateReport.aspx#?s=47 | C9: Botnet | D9: State Victim Count | F9: =E9/E5 -> 0 | G9: =ROUNDDOWN(F9*E6,0) -> 0 | I9: =H9/E9 -> #DIV/0! | J9: =I9*G9 -> #DIV/0! | L9: =K9/E5 -> 0 | M9: =ROUNDDOWN(L9*E6,0) -> 0 | O9: =N9/K9 -> #DIV/0! | P9: =M9*O9 -> #DIV/0!
B10: https://www.ic3.gov/Media/PDF/AnnualReport/2019State/StateReport.aspx#?s=47 | C10: Confidence/Romance | D10: State Victim Count | E10: 293 | F10: =E10/E5 -> 4.2904164e-05 | G10: =ROUNDDOWN(F10*E6,0) -> 7 | H10: 4948521 | I10: =H10/E10 -> 16889.15 | J10: =I10*G10 -> 118224.05 | K10: 131 | L10: =K10/E5 -> 1.9182408e-05 | M10: =ROUNDDOWN(L10*E6,0) -> 3 | N10: 2571226 | O10: =N10/K10 -> 19627.679 | P10: =M10*O10 -> 58883.038
B11: https://www.ic3.gov/Media/PDF/AnnualReport/2019State/StateReport.aspx#?s=47 | C11: Check Fraud | D11: State Victim Count | F11: =E11/E5 -> 0 | G11: =ROUNDDOWN(F11*E6,0) -> 0 | I11: =H11/E11 -> #DIV/0! | J11: =I11*G11 -> #DIV/0! | L11: =K11/E5 -> 0 | M11: =ROUNDDOWN(L11*E6,0) -> 0 | O11: =N11/K11 -> #DIV/0! | P11: =M11*O11 -> #DIV/0!
B12: https://www.ic3.gov/Media/PDF/AnnualReport/2019State/StateReport.aspx#?s=47 | C12: Crimes Against Children | D12: State Victim Count | E12: 23 | F12: =E12/E5 -> 3.3679036e-06 | G12: =ROUNDDOWN(F12*E6,0) -> 0 | H12: 0 | I12: =H12/E12 -> 0 | J12: =I12*G12 -> 0 | K12: 5 | L12: =K12/E5 -> 7.3215297e-07 | M12: =ROUNDDOWN(L12*E6,0) -> 0 | N12: 0 | O12: =N12/K12 -> 0 | P12: =M12*O12 -> 0
B13: https://www.ic3.gov/Media/PDF/AnnualReport/2019State/StateReport.aspx#?s=47 | C13: Data Breach | D13: State Victim Count | E13: 21 | F13: =E13/E5 -> 3.0750425e-06 | G13: =ROUNDDOWN(F13*E6,0) -> 0 | H13: 2572 | I13: =H13/E13 -> 122.47619 | J13: =I13*G13 -> 0 | K13: 1 | L13: =K13/E5 -> 1.4643059e-07 | M13: =ROUNDDOWN(L13*E6,0) -> 0 | N13: 0 | O13: =N13/K13 -> 0 | P13: =M13*O13 -> 0
B14: https://www.ic3.gov/Media/PDF/AnnualReport/2019State/StateReport.aspx#?s=47 | C14: Employment | D14: State Victim Count | E14: 208 | F14: =E14/E5 -> 3.0457563e-05 | G14: =ROUNDDOWN(F14*E6,0) -> 5 | H14: 394010 | I14: =H14/E14 -> 1894.2788 | J14: =I14*G14 -> 9471.3942 | K14: 64 | L14: =K14/E5 -> 9.371558e-06 | M14: =ROUNDDOWN(L14*E6,0) -> 1 | N14: 208089 | O14: =N14/K14 -> 3251.3906 | P14: =M14*O14 -> 3251.3906
B15: https://www.ic3.gov/Media/PDF/AnnualReport/2019State/StateReport.aspx#?s=47 | C15: Extortion | D15: State Victim Count | E15: 725 | F15: =E15/E5 -> 0.00010616218 | G15: =ROUNDDOWN(F15*E6,0) -> 19 | H15: 629565 | J15: =I15*G15 -> 0 | K15: 93 | L15: =K15/E5 -> 1.3618045e-05 | M15: =ROUNDDOWN(L15*E6,0) -> 2 | N15: 87152 | O15: =N15/K15 -> 937.11828 | P15: =M15*O15 -> 1874.2366
B16: https://www.ic3.gov/Media/PDF/AnnualReport/2019State/StateReport.aspx#?s=47 | C16: Government Impersonation | D16: State Victim Count | E16: 227 | F16: =E16/E5 -> 3.3239745e-05 | G16: =ROUNDDOWN(F16*E6,0) -> 6 | H16: 555364 | I16: =H16/E16 -> 2446.5374 | J16: =I16*G16 -> 14679.225 | K16: 29 | L16: =K16/E5 -> 4.2464872e-06 | M16: =ROUNDDOWN(L16*E6,0) -> 0 | N16: 83100 | O16: =N16/K16 -> 2865.5172 | P16: =M16*O16 -> 0
B17: https://www.ic3.gov/Media/PDF/AnnualReport/2019State/StateReport.aspx#?s=47 | C17: Harassing/Stalking | D17: State Victim Count | F17: =E17/E5 -> 0 | G17: =ROUNDDOWN(F17*E6,0) -> 0 | I17: =H17/E17 -> #DIV/0! | J17: =I17*G17 -> #DIV/0! | L17: =K17/E5 -> 0 | M17: =ROUNDDOWN(L17*E6,0) -> 0 | O17: =N17/K17 -> #DIV/0! | P17: =M17*O17 -> #DIV/0!
B18: https://www.ic3.gov/Media/PDF/AnnualReport/2019State/StateReport.aspx#?s=47 | C18: IPR/Counterfeit | D18: State Victim Count | E18: 58 | F18: =E18/E5 -> 8.4929744e-06 | G18: =ROUNDDOWN(F18*E6,0) -> 1 | H18: 195407 | I18: =H18/E18 -> 3369.0862 | J18: =I18*G18 -> 3369.0862 | K18: 8 | L18: =K18/E5 -> 1.1714447e-06 | M18: =ROUNDDOWN(L18*E6,0) -> 0 | N18: 2925 | O18: =N18/K18 -> 365.625 | P18: =M18*O18 -> 0
B19: https://www.ic3.gov/Media/PDF/AnnualReport/2019State/StateReport.aspx#?s=47 | C19: Identity Theft | D19: State Victim Count | E19: 289 | F19: =E19/E5 -> 4.2318441e-05 | G19: =ROUNDDOWN(F19*E6,0) -> 7 | H19: 896835 | I19: =H19/E19 -> 3103.2353 | J19: =I19*G19 -> 21722.647 | K19: 91 | L19: =K19/E5 -> 1.3325184e-05 | M19: =ROUNDDOWN(L19*E6,0) -> 2 | N19: 392223 | O19: =N19/K19 -> 4310.1429 | P19: =M19*O19 -> 8620.2857
B20: https://www.ic3.gov/Media/PDF/AnnualReport/2019State/StateReport.aspx#?s=47 | C20: Investment | D20: State Victim Count | E20: 35 | F20: =E20/E5 -> 5.1250708e-06 | G20: =ROUNDDOWN(F20*E6,0) -> 0 | H20: 7667267 | I20: =H20/E20 -> 219064.77 | J20: =I20*G20 -> 0 | K20: 25 | L20: =K20/E5 -> 3.6607648e-06 | M20: =ROUNDDOWN(L20*E6,0) -> 0 | N20: 515037 | O20: =N20/K20 -> 20601.48 | P20: =M20*O20 -> 0
B21: https://www.ic3.gov/Media/PDF/AnnualReport/2019State/StateReport.aspx#?s=47 | C21: Lottery/Sweepstakes/Inheritance | D21: State Victim Count | E21: 113 | F21: =E21/E5 -> 1.6546657e-05 | G21: =ROUNDDOWN(F21*E6,0) -> 3 | H21: 595993 | I21: =H21/E21 -> 5274.2743 | J21: =I21*G21 -> 15822.823 | K21: 18 | L21: =K21/E5 -> 2.6357507e-06 | M21: =ROUNDDOWN(L21*E6,0) -> 0 | N21: 1168782 | O21: =N21/K21 -> 64932.333 | P21: =M21*O21 -> 0
B22: https://www.ic3.gov/Media/PDF/AnnualReport/2019State/StateReport.aspx#?s=47 | C22: Malware | D22: State Victim Count | E22: 46 | F22: =E22/E5 -> 6.7358073e-06 | G22: =ROUNDDOWN(F22*E6,0) -> 1 | H22: 707 | I22: =H22/E22 -> 15.369565 | J22: =I22*G22 -> 15.369565 | K22: 5 | L22: =K22/E5 -> 7.3215297e-07 | M22: =ROUNDDOWN(L22*E6,0) -> 0 | N22: 0 | O22: =N22/K22 -> 0 | P22: =M22*O22 -> 0
B23: https://www.ic3.gov/Media/PDF/AnnualReport/2019State/StateReport.aspx#?s=47 | C23: NCDF | D23: State Victim Count | F23: =E23/E5 -> 0 | G23: =ROUNDDOWN(F23*E6,0) -> 0 | I23: =H23/E23 -> #DIV/0! | J23: =I23*G23 -> #DIV/0! | L23: =K23/E5 -> 0 | M23: =ROUNDDOWN(L23*E6,0) -> 0 | O23: =N23/K23 -> #DIV/0! | P23: =M23*O23 -> #DIV/0!
B24: https://www.ic3.gov/Media/PDF/AnnualReport/2019State/StateReport.aspx#?s=47 | C24: NTOC | D24: State Victim Count | F24: =E24/E5 -> 0 | G24: =ROUNDDOWN(F24*E6,0) -> 0 | I24: =H24/E24 -> #DIV/0! | J24: =I24*G24 -> #DIV/0! | L24: =K24/E5 -> 0 | M24: =ROUNDDOWN(L24*E6,0) -> 0 | O24: =N24/K24 -> #DIV/0! | P24: =M24*O24 -> #DIV/0!
B25: https://www.ic3.gov/Media/PDF/AnnualReport/2019State/StateReport.aspx#?s=47 | C25: No Lead Value | D25: State Victim Count | E25: 629 | F25: =E25/E5 -> 9.2104843e-05 | G25: =ROUNDDOWN(F25*E6,0) -> 16 | H25: 0 | I25: =H25/E25 -> 0 | J25: =I25*G25 -> 0 | K25: 746 | L25: =K25/E5 -> 0.00010923722 | M25: =ROUNDDOWN(L25*E6,0) -> 19 | N25: 0 | O25: =N25/K25 -> 0 | P25: =M25*O25 -> 0
B26: https://www.ic3.gov/Media/PDF/AnnualReport/2019State/StateReport.aspx#?s=47 | C26: Non-Payable/Non-Delivery | D26: State Victim Count | E26: 1067 | F26: =E26/E5 -> 0.00015624144 | G26: =ROUNDDOWN(F26*E6,0) -> 28 | H26: 1641120 | I26: =H26/E26 -> 1538.0694 | J26: =I26*G26 -> 43065.942 | K26: 404 | L26: =K26/E5 -> 5.915796e-05 | M26: =ROUNDDOWN(L26*E6,0) -> 10 | N26: 807007 | O26: =N26/K26 -> 1997.5421 | P26: =M26*O26 -> 19975.421
B27: https://www.ic3.gov/Media/PDF/AnnualReport/2019State/StateReport.aspx#?s=47 | C27: Other | D27: State Victim Count | E27: 83 | F27: =E27/E5 -> 1.2153739e-05 | G27: =ROUNDDOWN(F27*E6,0) -> 2 | H27: 629450 | I27: =H27/E27 -> 7583.7349 | J27: =I27*G27 -> 15167.47 | K27: 34 | L27: =K27/E5 -> 4.9786402e-06 | M27: =ROUNDDOWN(L27*E6,0) -> 0 | N27: 827641 | O27: =N27/K27 -> 24342.382 | P27: =M27*O27 -> 0
B28: https://www.ic3.gov/Media/PDF/AnnualReport/2019State/StateReport.aspx#?s=47 | C28: Overpayment | D28: State Victim Count | E28: 222 | F28: =E28/E5 -> 3.2507592e-05 | G28: =ROUNDDOWN(F28*E6,0) -> 5 | H28: 826044 | I28: =H28/E28 -> 3720.9189 | J28: =I28*G28 -> 18604.595 | K28: 97 | L28: =K28/E5 -> 1.4203768e-05 | M28: =ROUNDDOWN(L28*E6,0) -> 2 | N28: 428273 | O28: =N28/K28 -> 4415.1856 | P28: =M28*O28 -> 8830.3711
B29: https://www.ic3.gov/Media/PDF/AnnualReport/2019State/StateReport.aspx#?s=47 | C29: Personal Data Breach | D29: State Victim Count | E29: 507 | F29: =E29/E5 -> 7.4240311e-05 | G29: =ROUNDDOWN(F29*E6,0) -> 13 | H29: 750727 | I29: =H29/E29 -> 1480.7239 | J29: =I29*G29 -> 19249.41 | K29: 147 | L29: =K29/E5 -> 2.1525297e-05 | M29: =ROUNDDOWN(L29*E6,0) -> 3 | N29: 278229 | O29: =N29/K29 -> 1892.7143 | P29: =M29*O29 -> 5678.1429
B30: https://www.ic3.gov/Media/PDF/AnnualReport/2019State/StateReport.aspx#?s=47 | C30: Phishing | D30: State Victim Count | E30: 310 | F30: =E30/E5 -> 4.5393484e-05 | G30: =ROUNDDOWN(F30*E6,0) -> 8 | H30: 127466 | I30: =H30/E30 -> 411.18065 | J30: =I30*G30 -> 3289.4452 | K30: 51 | L30: =K30/E5 -> 7.4679603e-06 | M30: =ROUNDDOWN(L30*E6,0) -> 1 | N30: 57192 | O30: =N30/K30 -> 1121.4118 | P30: =M30*O30 -> 1121.4118
B31: https://www.ic3.gov/Media/PDF/AnnualReport/2019State/StateReport.aspx#?s=47 | C31: Ransomware | D31: State Victim Count | E31: 34 | F31: =E31/E5 -> 4.9786402e-06 | G31: =ROUNDDOWN(F31*E6,0) -> 0 | H31: 16325 | I31: =H31/E31 -> 480.14706 | J31: =I31*G31 -> 0 | K31: 4 | L31: =K31/E5 -> 5.8572237e-07 | M31: =ROUNDDOWN(L31*E6,0) -> 0 | N31: 200 | O31: =N31/K31 -> 50 | P31: =M31*O31 -> 0
B32: https://www.ic3.gov/Media/PDF/AnnualReport/2019State/StateReport.aspx#?s=47 | C32: Real Estate | D32: State Victim Count | E32: 144 | F32: =E32/E5 -> 2.1086005e-05 | G32: =ROUNDDOWN(F32*E6,0) -> 3 | H32: 1090182 | I32: =H32/E32 -> 7570.7083 | J32: =I32*G32 -> 22712.125 | K32: 76 | L32: =K32/E5 -> 1.1128725e-05 | M32: =ROUNDDOWN(L32*E6,0) -> 2 | N32: 4483062 | O32: =N32/K32 -> 58987.658 | P32: =M32*O32 -> 117975.32
B33: https://www.ic3.gov/Media/PDF/AnnualReport/2019State/StateReport.aspx#?s=47 | C33: SIM Swap | D33: State Victim Count | F33: =E33/E5 -> 0 | G33: =ROUNDDOWN(F33*E6,0) -> 0 | I33: =H33/E33 -> #DIV/0! | J33: =I33*G33 -> #DIV/0! | L33: =K33/E5 -> 0 | M33: =ROUNDDOWN(L33*E6,0) -> 0 | O33: =N33/K33 -> #DIV/0! | P33: =M33*O33 -> #DIV/0!
B34: https://www.ic3.gov/Media/PDF/AnnualReport/2019State/StateReport.aspx#?s=47 | C34: Spoofing | D34: State Victim Count | E34: 343 | F34: =E34/E5 -> 5.0225693e-05 | G34: =ROUNDDOWN(F34*E6,0) -> 9 | H34: 3477664 | I34: =H34/E34 -> 10138.962 | J34: =I34*G34 -> 91250.659 | K34: 72 | L34: =K34/E5 -> 1.0543003e-05 | M34: =ROUNDDOWN(L34*E6,0) -> 1 | N34: 689474 | O34: =N34/K34 -> 9576.0278 | P34: =M34*O34 -> 9576.0278
B35: https://www.ic3.gov/Media/PDF/AnnualReport/2019State/StateReport.aspx#?s=47 | C35: Tech Support | D35: State Victim Count | E35: 232 | F35: =E35/E5 -> 3.3971898e-05 | G35: =ROUNDDOWN(F35*E6,0) -> 6 | H35: 729247 | I35: =H35/E35 -> 3143.306 | J35: =I35*G35 -> 18859.836 | K35: 29 | L35: =K35/E5 -> 4.2464872e-06 | M35: =ROUNDDOWN(L35*E6,0) -> 0 | N35: 49275 | O35: =N35/K35 -> 1699.1379 | P35: =M35*O35 -> 0
B36: https://www.ic3.gov/Media/PDF/AnnualReport/2019State/StateReport.aspx#?s=47 | C36: Threats of Violence | D36: State Victim Count | E36: 199 | F36: =E36/E5 -> 2.9139688e-05 | G36: =ROUNDDOWN(F36*E6,0) -> 5 | H36: 18762 | I36: =H36/E36 -> 94.281407 | J36: =I36*G36 -> 471.40704 | K36: 120 | L36: =K36/E5 -> 1.7571671e-05 | M36: =ROUNDDOWN(L36*E6,0) -> 3 | N36: 119327 | O36: =N36/K36 -> 994.39167 | P36: =M36*O36 -> 2983.175
J37: =I37*G37 -> 0
E38: =SUM(E7:E36) -> 6352 | G38: =SUM(G8:G36) -> 152 | I38: =H38/E38 -> 0 | J38: =I38*G38 -> 0
C40: Stalking/Harassment and Threats of violence were combined with Terrorism
C41: Shown here as Threats of Violence, as with others.

Sheet 2020_IC3 State to City
B4: REF URL | C4: Decription | D4: Unit | E4: Value | F4: Value/State Population | G4: Estimated In-City Victims, 2022, As if IC3 Victim Complaint | H4: State Victim Loss | I4: Even Loss per State Victim Count | J4: Projected In-City Victim Loss | K4: State Subject (Perpetrator) Count | L4: Subject (Perpetrator) to State Population | M4: Estimated Subject to City Population | N4: State Subject Losses (Perpetrator gained X dollars) | O4: Even Loss per State Subject | P4: Estimated In-City Subject Losses (Perpetrator Take from Victim)
B5: https://www2.census.gov/programs-surveys/popest/datasets/2020-2022/state/totals/NST-EST2022-POPCHG2020_2022.csv | C5: TN Population in 2020 | D5: Population Estimate | E5: 6925619 | F5: Raw Value | G5: (Victim Count/State Population ) * City Population | J5: Estimated In-City Victims * Even Loss per State Victim | P5: Subject to City * Even Loss per State Subject
B6: https://www.census.gov/data/tables/time-series/demo/popest/2020s-total-cities-and-towns.html | C6: Chattanooga Population in 2020 | D6: Population Estimate | E6: 181560
B7: https://www.ic3.gov/Media/PDF/AnnualReport/2020State/StateReport.aspx#?s=47 | C7: Advanced Fee | D7: State Victim Count | E7: 219 | F7: =E7/E5 -> 3.1621722e-05 | G7: =ROUNDDOWN(F7*E6,0) -> 5 | H7: 563344 | I7: =H7/E7 -> 2572.347 | J7: =I7*G7 -> 12861.735 | K7: 57 | L7: =K7/E5 -> 8.2303113e-06 | M7: =ROUNDDOWN(L7*E6,0) -> 1 | N7: 147490 | O7: =N7/K7 -> 2587.5439 | P7: =M7*O7 -> 2587.5439
B8: https://www.ic3.gov/Media/PDF/AnnualReport/2020State/StateReport.aspx#?s=47 | C8: Business Email Compromise | D8: State Victim Count | E8: 249 | F8: =E8/E5 -> 3.5953465e-05 | G8: =ROUNDDOWN(F8*E6,0) -> 6 | H8: 20831147 | I8: =H8/E8 -> 83659.225 | J8: =I8*G8 -> 501955.35 | K8: 41 | L8: =K8/E5 -> 5.9200484e-06 | M8: =ROUNDDOWN(L8*E6,0) -> 1 | N8: 3163786 | O8: =N8/K8 -> 77165.512 | P8: =M8*O8 -> 77165.512
B9: https://www.ic3.gov/Media/PDF/AnnualReport/2020State/StateReport.aspx#?s=47 | C9: Botnet | D9: State Victim Count | E9: NO MATCH | F9: =E9/E5 -> #VALUE! | G9: =ROUNDDOWN(F9*E6,0) -> #VALUE! | I9: =H9/E9 -> #VALUE! | J9: =I9*G9 -> #VALUE! | L9: =K9/E5 -> 0 | M9: =ROUNDDOWN(L9*E6,0) -> 0 | O9: =N9/K9 -> #DIV/0! | P9: =M9*O9 -> #DIV/0!
B10: https://www.ic3.gov/Media/PDF/AnnualReport/2020State/StateReport.aspx#?s=47 | C10: Confidence/Romance | D10: State Victim Count | E10: 334 | F10: =E10/E5 -> 4.8226736e-05 | G10: =ROUNDDOWN(F10*E6,0) -> 8 | H10: 4526218 | I10: =H10/E10 -> 13551.551 | J10: =I10*G10 -> 108412.41 | K10: 119 | L10: =K10/E5 -> 1.718258e-05 | M10: =ROUNDDOWN(L10*E6,0) -> 3 | N10: 2617420 | O10: =N10/K10 -> 21995.126 | P10: =M10*O10 -> 65985.378
B11: https://www.ic3.gov/Media/PDF/AnnualReport/2020State/StateReport.aspx#?s=47 | C11: Check Fraud | D11: State Victim Count | E11: NO MATCH | F11: =E11/E5 -> #VALUE! | G11: =ROUNDDOWN(F11*E6,0) -> #VALUE! | I11: =H11/E11 -> #VALUE! | J11: =I11*G11 -> #VALUE! | L11: =K11/E5 -> 0 | M11: =ROUNDDOWN(L11*E6,0) -> 0 | O11: =N11/K11 -> #DIV/0! | P11: =M11*O11 -> #DIV/0!
B12: https://www.ic3.gov/Media/PDF/AnnualReport/2020State/StateReport.aspx#?s=47 | C12: Crimes Against Children | D12: State Victim Count | E12: 60 | F12: =E12/E5 -> 8.6634855e-06 | G12: =ROUNDDOWN(F12*E6,0) -> 1 | H12: 0 | I12: =H12/E12 -> 0 | J12: =I12*G12 -> 0 | K12: 12 | L12: =K12/E5 -> 1.7326971e-06 | M12: =ROUNDDOWN(L12*E6,0) -> 0 | N12: 0 | O12: =N12/K12 -> 0 | P12: =M12*O12 -> 0
B13: https://www.ic3.gov/Media/PDF/AnnualReport/2020State/StateReport.aspx#?s=47 | C13: Data Breach | D13: State Victim Count | E13: 29 | F13: =E13/E5 -> 4.1873513e-06 | G13: =ROUNDDOWN(F13*E6,0) -> 0 | H13: 1227717 | I13: =H13/E13 -> 42335.069 | J13: =I13*G13 -> 0 | K13: 5 | L13: =K13/E5 -> 7.2195713e-07 | M13: =ROUNDDOWN(L13*E6,0) -> 0 | N13: 200121 | O13: =N13/K13 -> 40024.2 | P13: =M13*O13 -> 0
B14: https://www.ic3.gov/Media/PDF/AnnualReport/2020State/StateReport.aspx#?s=47 | C14: Employment | D14: State Victim Count | E14: 298 | F14: =E14/E5 -> 4.3028645e-05 | G14: =ROUNDDOWN(F14*E6,0) -> 7 | H14: 549931 | I14: =H14/E14 -> 1845.406 | J14: =I14*G14 -> 12917.842 | K14: 89 | L14: =K14/E5 -> 1.2850837e-05 | M14: =ROUNDDOWN(L14*E6,0) -> 2 | N14: 520658 | O14: =N14/K14 -> 5850.0899 | P14: =M14*O14 -> 11700.18
B15: https://www.ic3.gov/Media/PDF/AnnualReport/2020State/StateReport.aspx#?s=47 | C15: Extortion | D15: State Victim Count | E15: 1185 | F15: =E15/E5 -> 0.00017110384 | G15: =ROUNDDOWN(F15*E6,0) -> 31 | H15: $287,277 | I15: =H15/E15 -> #VALUE! | J15: =I15*G15 -> #VALUE! | K15: 103 | L15: =K15/E5 -> 1.4872317e-05 | M15: =ROUNDDOWN(L15*E6,0) -> 2 | N15: 12250 | O15: =N15/K15 -> 118.93204 | P15: =M15*O15 -> 237.86408
B16: https://www.ic3.gov/Media/PDF/AnnualReport/2020State/StateReport.aspx#?s=47 | C16: Government Impersonation | D16: State Victim Count | E16: 218 | F16: =E16/E5 -> 3.1477331e-05 | G16: =ROUNDDOWN(F16*E6,0) -> 5 | H16: $301,501 | I16: =H16/E16 -> #VALUE! | J16: =I16*G16 -> #VALUE! | K16: 34 | L16: =K16/E5 -> 4.9093085e-06 | M16: =ROUNDDOWN(L16*E6,0) -> 0 | N16: 95030 | O16: =N16/K16 -> 2795 | P16: =M16*O16 -> 0
B17: https://www.ic3.gov/Media/PDF/AnnualReport/2020State/StateReport.aspx#?s=47 | C17: Harassing/Stalking | D17: State Victim Count | E17: NO MATCH | F17: =E17/E5 -> #VALUE! | G17: =ROUNDDOWN(F17*E6,0) -> #VALUE! | I17: =H17/E17 -> #VALUE! | J17: =I17*G17 -> #VALUE! | L17: =K17/E5 -> 0 | M17: =ROUNDDOWN(L17*E6,0) -> 0 | O17: =N17/K17 -> #DIV/0! | P17: =M17*O17 -> #DIV/0!
B18: https://www.ic3.gov/Media/PDF/AnnualReport/2020State/StateReport.aspx#?s=47 | C18: IPR/Counterfeit | D18: State Victim Count | E18: 75 | F18: =E18/E5 -> 1.0829357e-05 | G18: =ROUNDDOWN(F18*E6,0) -> 1 | H18: 735013 | I18: =H18/E18 -> 9800.1733 | J18: =I18*G18 -> 9800.1733 | K18: 18 | L18: =K18/E5 -> 2.5990457e-06 | M18: =ROUNDDOWN(L18*E6,0) -> 0 | N18: 4516 | O18: =N18/K18 -> 250.88889 | P18: =M18*O18 -> 0
B19: https://www.ic3.gov/Media/PDF/AnnualReport/2020State/StateReport.aspx#?s=47 | C19: Identity Theft | D19: State Victim Count | E19: 419 | F19: =E19/E5 -> 6.0500007e-05 | G19: =ROUNDDOWN(F19*E6,0) -> 10 | H19: 1024515 | I19: =H19/E19 -> 2445.1432 | J19: =I19*G19 -> 24451.432 | K19: 120 | L19: =K19/E5 -> 1.7326971e-05 | M19: =ROUNDDOWN(L19*E6,0) -> 3 | N19: 144969 | O19: =N19/K19 -> 1208.075 | P19: =M19*O19 -> 3624.225
B20: https://www.ic3.gov/Media/PDF/AnnualReport/2020State/StateReport.aspx#?s=47 | C20: Investment | D20: State Victim Count | E20: 71 | F20: =E20/E5 -> 1.0251791e-05 | G20: =ROUNDDOWN(F20*E6,0) -> 1 | H20: 4465348 | I20: =H20/E20 -> 62892.225 | J20: =I20*G20 -> 62892.225 | K20: 14 | L20: =K20/E5 -> 2.02148e-06 | M20: =ROUNDDOWN(L20*E6,0) -> 0 | N20: 423449 | O20: =N20/K20 -> 30246.357 | P20: =M20*O20 -> 0
B21: https://www.ic3.gov/Media/PDF/AnnualReport/2020State/StateReport.aspx#?s=47 | C21: Lottery/Sweepstakes/Inheritance | D21: State Victim Count | E21: 130 | F21: =E21/E5 -> 1.8770885e-05 | G21: =ROUNDDOWN(F21*E6,0) -> 3 | H21: 798607 | I21: =H21/E21 -> 6143.1308 | J21: =I21*G21 -> 18429.392 | K21: 19 | L21: =K21/E5 -> 2.7434371e-06 | M21: =ROUNDDOWN(L21*E6,0) -> 0 | N21: 142442 | O21: =N21/K21 -> 7496.9474 | P21: =M21*O21 -> 0
B22: https://www.ic3.gov/Media/PDF/AnnualReport/2020State/StateReport.aspx#?s=47 | C22: Malware | D22: State Victim Count | E22: 18 | F22: =E22/E5 -> 2.5990457e-06 | G22: =ROUNDDOWN(F22*E6,0) -> 0 | H22: 7696 | I22: =H22/E22 -> 427.55556 | J22: =I22*G22 -> 0 | K22: 3 | L22: =K22/E5 -> 4.3317428e-07 | M22: =ROUNDDOWN(L22*E6,0) -> 0 | N22: 0 | O22: =N22/K22 -> 0 | P22: =M22*O22 -> 0
B23: https://www.ic3.gov/Media/PDF/AnnualReport/2020State/StateReport.aspx#?s=47 | C23: NCDF | D23: State Victim Count | E23: NO MATCH | F23: =E23/E5 -> #VALUE! | G23: =ROUNDDOWN(F23*E6,0) -> #VALUE! | I23: =H23/E23 -> #VALUE! | J23: =I23*G23 -> #VALUE! | L23: =K23/E5 -> 0 | M23: =ROUNDDOWN(L23*E6,0) -> 0 | O23: =N23/K23 -> #DIV/0! | P23: =M23*O23 -> #DIV/0!
B24: https://www.ic3.gov/Media/PDF/AnnualReport/2020State/StateReport.aspx#?s=47 | C24: NTOC | D24: State Victim Count | E24: NO MATCH | F24: =E24/E5 -> #VALUE! | G24: =ROUNDDOWN(F24*E6,0) -> #VALUE! | I24: =H24/E24 -> #VALUE! | J24: =I24*G24 -> #VALUE! | L24: =K24/E5 -> 0 | M24: =ROUNDDOWN(L24*E6,0) -> 0 | O24: =N24/K24 -> #DIV/0! | P24: =M24*O24 -> #DIV/0!
B25: https://www.ic3.gov/Media/PDF/AnnualReport/2020State/StateReport.aspx#?s=47 | C25: No Lead Value | D25: State Victim Count | E25: 843 | F25: =E25/E5 -> 0.00012172197 | G25: =ROUNDDOWN(F25*E6,0) -> 22 | H25: 0 | I25: =H25/E25 -> 0 | J25: =I25*G25 -> 0 | K25: 693 | L25: =K25/E5 -> 0.00010006326 | M25: =ROUNDDOWN(L25*E6,0) -> 18 | N25: 0 | O25: =N25/K25 -> 0 | P25: =M25*O25 -> 0
B26: https://www.ic3.gov/Media/PDF/AnnualReport/2020State/StateReport.aspx#?s=47 | C26: Non-Payable/Non-Delivery | D26: State Victim Count | E26: 1922 | F26: =E26/E5 -> 0.00027752032 | G26: =ROUNDDOWN(F26*E6,0) -> 50 | H26: 2347435 | I26: =H26/E26 -> 1221.3502 | J26: =I26*G26 -> 61067.508 | K26: 543 | L26: =K26/E5 -> 7.8404544e-05 | M26: =ROUNDDOWN(L26*E6,0) -> 14 | N26: 3447980 | O26: =N26/K26 -> 6349.8711 | P26: =M26*O26 -> 88898.195
B27: https://www.ic3.gov/Media/PDF/AnnualReport/2020State/StateReport.aspx#?s=47 | C27: Other | D27: State Victim Count | E27: 110 | F27: =E27/E5 -> 1.5883057e-05 | G27: =ROUNDDOWN(F27*E6,0) -> 2 | H27: 431446 | I27: =H27/E27 -> 3922.2364 | J27: =I27*G27 -> 7844.4727 | K27: 38 | L27: =K27/E5 -> 5.4868742e-06 | M27: =ROUNDDOWN(L27*E6,0) -> 0 | N27: 483231 | O27: =N27/K27 -> 12716.605 | P27: =M27*O27 -> 0
B28: https://www.ic3.gov/Media/PDF/AnnualReport/2020State/StateReport.aspx#?s=47 | C28: Overpayment | D28: State Victim Count | E28: 162 | F28: =E28/E5 -> 2.3391411e-05 | G28: =ROUNDDOWN(F28*E6,0) -> 4 | H28: 319136 | I28: =H28/E28 -> 1969.9753 | J28: =I28*G28 -> 7879.9012 | K28: 59 | L28: =K28/E5 -> 8.5190941e-06 | M28: =ROUNDDOWN(L28*E6,0) -> 1 | N28: 137685 | O28: =N28/K28 -> 2333.6441 | P28: =M28*O28 -> 2333.6441
B29: https://www.ic3.gov/Media/PDF/AnnualReport/2020State/StateReport.aspx#?s=47 | C29: Personal Data Breach | D29: State Victim Count | E29: 714 | F29: =E29/E5 -> 0.00010309548 | G29: =ROUNDDOWN(F29*E6,0) -> 18 | H29: 569494 | I29: =H29/E29 -> 797.61064 | J29: =I29*G29 -> 14356.992 | K29: 215 | L29: =K29/E5 -> 3.1044156e-05 | M29: =ROUNDDOWN(L29*E6,0) -> 5 | N29: 118928 | O29: =N29/K29 -> 553.15349 | P29: =M29*O29 -> 2765.7674
B30: https://www.ic3.gov/Media/PDF/AnnualReport/2020State/StateReport.aspx#?s=47 | C30: Phishing | D30: State Victim Count | E30: 379 | F30: =E30/E5 -> 5.472435e-05 | G30: =ROUNDDOWN(F30*E6,0) -> 9 | H30: 2921163 | I30: =H30/E30 -> 7707.5541 | J30: =I30*G30 -> 69367.987 | K30: 42 | L30: =K30/E5 -> 6.0644399e-06 | M30: =ROUNDDOWN(L30*E6,0) -> 1 | N30: 173343 | O30: =N30/K30 -> 4127.2143 | P30: =M30*O30 -> 4127.2143
B31: https://www.ic3.gov/Media/PDF/AnnualReport/2020State/StateReport.aspx#?s=47 | C31: Ransomware | D31: State Victim Count | E31: 34 | F31: =E31/E5 -> 4.9093085e-06 | G31: =ROUNDDOWN(F31*E6,0) -> 0 | H31: 24860 | I31: =H31/E31 -> 731.17647 | J31: =I31*G31 -> 0 | K31: 0 | L31: =K31/E5 -> 0 | M31: =ROUNDDOWN(L31*E6,0) -> 0 | N31: 0 | O31: =N31/K31 -> #DIV/0! | P31: =M31*O31 -> #DIV/0!
B32: https://www.ic3.gov/Media/PDF/AnnualReport/2020State/StateReport.aspx#?s=47 | C32: Real Estate | D32: State Victim Count | E32: 229 | F32: =E32/E5 -> 3.3065636e-05 | G32: =ROUNDDOWN(F32*E6,0) -> 6 | H32: 2382094 | I32: =H32/E32 -> 10402.157 | J32: =I32*G32 -> 62412.943 | K32: 67 | L32: =K32/E5 -> 9.6742255e-06 | M32: =ROUNDDOWN(L32*E6,0) -> 1 | N32: 464575 | O32: =N32/K32 -> 6933.9552 | P32: =M32*O32 -> 6933.9552
B33: https://www.ic3.gov/Media/PDF/AnnualReport/2020State/StateReport.aspx#?s=47 | C33: SIM Swap | D33: State Victim Count | E33: NO MATCH | F33: =E33/E5 -> #VALUE! | G33: =ROUNDDOWN(F33*E6,0) -> #VALUE! | I33: =H33/E33 -> #VALUE! | J33: =I33*G33 -> #VALUE! | L33: =K33/E5 -> 0 | M33: =ROUNDDOWN(L33*E6,0) -> 0 | O33: =N33/K33 -> #DIV/0! | P33: =M33*O33 -> #DIV/0!
B34: https://www.ic3.gov/Media/PDF/AnnualReport/2020State/StateReport.aspx#?s=47 | C34: Spoofing | D34: State Victim Count | E34: 366 | F34: =E34/E5 -> 5.2847262e-05 | G34: =ROUNDDOWN(F34*E6,0) -> 9 | H34: 3299698 | I34: =H34/E34 -> 9015.5683 | J34: =I34*G34 -> 81140.115 | K34: 72 | L34: =K34/E5 -> 1.0396183e-05 | M34: =ROUNDDOWN(L34*E6,0) -> 1 | N34: 233490 | O34: =N34/K34 -> 3242.9167 | P34: =M34*O34 -> 3242.9167
B35: https://www.ic3.gov/Media/PDF/AnnualReport/2020State/StateReport.aspx#?s=47 | C35: Tech Support | D35: State Victim Count | E35: 281 | F35: =E35/E5 -> 4.0573991e-05 | G35: =ROUNDDOWN(F35*E6,0) -> 7 | H35: 1500271 | I35: =H35/E35 -> 5339.0427 | J35: =I35*G35 -> 37373.299 | K35: 47 | L35: =K35/E5 -> 6.786397e-06 | M35: =ROUNDDOWN(L35*E6,0) -> 1 | N35: 151959 | O35: =N35/K35 -> 3233.1702 | P35: =M35*O35 -> 3233.1702
B36: https://www.ic3.gov/Media/PDF/AnnualReport/2020State/StateReport.aspx#?s=47 | C36: Threats of Violence | D36: State Victim Count | E36: 267 | F36: =E36/E5 -> 3.8552511e-05 | G36: =ROUNDDOWN(F36*E6,0) -> 6 | H36: 38329 | I36: =H36/E36 -> 143.55431 | J36: =I36*G36 -> 861.32584 | K36: 109 | L36: =K36/E5 -> 1.5738665e-05 | M36: =ROUNDDOWN(L36*E6,0) -> 2 | N36: 1426 | O36: =N36/K36 -> 13.082569 | P36: =M36*O36 -> 26.165138
J37: =I37*G37 -> 0
E38: =SUM(E7:E36) -> 8612 | G38: =SUM(G8:G36) -> #VALUE! | I38: =H38/E38 -> 0 | J38: =I38*G38 -> #VALUE!
C39: Reported harassment and threats of violence together
C40: Put the value under threats of violence
O41: Looking at these numbers on local losses,
O42: It seems that in order to make millions,
O43: cybercriminals might have to work globally.

Sheet 2021_IC3 State to City
B4: REF URL | C4: Decription | D4: Unit | E4: Value | F4: Value/State Population | G4: Estimated In-City Victims, 2022, As if IC3 Victim Complaint | H4: State Victim Loss | I4: Even Loss per State Victim Count | J4: Projected In-City Victim Loss | K4: State Subject (Perpetrator) Count | L4: Subject (Perpetrator) to State Population | M4: Estimated Subject to City Population | N4: State Subject Losses (Perpetrator gained X dollars) | O4: Even Loss per State Subject | P4: Estimated In-City Subject Losses (Perpetrator Take from Victim)
B5: https://www2.census.gov/programs-surveys/popest/datasets/2020-2022/state/totals/NST-EST2022-POPCHG2020_2022.csv | C5: TN Population in 2021 | D5: Population Estimate | E5: 6968351 | F5: Raw Value | G5: (Victim Count/State Population ) * City Population | J5: Estimated In-City Victims * Even Loss per State Victim | P5: Subject to City * Even Loss per State Subject
B6: https://www.census.gov/data/tables/time-series/demo/popest/2020s-total-cities-and-towns.html | C6: Chattanooga Population in 2021 | D6: Population Estimate | E6: 181163
B7: https://www.ic3.gov/Media/PDF/AnnualReport/2021State/StateReport.aspx#?s=47 | C7: Advanced Fee | D7: State Victim Count | E7: 172 | F7: =E7/E5 -> 2.4683028e-05 | G7: =ROUNDDOWN(F7*E6,0) -> 4 | H7: 2943621 | I7: =H7/E7 -> 17114.076 | J7: =I7*G7 -> 68456.302 | K7: 52 | L7: =K7/E5 -> 7.4623107e-06 | M7: =ROUNDDOWN(L7*E6,0) -> 1 | N7: 98602 | O7: =N7/K7 -> 1896.1923 | P7: =M7*O7 -> 1896.1923
B8: https://www.ic3.gov/Media/PDF/AnnualReport/2021State/StateReport.aspx#?s=47 | C8: Business Email Compromise | D8: State Victim Count | E8: 321 | F8: =E8/E5 -> 4.6065418e-05 | G8: =ROUNDDOWN(F8*E6,0) -> 8 | H8: 38847655 | I8: =H8/E8 -> 121020.73 | J8: =I8*G8 -> 968165.86 | K8: 52 | L8: =K8/E5 -> 7.4623107e-06 | M8: =ROUNDDOWN(L8*E6,0) -> 1 | N8: 5165687 | O8: =N8/K8 -> 99340.135 | P8: =M8*O8 -> 99340.135
B9: https://www.ic3.gov/Media/PDF/AnnualReport/2021State/StateReport.aspx#?s=47 | C9: Botnet | D9: State Victim Count | E9: NO MATCH | F9: =E9/E5 -> #VALUE! | G9: =ROUNDDOWN(F9*E6,0) -> #VALUE! | H9: NO MATCH | I9: =H9/E9 -> #VALUE! | J9: =I9*G9 -> #VALUE! | L9: =K9/E5 -> 0 | M9: =ROUNDDOWN(L9*E6,0) -> 0 | O9: =N9/K9 -> #DIV/0! | P9: =M9*O9 -> #DIV/0!
B10: https://www.ic3.gov/Media/PDF/AnnualReport/2021State/StateReport.aspx#?s=47 | C10: Confidence/Romance | D10: State Victim Count | E10: 366 | F10: =E10/E5 -> 5.2523187e-05 | G10: =ROUNDDOWN(F10*E6,0) -> 9 | H10: 14569398 | I10: =H10/E10 -> 39807.098 | J10: =I10*G10 -> 358263.89 | K10: 162 | L10: =K10/E5 -> 2.3247968e-05 | M10: =ROUNDDOWN(L10*E6,0) -> 4 | N10: 5152816 | O10: =N10/K10 -> 31807.506 | P10: =M10*O10 -> 127230.02
B11: https://www.ic3.gov/Media/PDF/AnnualReport/2021State/StateReport.aspx#?s=47 | C11: Check Fraud | D11: State Victim Count | E11: NO MATCH | F11: =E11/E5 -> #VALUE! | G11: =ROUNDDOWN(F11*E6,0) -> #VALUE! | H11: NO MATCH | I11: =H11/E11 -> #VALUE! | J11: =I11*G11 -> #VALUE! | L11: =K11/E5 -> 0 | M11: =ROUNDDOWN(L11*E6,0) -> 0 | O11: =N11/K11 -> #DIV/0! | P11: =M11*O11 -> #DIV/0!
B12: https://www.ic3.gov/Media/PDF/AnnualReport/2021State/StateReport.aspx#?s=47 | C12: Crimes Against Children | D12: State Victim Count | E12: 29 | F12: =E12/E5 -> 4.1616733e-06 | G12: =ROUNDDOWN(F12*E6,0) -> 0 | H12: 0 | I12: =H12/E12 -> 0 | J12: =I12*G12 -> 0 | K12: 12 | L12: =K12/E5 -> 1.7220717e-06 | M12: =ROUNDDOWN(L12*E6,0) -> 0 | N12: 34078 | O12: =N12/K12 -> 2839.8333 | P12: =M12*O12 -> 0
B13: https://www.ic3.gov/Media/PDF/AnnualReport/2021State/StateReport.aspx#?s=47 | C13: Data Breach | D13: State Victim Count | E13: 21 | F13: =E13/E5 -> 3.0136255e-06 | G13: =ROUNDDOWN(F13*E6,0) -> 0 | H13: 609113 | I13: =H13/E13 -> 29005.381 | J13: =I13*G13 -> 0 | K13: 7 | L13: =K13/E5 -> 1.0045418e-06 | M13: =ROUNDDOWN(L13*E6,0) -> 0 | N13: 540618 | O13: =N13/K13 -> 77231.143 | P13: =M13*O13 -> 0
B14: https://www.ic3.gov/Media/PDF/AnnualReport/2021State/StateReport.aspx#?s=47 | C14: Employment | D14: State Victim Count | E14: 230 | F14: =E14/E5 -> 3.3006374e-05 | G14: =ROUNDDOWN(F14*E6,0) -> 5 | H14: 2996197 | I14: =H14/E14 -> 13026.943 | J14: =I14*G14 -> 65134.717 | K14: 96 | L14: =K14/E5 -> 1.3776574e-05 | M14: =ROUNDDOWN(L14*E6,0) -> 2 | N14: 1679416 | O14: =N14/K14 -> 17493.917 | P14: =M14*O14 -> 34987.833
B15: https://www.ic3.gov/Media/PDF/AnnualReport/2021State/StateReport.aspx#?s=47 | C15: Extortion | D15: State Victim Count | E15: 628 | F15: =E15/E5 -> 9.0121752e-05 | G15: =ROUNDDOWN(F15*E6,0) -> 16 | H15: 362852 | I15: =H15/E15 -> 577.78981 | J15: =I15*G15 -> 9244.6369 | K15: 77 | L15: =K15/E5 -> 1.104996e-05 | M15: =ROUNDDOWN(L15*E6,0) -> 2 | N15: 48710 | O15: =N15/K15 -> 632.5974 | P15: =M15*O15 -> 1265.1948
B16: https://www.ic3.gov/Media/PDF/AnnualReport/2021State/StateReport.aspx#?s=47 | C16: Government Impersonation | D16: State Victim Count | E16: 220 | F16: =E16/E5 -> 3.1571314e-05 | G16: =ROUNDDOWN(F16*E6,0) -> 5 | H16: 1053487 | I16: =H16/E16 -> 4788.5773 | J16: =I16*G16 -> 23942.886 | K16: 23 | L16: =K16/E5 -> 3.3006374e-06 | M16: =ROUNDDOWN(L16*E6,0) -> 0 | N16: 125849 | O16: =N16/K16 -> 5471.6957 | P16: =M16*O16 -> 0
B17: https://www.ic3.gov/Media/PDF/AnnualReport/2021State/StateReport.aspx#?s=47 | C17: Harassing/Stalking | D17: State Victim Count | E17: NO MATCH | F17: =E17/E5 -> #VALUE! | G17: =ROUNDDOWN(F17*E6,0) -> #VALUE! | H17: NO MATCH | I17: =H17/E17 -> #VALUE! | J17: =I17*G17 -> #VALUE! | L17: =K17/E5 -> 0 | M17: =ROUNDDOWN(L17*E6,0) -> 0 | O17: =N17/K17 -> #DIV/0! | P17: =M17*O17 -> #DIV/0!
B18: https://www.ic3.gov/Media/PDF/AnnualReport/2021State/StateReport.aspx#?s=47 | C18: IPR/Counterfeit | D18: State Victim Count | E18: 60 | F18: =E18/E5 -> 8.6103585e-06 | G18: =ROUNDDOWN(F18*E6,0) -> 1 | H18: 248288 | I18: =H18/E18 -> 4138.1333 | J18: =I18*G18 -> 4138.1333 | K18: 19 | L18: =K18/E5 -> 2.7266135e-06 | M18: =ROUNDDOWN(L18*E6,0) -> 0 | N18: 11863 | O18: =N18/K18 -> 624.36842 | P18: =M18*O18 -> 0
B19: https://www.ic3.gov/Media/PDF/AnnualReport/2021State/StateReport.aspx#?s=47 | C19: Identity Theft | D19: State Victim Count | E19: 529 | F19: =E19/E5 -> 7.591466e-05 | G19: =ROUNDDOWN(F19*E6,0) -> 13 | H19: 2898060 | I19: =H19/E19 -> 5478.3743 | J19: =I19*G19 -> 71218.866 | K19: 135 | L19: =K19/E5 -> 1.9373307e-05 | M19: =ROUNDDOWN(L19*E6,0) -> 3 | N19: 942507 | O19: =N19/K19 -> 6981.5333 | P19: =M19*O19 -> 20944.6
B20: https://www.ic3.gov/Media/PDF/AnnualReport/2021State/StateReport.aspx#?s=47 | C20: Investment | D20: State Victim Count | E20: 162 | F20: =E20/E5 -> 2.3247968e-05 | G20: =ROUNDDOWN(F20*E6,0) -> 4 | H20: 7966687 | I20: =H20/E20 -> 49177.08 | J20: =I20*G20 -> 196708.32 | K20: 43 | L20: =K20/E5 -> 6.1707569e-06 | M20: =ROUNDDOWN(L20*E6,0) -> 1 | N20: 808506 | O20: =N20/K20 -> 18802.465 | P20: =M20*O20 -> 18802.465
B21: https://www.ic3.gov/Media/PDF/AnnualReport/2021State/StateReport.aspx#?s=47 | C21: Lottery/Sweepstakes/Inheritance | D21: State Victim Count | E21: 90 | F21: =E21/E5 -> 1.2915538e-05 | G21: =ROUNDDOWN(F21*E6,0) -> 2 | H21: 1157782 | I21: =H21/E21 -> 12864.244 | J21: =I21*G21 -> 25728.489 | K21: 18 | L21: =K21/E5 -> 2.5831075e-06 | M21: =ROUNDDOWN(L21*E6,0) -> 0 | N21: 743890 | O21: =N21/K21 -> 41327.222 | P21: =M21*O21 -> 0
B22: https://www.ic3.gov/Media/PDF/AnnualReport/2021State/StateReport.aspx#?s=47 | C22: Malware | D22: State Victim Count | E22: 11 | F22: =E22/E5 -> 1.5785657e-06 | G22: =ROUNDDOWN(F22*E6,0) -> 0 | H22: 8000 | I22: =H22/E22 -> 727.27273 | J22: =I22*G22 -> 0 | K22: 9 | L22: =K22/E5 -> 1.2915538e-06 | M22: =ROUNDDOWN(L22*E6,0) -> 0 | N22: 0 | O22: =N22/K22 -> 0 | P22: =M22*O22 -> 0
B23: https://www.ic3.gov/Media/PDF/AnnualReport/2021State/StateReport.aspx#?s=47 | C23: NCDF | D23: State Victim Count | E23: NO MATCH | F23: =E23/E5 -> #VALUE! | G23: =ROUNDDOWN(F23*E6,0) -> #VALUE! | H23: NO MATCH | I23: =H23/E23 -> #VALUE! | J23: =I23*G23 -> #VALUE! | L23: =K23/E5 -> 0 | M23: =ROUNDDOWN(L23*E6,0) -> 0 | O23: =N23/K23 -> #DIV/0! | P23: =M23*O23 -> #DIV/0!
B24: https://www.ic3.gov/Media/PDF/AnnualReport/2021State/StateReport.aspx#?s=47 | C24: NTOC | D24: State Victim Count | E24: NO MATCH | F24: =E24/E5 -> #VALUE! | G24: =ROUNDDOWN(F24*E6,0) -> #VALUE! | H24: NO MATCH | I24: =H24/E24 -> #VALUE! | J24: =I24*G24 -> #VALUE! | L24: =K24/E5 -> 0 | M24: =ROUNDDOWN(L24*E6,0) -> 0 | O24: =N24/K24 -> #DIV/0! | P24: =M24*O24 -> #DIV/0!
B25: https://www.ic3.gov/Media/PDF/AnnualReport/2021State/StateReport.aspx#?s=47 | C25: No Lead Value | D25: State Victim Count | E25: 600 | F25: =E25/E5 -> 8.6103585e-05 | G25: =ROUNDDOWN(F25*E6,0) -> 15 | I25: =H25/E25 -> 0 | J25: =I25*G25 -> 0 | K25: 471 | L25: =K25/E5 -> 6.7591314e-05 | M25: =ROUNDDOWN(L25*E6,0) -> 12 | N25: 0 | O25: =N25/K25 -> 0 | P25: =M25*O25 -> 0
B26: https://www.ic3.gov/Media/PDF/AnnualReport/2021State/StateReport.aspx#?s=47 | C26: Non-Payable/Non-Delivery | D26: State Victim Count | E26: 1429 | F26: =E26/E5 -> 0.00020507004 | G26: =ROUNDDOWN(F26*E6,0) -> 37 | H26: 3094120 | I26: =H26/E26 -> 2165.2344 | J26: =I26*G26 -> 80113.674 | K26: 479 | L26: =K26/E5 -> 6.8739362e-05 | M26: =ROUNDDOWN(L26*E6,0) -> 12 | N26: 1503558 | O26: =N26/K26 -> 3138.952 | P26: =M26*O26 -> 37667.424
B27: https://www.ic3.gov/Media/PDF/AnnualReport/2021State/StateReport.aspx#?s=47 | C27: Other | D27: State Victim Count | E27: 148 | F27: =E27/E5 -> 2.1238884e-05 | G27: =ROUNDDOWN(F27*E6,0) -> 3 | H27: 1341046 | I27: =H27/E27 -> 9061.1216 | J27: =I27*G27 -> 27183.365 | K27: 66 | L27: =K27/E5 -> 9.4713943e-06 | M27: =ROUNDDOWN(L27*E6,0) -> 1 | N27: 100517 | O27: =N27/K27 -> 1522.9848 | P27: =M27*O27 -> 1522.9848
B28: https://www.ic3.gov/Media/PDF/AnnualReport/2021State/StateReport.aspx#?s=47 | C28: Overpayment | D28: State Victim Count | E28: 86 | F28: =E28/E5 -> 1.2341514e-05 | G28: =ROUNDDOWN(F28*E6,0) -> 2 | H28: 2402040 | I28: =H28/E28 -> 27930.698 | J28: =I28*G28 -> 55861.395 | K28: 57 | L28: =K28/E5 -> 8.1798405e-06 | M28: =ROUNDDOWN(L28*E6,0) -> 1 | N28: 1566851 | O28: =N28/K28 -> 27488.614 | P28: =M28*O28 -> 27488.614
B29: https://www.ic3.gov/Media/PDF/AnnualReport/2021State/StateReport.aspx#?s=47 | C29: Personal Data Breach | D29: State Victim Count | E29: 742 | F29: =E29/E5 -> 0.00010648143 | G29: =ROUNDDOWN(F29*E6,0) -> 19 | H29: 8559707 | I29: =H29/E29 -> 11535.993 | J29: =I29*G29 -> 219183.87 | K29: 302 | L29: =K29/E5 -> 4.3338804e-05 | M29: =ROUNDDOWN(L29*E6,0) -> 7 | N29: 698113 | O29: =N29/K29 -> 2311.6325 | P29: =M29*O29 -> 16181.427
B30: https://www.ic3.gov/Media/PDF/AnnualReport/2021State/StateReport.aspx#?s=47 | C30: Phishing | D30: State Victim Count | E30: 438 | F30: =E30/E5 -> 6.2855617e-05 | G30: =ROUNDDOWN(F30*E6,0) -> 11 | H30: 671637 | I30: =H30/E30 -> 1533.4178 | J30: =I30*G30 -> 16867.596 | K30: 52 | L30: =K30/E5 -> 7.4623107e-06 | M30: =ROUNDDOWN(L30*E6,0) -> 1 | N30: 119371 | O30: =N30/K30 -> 2295.5962 | P30: =M30*O30 -> 2295.5962
B31: https://www.ic3.gov/Media/PDF/AnnualReport/2021State/StateReport.aspx#?s=47 | C31: Ransomware | D31: State Victim Count | E31: 47 | F31: =E31/E5 -> 6.7447808e-06 | G31: =ROUNDDOWN(F31*E6,0) -> 1 | H31: 206000 | I31: =H31/E31 -> 4382.9787 | J31: =I31*G31 -> 4382.9787 | K31: 1 | L31: =K31/E5 -> 1.4350597e-07 | M31: =ROUNDDOWN(L31*E6,0) -> 0 | N31: 0 | O31: =N31/K31 -> 0 | P31: =M31*O31 -> 0
B32: https://www.ic3.gov/Media/PDF/AnnualReport/2021State/StateReport.aspx#?s=47 | C32: Real Estate | D32: State Victim Count | E32: 173 | F32: =E32/E5 -> 2.4826534e-05 | G32: =ROUNDDOWN(F32*E6,0) -> 4 | H32: 3819229 | I32: =H32/E32 -> 22076.468 | J32: =I32*G32 -> 88305.873 | K32: 72 | L32: =K32/E5 -> 1.033243e-05 | M32: =ROUNDDOWN(L32*E6,0) -> 1 | N32: 775312 | O32: =N32/K32 -> 10768.222 | P32: =M32*O32 -> 10768.222
B33: https://www.ic3.gov/Media/PDF/AnnualReport/2021State/StateReport.aspx#?s=47 | C33: SIM Swap | D33: State Victim Count | E33: NO MATCH | F33: =E33/E5 -> #VALUE! | G33: =ROUNDDOWN(F33*E6,0) -> #VALUE! | H33: NO MATCH | I33: =H33/E33 -> #VALUE! | J33: =I33*G33 -> #VALUE! | L33: =K33/E5 -> 0 | M33: =ROUNDDOWN(L33*E6,0) -> 0 | O33: =N33/K33 -> #DIV/0! | P33: =M33*O33 -> #DIV/0!
B34: https://www.ic3.gov/Media/PDF/AnnualReport/2021State/StateReport.aspx#?s=47 | C34: Spoofing | D34: State Victim Count | E34: 279 | F34: =E34/E5 -> 4.0038167e-05 | G34: =ROUNDDOWN(F34*E6,0) -> 7 | H34: 1105303 | I34: =H34/E34 -> 3961.6595 | J34: =I34*G34 -> 27731.616 | K34: 49 | L34: =K34/E5 -> 7.0317927e-06 | M34: =ROUNDDOWN(L34*E6,0) -> 1 | N34: 138623 | O34: =N34/K34 -> 2829.0408 | P34: =M34*O34 -> 2829.0408
B35: https://www.ic3.gov/Media/PDF/AnnualReport/2021State/StateReport.aspx#?s=47 | C35: Tech Support | D35: State Victim Count | E35: 418 | F35: =E35/E5 -> 5.9985497e-05 | G35: =ROUNDDOWN(F35*E6,0) -> 10 | H35: 15980875 | I35: =H35/E35 -> 38231.758 | J35: =I35*G35 -> 382317.58 | K35: 75 | L35: =K35/E5 -> 1.0762948e-05 | M35: =ROUNDDOWN(L35*E6,0) -> 1 | N35: 511886 | O35: =N35/K35 -> 6825.1467 | P35: =M35*O35 -> 6825.1467
B36: https://www.ic3.gov/Media/PDF/AnnualReport/2021State/StateReport.aspx#?s=47 | C36: Threats of Violence | D36: State Victim Count | E36: 172 | F36: =E36/E5 -> 2.4683028e-05 | G36: =ROUNDDOWN(F36*E6,0) -> 4 | H36: 228032 | I36: =H36/E36 -> 1325.7674 | J36: =I36*G36 -> 5303.0698 | K36: 101 | L36: =K36/E5 -> 1.4494103e-05 | M36: =ROUNDDOWN(L36*E6,0) -> 2 | N36: 4104 | O36: =N36/K36 -> 40.633663 | P36: =M36*O36 -> 81.267327
J37: =I37*G37 -> 0
E38: =SUM(E7:E36) -> 7371 | G38: =SUM(G8:G36) -> #VALUE! | I38: =H38/E38 -> 0 | J38: =I38*G38 -> #VALUE!
C39: Some category names changed from 2022 to 2021.
C40: If the names didn't line up with the later year, I dropped the data.
C41: A zero value on the input means 0;
C42: Trying to establish figures of confidence intervals.

Sheet City Summary
F3: System Intrusion Group | K3: Threat to Personnel via Network | N3: Theft of Data via Network
B4: Year | C4: City Population | E4: Crimes | F4: Data Breach | G4: Personal Data Breach | H4: Malware | I4: Phishing | J4: Ransomware | K4: Crimes Against Children | L4: Extortion | M4: Threats/Stalking/Harassment/Terrorism | N4: IPR/Counterfeit | O4: Identify Theft | P4: BEC
B5: 2016 | C5: ='2016_IC3 State to City'!$E$6 -> 177746 | F5: ='2016_IC3 State to City'!$G$13 -> 1 | G5: ='2016_IC3 State to City'!$G$29 -> 11 | H5: ='2016_IC3 State to City'!$G$22 -> 1 | I5: ='2016_IC3 State to City'!$G$30 -> 7 | J5: ='2016_IC3 State to City'!$G$31 -> 1 | K5: ='2016_IC3 State to City'!$G$12 -> 0 | L5: ='2016_IC3 State to City'!$G$15 -> 9 | M5: ='2016_IC3 State to City'!$G$36 -> 7 | N5: ='2016_IC3 State to City'!$G$18 -> 1 | O5: ='2016_IC3 State to City'!$G$19 -> 7 | P5: ='2016_IC3 State to City'!$G$8 -> 4
B6: 2017 | C6: ='2017_IC3 State to City'!$E$6 -> 179530 | D6: =C6-C5 -> 1784 | F6: ='2017_IC3 State to City'!$G$13 -> 1 | G6: ='2017_IC3 State to City'!$G$13 -> 1 | H6: ='2017_IC3 State to City'!$G$22 -> 1 | I6: ='2017_IC3 State to City'!$G$30 -> 9 | J6: ='2017_IC3 State to City'!$G$31 -> 0 | K6: ='2017_IC3 State to City'!$G$12 -> 0 | L6: ='2017_IC3 State to City'!$G$15 -> 7 | M6: ='2017_IC3 State to City'!$G$36 -> 6 | N6: ='2017_IC3 State to City'!$G$18 -> 1 | O6: ='2017_IC3 State to City'!$G$19 -> 8 | P6: ='2017_IC3 State to City'!$G$8 -> 4
B7: 2018 | C7: ='2018_IC3 State to City'!$E$6 -> 181918 | D7: =C7-C6 -> 2388 | F7: ='2018_IC3 State to City'!$G$13 -> 0 | G7: ='2018_IC3 State to City'!$G$29 -> 18 | H7: ='2018_IC3 State to City'!$G$22 -> 0 | I7: ='2018_IC3 State to City'!$G$30 -> 8 | J7: ='2018_IC3 State to City'!$G$31 -> 0 | K7: ='2018_IC3 State to City'!$G$12 -> 0 | L7: ='2018_IC3 State to City'!$G$15 -> 20 | M7: ='2018_IC3 State to City'!$G$36 -> 7 | N7: ='2018_IC3 State to City'!$G$18 -> 0 | O7: ='2018_IC3 State to City'!$G$19 -> 10 | P7: ='2018_IC3 State to City'!$G$8 -> 7
B8: 2019 | C8: ='2019_IC3 State to City'!$E$6 -> 182799 | D8: =C8-C7 -> 881 | F8: =ROUNDDOWN(E8*D1,0) -> 0 | G8: ='2019_IC3 State to City'!$G$29 -> 13 | H8: ='2019_IC3 State to City'!$G$22 -> 1 | I8: ='2019_IC3 State to City'!$G$30 -> 8 | J8: ='2019_IC3 State to City'!$G$31 -> 0 | K8: ='2019_IC3 State to City'!$G$12 -> 0 | L8: ='2019_IC3 State to City'!$G$15 -> 19 | M8: ='2019_IC3 State to City'!$G$36 -> 5 | N8: ='2019_IC3 State to City'!$G$18 -> 1 | O8: ='2019_IC3 State to City'!$G$19 -> 7 | P8: ='2019_IC3 State to City'!$G$8 -> 8
B9: 2020 | C9: ='2020_IC3 State to City'!$E$6 -> 181560 | D9: =C9-C8 -> -1239 | F9: ='2020_IC3 State to City'!$G$13 -> 0 | G9: ='2020_IC3 State to City'!$G$29 -> 18 | H9: ='2020_IC3 State to City'!$G$22 -> 0 | I9: ='2020_IC3 State to City'!$G$30 -> 9 | J9: ='2020_IC3 State to City'!$G$31 -> 0 | K9: ='2020_IC3 State to City'!$G$12 -> 1 | L9: ='2020_IC3 State to City'!$G$15 -> 31 | M9: ='2020_IC3 State to City'!$G$36 -> 6 | N9: ='2020_IC3 State to City'!$G$18 -> 1 | O9: ='2020_IC3 State to City'!$G$19 -> 10 | P9: ='2020_IC3 State to City'!$G$8 -> 6
B10: 2021 | C10: ='2021_IC3 State to City'!$E$6 -> 181163 | D10: =C10-C9 -> -397 | F10: ='2021_IC3 State to City'!$G$13 -> 0 | G10: ='2021_IC3 State to City'!$G$29 -> 19 | H10: ='2021_IC3 State to City'!$G$22 -> 0 | I10: ='2021_IC3 State to City'!$G$30 -> 11 | J10: ='2021_IC3 State to City'!$G$31 -> 1 | K10: ='2021_IC3 State to City'!$G$12 -> 0 | L10: =ROUNDDOWN(K10*J1,0) -> 0 | M10: ='2021_IC3 State to City'!$G$36 -> 4 | N10: ='2021_IC3 State to City'!$G$18 -> 1 | O10: ='2021_IC3 State to City'!$G$19 -> 13 | P10: ='2021_IC3 State to City'!$G$8 -> 8
B11: 2022 | C11: ='2022_IC3 State to City'!$E$6 -> 184086 | D11: =C11-C10 -> 2923 | F11: ='2022_IC3 State to City'!$H$13 -> 1 | G11: ='2022_IC3 State to City'!$H$29 -> 23 | H11: ='2022_IC3 State to City'!$H$22 -> 0 | I11: ='2022_IC3 State to City'!$H$30 -> 7 | J11: ='2022_IC3 State to City'!$H$31 -> 0 | K11: ='2022_IC3 State to City'!$H$12 -> 1 | L11: ='2022_IC3 State to City'!$H$15 -> 18 | M11: ='2022_IC3 State to City'!$H$36 -> 0 | N11: ='2022_IC3 State to City'!$H$18 -> 0 | O11: ='2022_IC3 State to City'!$H$19 -> 14 | P11: ='2022_IC3 State to City'!$H$8 -> 10
A14: Average deviation | D14: =AVEDEV(C5:C11) -> 1523.7959
A15: Projected population | D15: =C11+D14 -> 185609.8
A16: Projected population High | D16: =ROUNDDOWN(C11+(D14*1.25),0) -> 185990
A17: Projected poplulation Low | D17: =ROUNDDOWN(C11+(D14*0.75),0) -> 185228
A19: Chance of decrease | D19: =2/6 -> 0.33333333
D21: =MEDIAN(C5:C11) -> 181560

Sheet 2022_IC3 State to City
B4: REF URL | C4: Decription | D4: Unit | E4: Value | F4: Value/State Population | G4: Estimated In-City Victims, 2022, As if IC3 Victim Complaint | H4: Estimated In-City Victims, 2022, As if IC3 Victim Complaint | I4: State Victim Loss | J4: Even Loss per State Victim Count | K4: Projected In-City Victim Loss | L4: State Subject (Perpetrator) Count | M4: Subject (Perpetrator) to State Population | N4: Estimated Subject to City Population | O4: State Subject Losses (Perpetrator gained X dollars) | P4: Even Loss per State Subject | Q4: Estimated In-City Subject Losses (Perpetrator Take from Victim)
B5: https://www.census.gov/quickfacts/fact/table/TN/PST045222 | C5: TN Population in 2022 | D5: Population Estimate | E5: 7051339 | F5: Raw Value | G5: (Victim Count/State Population ) * City Population | H5: (Victim Count/State Population ) * City Population Rounded Down | K5: Estimated In-City Victims * Even Loss per State Victim | Q5: Subject to City * Even Loss per State Subject
B6: https://www.census.gov/quickfacts/chattanoogacitytennessee | C6: Chattanooga Population in 2022 | D6: Population Estimate | E6: 184086
B7: https://www.ic3.gov/Media/PDF/AnnualReport/2022State/StateReport.aspx#?s=47 | C7: Advanced Fee | D7: State Victim Count | E7: 204 | F7: =E7/E5 -> 2.8930675e-05 | G7: =F7*E6 -> 5.3257323 | H7: =ROUNDDOWN(F7*E6,0) -> 5 | I7: 1807140 | J7: =I7/E7 -> 8858.5294 | K7: =J7*H7 -> 44292.647 | L7: 61 | M7: =L7/E5 -> 8.6508392e-06 | N7: =ROUNDDOWN(M7*E6,0) -> 1 | O7: 1129309 | P7: =O7/L7 -> 18513.262 | Q7: =N7*P7 -> 18513.262
B8: https://www.ic3.gov/Media/PDF/AnnualReport/2022State/StateReport.aspx#?s=47 | C8: Business Email Compromise | D8: State Victim Count | E8: 416 | F8: =E8/E5 -> 5.8995887e-05 | G8: =F8*E6 -> 10.860317 | H8: =ROUNDDOWN(F8*E6,0) -> 10 | I8: 46637795 | J8: =I8/E8 -> 112110.08 | K8: =J8*H8 -> 1121100.8 | L8: 60 | M8: =L8/E5 -> 8.5090222e-06 | N8: =ROUNDDOWN(M8*E6,0) -> 1 | O8: 8204329 | P8: =O8/L8 -> 136738.82 | Q8: =N8*P8 -> 136738.82
B9: https://www.ic3.gov/Media/PDF/AnnualReport/2022State/StateReport.aspx#?s=47 | C9: Botnet | D9: State Victim Count | E9: 9 | F9: =E9/E5 -> 1.2763533e-06 | G9: =F9*E6 -> 0.23495878 | H9: =ROUNDDOWN(F9*E6,0) -> 0 | I9: 643 | J9: =I9/E9 -> 71.444444 | K9: =J9*H9 -> 0 | L9: 7 | M9: =L9/E5 -> 9.9271926e-07 | N9: =ROUNDDOWN(M9*E6,0) -> 0 | O9: 439 | P9: =O9/L9 -> 62.714286 | Q9: =N9*P9 -> 0
B10: https://www.ic3.gov/Media/PDF/AnnualReport/2022State/StateReport.aspx#?s=47 | C10: Confidence/Romance | D10: State Victim Count | E10: 331 | F10: =E10/E5 -> 4.6941439e-05 | G10: =F10*E6 -> 8.6412618 | H10: =ROUNDDOWN(F10*E6,0) -> 8 | I10: 8892488 | J10: =I10/E10 -> 26865.523 | K10: =J10*H10 -> 214924.18 | L10: 146 | M10: =L10/E5 -> 2.0705287e-05 | N10: =ROUNDDOWN(M10*E6,0) -> 3 | O10: 4323401 | P10: =O10/L10 -> 29612.336 | Q10: =N10*P10 -> 88837.007
B11: https://www.ic3.gov/Media/PDF/AnnualReport/2022State/StateReport.aspx#?s=47 | C11: Check Fraud | D11: State Victim Count | E11: 471 | F11: =E11/E5 -> 6.6795824e-05 | G11: =F11*E6 -> 12.296176 | H11: =ROUNDDOWN(F11*E6,0) -> 12 | I11: 3879384 | J11: =I11/E11 -> 8236.4841 | K11: =J11*H11 -> 98837.809 | L11: 196 | M11: =L11/E5 -> 2.7796139e-05 | N11: =ROUNDDOWN(M11*E6,0) -> 5 | O11: 1537536 | P11: =O11/L11 -> 7844.5714 | Q11: =N11*P11 -> 39222.857
B12: https://www.ic3.gov/Media/PDF/AnnualReport/2022State/StateReport.aspx#?s=47 | C12: Crimes Against Children | D12: State Victim Count | E12: 54 | F12: =E12/E5 -> 7.65812e-06 | G12: =F12*E6 -> 1.4097527 | H12: =ROUNDDOWN(F12*E6,0) -> 1 | I12: 2681 | J12: =I12/E12 -> 49.648148 | K12: =J12*H12 -> 49.648148 | L12: 9 | M12: =L12/E5 -> 1.2763533e-06 | N12: =ROUNDDOWN(M12*E6,0) -> 0 | O12: 566 | P12: =O12/L12 -> 62.888889 | Q12: =N12*P12 -> 0
B13: https://www.ic3.gov/Media/PDF/AnnualReport/2022State/StateReport.aspx#?s=47 | C13: Data Breach | D13: State Victim Count | E13: 44 | F13: =E13/E5 -> 6.2399496e-06 | G13: =F13*E6 -> 1.1486874 | H13: =ROUNDDOWN(F13*E6,0) -> 1 | I13: 1499907 | J13: =I13/E13 -> 34088.795 | K13: =J13*H13 -> 34088.795 | L13: 35 | M13: =L13/E5 -> 4.9635963e-06 | N13: =ROUNDDOWN(M13*E6,0) -> 0 | O13: 497487 | P13: =O13/L13 -> 14213.914 | Q13: =N13*P13 -> 0
B14: https://www.ic3.gov/Media/PDF/AnnualReport/2022State/StateReport.aspx#?s=47 | C14: Employment | D14: State Victim Count | E14: 255 | F14: =E14/E5 -> 3.6163344e-05 | G14: =F14*E6 -> 6.6571654 | H14: =ROUNDDOWN(F14*E6,0) -> 6 | I14: 536631 | J14: =I14/E14 -> 2104.4353 | K14: =J14*H14 -> 12626.612 | L14: 85 | M14: =L14/E5 -> 1.2054448e-05 | N14: =ROUNDDOWN(M14*E6,0) -> 2 | O14: 84959 | P14: =O14/L14 -> 999.51765 | Q14: =N14*P14 -> 1999.0353
B15: https://www.ic3.gov/Media/PDF/AnnualReport/2022State/StateReport.aspx#?s=47 | C15: Extortion | D15: State Victim Count | E15: 695 | F15: =E15/E5 -> 9.856284e-05 | G15: =F15*E6 -> 18.144039 | H15: =ROUNDDOWN(F15*E6,0) -> 18 | I15: 595359 | J15: =I15/E15 -> 856.63165 | K15: =J15*H15 -> 15419.37 | L15: 110 | M15: =L15/E5 -> 1.5599874e-05 | N15: =ROUNDDOWN(M15*E6,0) -> 2 | O15: 131245 | P15: =O15/L15 -> 1193.1364 | Q15: =N15*P15 -> 2386.2727
B16: https://www.ic3.gov/Media/PDF/AnnualReport/2022State/StateReport.aspx#?s=47 | C16: Government Impersonation | D16: State Victim Count | E16: 195 | F16: =E16/E5 -> 2.7654322e-05 | G16: =F16*E6 -> 5.0907735 | H16: =ROUNDDOWN(F16*E6,0) -> 5 | I16: 2305283 | J16: =I16/E16 -> 11821.964 | K16: =J16*H16 -> 59109.821 | L16: 44 | M16: =L16/E5 -> 6.2399496e-06 | N16: =ROUNDDOWN(M16*E6,0) -> 1 | O16: 665515 | P16: =O16/L16 -> 15125.341 | Q16: =N16*P16 -> 15125.341
B17: https://www.ic3.gov/Media/PDF/AnnualReport/2022State/StateReport.aspx#?s=47 | C17: Harassing/Stalking | D17: State Victim Count | E17: 173 | F17: =E17/E5 -> 2.4534347e-05 | G17: =F17*E6 -> 4.5164299 | H17: =ROUNDDOWN(F17*E6,0) -> 4 | I17: 1422 | J17: =I17/E17 -> 8.2196532 | K17: =J17*H17 -> 32.878613 | L17: 77 | M17: =L17/E5 -> 1.0919912e-05 | N17: =ROUNDDOWN(M17*E6,0) -> 2 | O17: 500 | P17: =O17/L17 -> 6.4935065 | Q17: =N17*P17 -> 12.987013
B18: https://www.ic3.gov/Media/PDF/AnnualReport/2022State/StateReport.aspx#?s=47 | C18: IPR/Counterfeit | D18: State Victim Count | E18: 19 | F18: =E18/E5 -> 2.6945237e-06 | G18: =F18*E6 -> 0.49602409 | H18: =ROUNDDOWN(F18*E6,0) -> 0 | I18: 1322 | J18: =I18/E18 -> 69.578947 | K18: =J18*H18 -> 0 | L18: 18 | M18: =L18/E5 -> 2.5527067e-06 | N18: =ROUNDDOWN(M18*E6,0) -> 0 | O18: 74831 | P18: =O18/L18 -> 4157.2778 | Q18: =N18*P18 -> 0
B19: https://www.ic3.gov/Media/PDF/AnnualReport/2022State/StateReport.aspx#?s=47 | C19: Identity Theft | D19: State Victim Count | E19: 539 | F19: =E19/E5 -> 7.6439383e-05 | G19: =F19*E6 -> 14.07142 | H19: =ROUNDDOWN(F19*E6,0) -> 14 | I19: 2057849 | J19: =I19/E19 -> 3817.9017 | K19: =J19*H19 -> 53450.623 | L19: 154 | M19: =L19/E5 -> 2.1839824e-05 | N19: =ROUNDDOWN(M19*E6,0) -> 4 | O19: 657767 | P19: =O19/L19 -> 4271.2143 | Q19: =N19*P19 -> 17084.857
B20: https://www.ic3.gov/Media/PDF/AnnualReport/2022State/StateReport.aspx#?s=47 | C20: Investment | D20: State Victim Count | E20: 261 | F20: =E20/E5 -> 3.7014247e-05 | G20: =F20*E6 -> 6.8138046 | H20: =ROUNDDOWN(F20*E6,0) -> 6 | I20: 20869755 | J20: =I20/E20 -> 79960.747 | K20: =J20*H20 -> 479764.48 | L20: 56 | M20: =L20/E5 -> 7.941754e-06 | N20: =ROUNDDOWN(M20*E6,0) -> 1 | O20: 3607694 | P20: =O20/L20 -> 64423.107 | Q20: =N20*P20 -> 64423.107
B21: https://www.ic3.gov/Media/PDF/AnnualReport/2022State/StateReport.aspx#?s=47 | C21: Lottery/Sweepstakes/Inheritance | D21: State Victim Count | E21: 137 | F21: =E21/E5 -> 1.9428934e-05 | G21: =F21*E6 -> 3.5765947 | H21: =ROUNDDOWN(F21*E6,0) -> 3 | I21: 2235665 | J21: =I21/E21 -> 16318.723 | K21: =J21*H21 -> 48956.168 | L21: 29 | M21: =L21/E5 -> 4.1126941e-06 | N21: =ROUNDDOWN(M21*E6,0) -> 0 | O21: 840629 | P21: =O21/L21 -> 28987.207 | Q21: =N21*P21 -> 0
B22: https://www.ic3.gov/Media/PDF/AnnualReport/2022State/StateReport.aspx#?s=47 | C22: Malware | D22: State Victim Count | E22: 9 | F22: =E22/E5 -> 1.2763533e-06 | G22: =F22*E6 -> 0.23495878 | H22: =ROUNDDOWN(F22*E6,0) -> 0 | I22: 705506 | J22: =I22/E22 -> 78389.556 | K22: =J22*H22 -> 0 | L22: 1 | M22: =L22/E5 -> 1.4181704e-07 | N22: =ROUNDDOWN(M22*E6,0) -> 0 | O22: 0 | P22: =O22/L22 -> 0 | Q22: =N22*P22 -> 0
B23: https://www.ic3.gov/Media/PDF/AnnualReport/2022State/StateReport.aspx#?s=47 | C23: NCDF | D23: State Victim Count | E23: 0 | F23: =E23/E5 -> 0 | G23: =F23*E6 -> 0 | H23: =ROUNDDOWN(F23*E6,0) -> 0 | I23: 0 | J23: =I23/E23 -> #DIV/0! | K23: =J23*H23 -> #DIV/0! | L23: 0 | M23: =L23/E5 -> 0 | N23: =ROUNDDOWN(M23*E6,0) -> 0 | O23: 0 | P23: =O23/L23 -> #DIV/0! | Q23: =N23*P23 -> #DIV/0!
B24: https://www.ic3.gov/Media/PDF/AnnualReport/2022State/StateReport.aspx#?s=47 | C24: NTOC | D24: State Victim Count | E24: 0 | F24: =E24/E5 -> 0 | G24: =F24*E6 -> 0 | H24: =ROUNDDOWN(F24*E6,0) -> 0 | I24: 0 | J24: =I24/E24 -> #DIV/0! | K24: =J24*H24 -> #DIV/0! | L24: 0 | M24: =L24/E5 -> 0 | N24: =ROUNDDOWN(M24*E6,0) -> 0 | O24: 0 | P24: =O24/L24 -> #DIV/0! | Q24: =N24*P24 -> #DIV/0!
B25: https://www.ic3.gov/Media/PDF/AnnualReport/2022State/StateReport.aspx#?s=47 | C25: No Lead Value | D25: State Victim Count | E25: 514 | F25: =E25/E5 -> 7.2893957e-05 | G25: =F25*E6 -> 13.418757 | H25: =ROUNDDOWN(F25*E6,0) -> 13 | I25: 0 | J25: =I25/E25 -> 0 | K25: =J25*H25 -> 0 | L25: 892 | M25: =L25/E5 -> 0.0001265008 | N25: =ROUNDDOWN(M25*E6,0) -> 23 | O25: 0 | P25: =O25/L25 -> 0 | Q25: =N25*P25 -> 0
B26: https://www.ic3.gov/Media/PDF/AnnualReport/2022State/StateReport.aspx#?s=47 | C26: Non-Payable/Non-Delivery | D26: State Victim Count | E26: 849 | F26: =E26/E5 -> 0.00012040266 | G26: =F26*E6 -> 22.164445 | H26: =ROUNDDOWN(F26*E6,0) -> 22 | I26: 3830326 | J26: =I26/E26 -> 4511.5736 | K26: =J26*H26 -> 99254.62 | L26: 365 | M26: =L26/E5 -> 5.1763218e-05 | N26: =ROUNDDOWN(M26*E6,0) -> 9 | O26: 2183461 | P26: =O26/L26 -> 5982.0849 | Q26: =N26*P26 -> 53838.764
B27: https://www.ic3.gov/Media/PDF/AnnualReport/2022State/StateReport.aspx#?s=47 | C27: Other | D27: State Victim Count | E27: 147 | F27: =E27/E5 -> 2.0847104e-05 | G27: =F27*E6 -> 3.8376601 | H27: =ROUNDDOWN(F27*E6,0) -> 3 | I27: 1291750 | J27: =I27/E27 -> 8787.415 | K27: =J27*H27 -> 26362.245 | L27: 53 | M27: =L27/E5 -> 7.5163029e-06 | N27: =ROUNDDOWN(M27*E6,0) -> 1 | O27: 1131997 | P27: =O27/L27 -> 21358.434 | Q27: =N27*P27 -> 21358.434
B28: https://www.ic3.gov/Media/PDF/AnnualReport/2022State/StateReport.aspx#?s=47 | C28: Overpayment | D28: State Victim Count | E28: 119 | F28: =E28/E5 -> 1.6876227e-05 | G28: =F28*E6 -> 3.1066772 | H28: =ROUNDDOWN(F28*E6,0) -> 3 | I28: 669941 | J28: =I28/E28 -> 5629.7563 | K28: =J28*H28 -> 16889.269 | L28: 38 | M28: =L28/E5 -> 5.3890474e-06 | N28: =ROUNDDOWN(M28*E6,0) -> 0 | O28: 577476 | P28: =O28/L28 -> 15196.737 | Q28: =N28*P28 -> 0
B29: https://www.ic3.gov/Media/PDF/AnnualReport/2022State/StateReport.aspx#?s=47 | C29: Personal Data Breach | D29: State Victim Count | E29: 903 | F29: =E29/E5 -> 0.00012806078 | G29: =F29*E6 -> 23.574197 | H29: =ROUNDDOWN(F29*E6,0) -> 23 | I29: 6376097 | J29: =I29/E29 -> 7061.0155 | K29: =J29*H29 -> 162403.36 | L29: 305 | M29: =L29/E5 -> 4.3254196e-05 | N29: =ROUNDDOWN(M29*E6,0) -> 7 | O29: 935734 | P29: =O29/L29 -> 3067.9803 | Q29: =N29*P29 -> 21475.862
B30: https://www.ic3.gov/Media/PDF/AnnualReport/2022State/StateReport.aspx#?s=47 | C30: Phishing | D30: State Victim Count | E30: 296 | F30: =E30/E5 -> 4.1977843e-05 | G30: =F30*E6 -> 7.7275332 | H30: =ROUNDDOWN(F30*E6,0) -> 7 | I30: 279475 | J30: =I30/E30 -> 944.1723 | K30: =J30*H30 -> 6609.2061 | L30: 43 | M30: =L30/E5 -> 6.0981326e-06 | N30: =ROUNDDOWN(M30*E6,0) -> 1 | O30: 109027 | P30: =O30/L30 -> 2535.5116 | Q30: =N30*P30 -> 2535.5116
B31: https://www.ic3.gov/Media/PDF/AnnualReport/2022State/StateReport.aspx#?s=47 | C31: Ransomware | D31: State Victim Count | E31: 31 | F31: =E31/E5 -> 4.3963281e-06 | G31: =F31*E6 -> 0.80930246 | H31: =ROUNDDOWN(F31*E6,0) -> 0 | I31: 110000 | J31: =I31/E31 -> 3548.3871 | K31: =J31*H31 -> 0 | L31: 0 | M31: =L31/E5 -> 0 | N31: =ROUNDDOWN(M31*E6,0) -> 0 | O31: 0 | P31: =O31/L31 -> #DIV/0! | Q31: =N31*P31 -> #DIV/0!
B32: https://www.ic3.gov/Media/PDF/AnnualReport/2022State/StateReport.aspx#?s=47 | C32: Real Estate | D32: State Victim Count | E32: 174 | F32: =E32/E5 -> 2.4676164e-05 | G32: =F32*E6 -> 4.5425364 | H32: =ROUNDDOWN(F32*E6,0) -> 4 | I32: 7314288 | J32: =I32/E32 -> 42036.138 | K32: =J32*H32 -> 168144.55 | L32: 63 | M32: =L32/E5 -> 8.9344733e-06 | N32: =ROUNDDOWN(M32*E6,0) -> 1 | O32: 2917722 | P32: =O32/L32 -> 46313.048 | Q32: =N32*P32 -> 46313.048
B33: https://www.ic3.gov/Media/PDF/AnnualReport/2022State/StateReport.aspx#?s=47 | C33: SIM Swap | D33: State Victim Count | E33: 25 | F33: =E33/E5 -> 3.5454259e-06 | G33: =F33*E6 -> 0.65266327 | H33: =ROUNDDOWN(F33*E6,0) -> 0 | I33: 630219 | J33: =I33/E33 -> 25208.76 | K33: =J33*H33 -> 0 | L33: 4 | M33: =L33/E5 -> 5.6726815e-07 | N33: =ROUNDDOWN(M33*E6,0) -> 0 | O33: 180 | P33: =O33/L33 -> 45 | Q33: =N33*P33 -> 0
B34: https://www.ic3.gov/Media/PDF/AnnualReport/2022State/StateReport.aspx#?s=47 | C34: Spoofing | D34: State Victim Count | E34: 320 | F34: =E34/E5 -> 4.5381452e-05 | G34: =F34*E6 -> 8.3540899 | H34: =ROUNDDOWN(F34*E6,0) -> 8 | I34: 517094 | J34: =I34/E34 -> 1615.9188 | K34: =J34*H34 -> 12927.35 | L34: 52 | M34: =L34/E5 -> 7.3744859e-06 | N34: =ROUNDDOWN(M34*E6,0) -> 1 | O34: 37720 | P34: =O34/L34 -> 725.38462 | Q34: =N34*P34 -> 725.38462
B35: https://www.ic3.gov/Media/PDF/AnnualReport/2022State/StateReport.aspx#?s=47 | C35: Tech Support | D35: State Victim Count | E35: 609 | F35: =E35/E5 -> 8.6366575e-05 | G35: =F35*E6 -> 15.898877 | H35: =ROUNDDOWN(F35*E6,0) -> 15 | I35: 12760219 | J35: =I35/E35 -> 20952.741 | K35: =J35*H35 -> 314291.11 | L35: 99 | M35: =L35/E5 -> 1.4039887e-05 | N35: =ROUNDDOWN(M35*E6,0) -> 2 | O35: 2028988 | P35: =O35/L35 -> 20494.828 | Q35: =N35*P35 -> 40989.657
B36: https://www.ic3.gov/Media/PDF/AnnualReport/2022State/StateReport.aspx#?s=47 | C36: Threats of Violence | D36: State Victim Count | E36: 28 | F36: =E36/E5 -> 3.970877e-06 | G36: =F36*E6 -> 0.73098287 | H36: =ROUNDDOWN(F36*E6,0) -> 0 | I36: 1100 | J36: =I36/E36 -> 39.285714 | K36: =J36*H36 -> 0 | L36: 12 | M36: =L36/E5 -> 1.7018044e-06 | N36: =ROUNDDOWN(M36*E6,0) -> 0 | O36: 0 | P36: =O36/L36 -> 0 | Q36: =N36*P36 -> 0
G37: =F37*E6 -> 0 | K37: =J37*H37 -> 0
E38: =SUM(E7:E36) -> 7827 | G38: =SUM(G7:G36) -> 204.33582 | H38: =SUM(H8:H36) -> 186 | I38: =SUM(I7:I36) -> 125809339 | J38: =I38/E38 -> 16073.762 | K38: =J38*H38 -> 2989719.8

Sheet BLANK_IC3 State to City
B4: REF URL | C4: Decription | D4: Unit | E4: Value | F4: Value/State Population | G4: Estimated In-City Victims, 2022, As if IC3 Victim Complaint | H4: State Victim Loss | I4: Even Loss per State Victim Count | J4: Projected In-City Victim Loss | K4: State Subject (Perpetrator) Count | L4: Subject (Perpetrator) to State Population | M4: Estimated Subject to City Population | N4: State Subject Losses (Perpetrator gained X dollars) | O4: Even Loss per State Subject | P4: Estimated In-City Subject Losses (Perpetrator Take from Victim)
B5: https://www.census.gov/quickfacts/fact/table/TN/PST045222 | C5: TN Population in 20 | D5: Population Estimate | F5: Raw Value | G5: (Victim Count/State Population ) * City Population | J5: Estimated In-City Victims * Even Loss per State Victim | P5: Subject to City * Even Loss per State Subject
B6: https://www.census.gov/quickfacts/chattanoogacitytennessee | C6: Chattanooga Population in 20 | D6: Population Estimate
B7: https://www.ic3.gov/Media/PDF/AnnualReport/2022State/StateReport.aspx#?s=47 | C7: Advanced Fee | D7: State Victim Count | F7: =E7/E5 -> #DIV/0! | G7: =ROUNDDOWN(F7*E6,0) -> #DIV/0! | I7: =H7/E7 -> #DIV/0! | J7: =I7*G7 -> #DIV/0! | L7: =K7/E5 -> #DIV/0! | M7: =ROUNDDOWN(L7*E6,0) -> #DIV/0! | O7: =N7/K7 -> #DIV/0! | P7: =M7*O7 -> #DIV/0!
B8: https://www.ic3.gov/Media/PDF/AnnualReport/2022State/StateReport.aspx#?s=47 | C8: Business Email Compromise | D8: State Victim Count | F8: =E8/E5 -> #DIV/0! | G8: =ROUNDDOWN(F8*E6,0) -> #DIV/0! | I8: =H8/E8 -> #DIV/0! | J8: =I8*G8 -> #DIV/0! | L8: =K8/E5 -> #DIV/0! | M8: =ROUNDDOWN(L8*E6,0) -> #DIV/0! | O8: =N8/K8 -> #DIV/0! | P8: =M8*O8 -> #DIV/0!
B9: https://www.ic3.gov/Media/PDF/AnnualReport/2022State/StateReport.aspx#?s=47 | C9: Botnet | D9: State Victim Count | F9: =E9/E5 -> #DIV/0! | G9: =ROUNDDOWN(F9*E6,0) -> #DIV/0! | I9: =H9/E9 -> #DIV/0! | J9: =I9*G9 -> #DIV/0! | L9: =K9/E5 -> #DIV/0! | M9: =ROUNDDOWN(L9*E6,0) -> #DIV/0! | O9: =N9/K9 -> #DIV/0! | P9: =M9*O9 -> #DIV/0!
B10: https://www.ic3.gov/Media/PDF/AnnualReport/2022State/StateReport.aspx#?s=47 | C10: Confidence/Romance | D10: State Victim Count | F10: =E10/E5 -> #DIV/0! | G10: =ROUNDDOWN(F10*E6,0) -> #DIV/0! | I10: =H10/E10 -> #DIV/0! | J10: =I10*G10 -> #DIV/0! | L10: =K10/E5 -> #DIV/0! | M10: =ROUNDDOWN(L10*E6,0) -> #DIV/0! | O10: =N10/K10 -> #DIV/0! | P10: =M10*O10 -> #DIV/0!
B11: https://www.ic3.gov/Media/PDF/AnnualReport/2022State/StateReport.aspx#?s=47 | C11: Check Fraud | D11: State Victim Count | F11: =E11/E5 -> #DIV/0! | G11: =ROUNDDOWN(F11*E6,0) -> #DIV/0! | I11: =H11/E11 -> #DIV/0! | J11: =I11*G11 -> #DIV/0! | L11: =K11/E5 -> #DIV/0! | M11: =ROUNDDOWN(L11*E6,0) -> #DIV/0! | O11: =N11/K11 -> #DIV/0! | P11: =M11*O11 -> #DIV/0!
B12: https://www.ic3.gov/Media/PDF/AnnualReport/2022State/StateReport.aspx#?s=47 | C12: Crimes Against Children | D12: State Victim Count | F12: =E12/E5 -> #DIV/0! | G12: =ROUNDDOWN(F12*E6,0) -> #DIV/0! | I12: =H12/E12 -> #DIV/0! | J12: =I12*G12 -> #DIV/0! | L12: =K12/E5 -> #DIV/0! | M12: =ROUNDDOWN(L12*E6,0) -> #DIV/0! | O12: =N12/K12 -> #DIV/0! | P12: =M12*O12 -> #DIV/0!
B13: https://www.ic3.gov/Media/PDF/AnnualReport/2022State/StateReport.aspx#?s=47 | C13: Data Breach | D13: State Victim Count | F13: =E13/E5 -> #DIV/0! | G13: =ROUNDDOWN(F13*E6,0) -> #DIV/0! | I13: =H13/E13 -> #DIV/0! | J13: =I13*G13 -> #DIV/0! | L13: =K13/E5 -> #DIV/0! | M13: =ROUNDDOWN(L13*E6,0) -> #DIV/0! | O13: =N13/K13 -> #DIV/0! | P13: =M13*O13 -> #DIV/0!
B14: https://www.ic3.gov/Media/PDF/AnnualReport/2022State/StateReport.aspx#?s=47 | C14: Employment | D14: State Victim Count | F14: =E14/E5 -> #DIV/0! | G14: =ROUNDDOWN(F14*E6,0) -> #DIV/0! | I14: =H14/E14 -> #DIV/0! | J14: =I14*G14 -> #DIV/0! | L14: =K14/E5 -> #DIV/0! | M14: =ROUNDDOWN(L14*E6,0) -> #DIV/0! | O14: =N14/K14 -> #DIV/0! | P14: =M14*O14 -> #DIV/0!
B15: https://www.ic3.gov/Media/PDF/AnnualReport/2022State/StateReport.aspx#?s=47 | C15: Extortion | D15: State Victim Count | F15: =E15/E5 -> #DIV/0! | G15: =ROUNDDOWN(F15*E6,0) -> #DIV/0! | I15: =H15/E15 -> #DIV/0! | J15: =I15*G15 -> #DIV/0! | L15: =K15/E5 -> #DIV/0! | M15: =ROUNDDOWN(L15*E6,0) -> #DIV/0! | O15: =N15/K15 -> #DIV/0! | P15: =M15*O15 -> #DIV/0!
B16: https://www.ic3.gov/Media/PDF/AnnualReport/2022State/StateReport.aspx#?s=47 | C16: Government Impersonation | D16: State Victim Count | F16: =E16/E5 -> #DIV/0! | G16: =ROUNDDOWN(F16*E6,0) -> #DIV/0! | I16: =H16/E16 -> #DIV/0! | J16: =I16*G16 -> #DIV/0! | L16: =K16/E5 -> #DIV/0! | M16: =ROUNDDOWN(L16*E6,0) -> #DIV/0! | O16: =N16/K16 -> #DIV/0! | P16: =M16*O16 -> #DIV/0!
B17: https://www.ic3.gov/Media/PDF/AnnualReport/2022State/StateReport.aspx#?s=47 | C17: Harassing/Stalking | D17: State Victim Count | F17: =E17/E5 -> #DIV/0! | G17: =ROUNDDOWN(F17*E6,0) -> #DIV/0! | I17: =H17/E17 -> #DIV/0! | J17: =I17*G17 -> #DIV/0! | L17: =K17/E5 -> #DIV/0! | M17: =ROUNDDOWN(L17*E6,0) -> #DIV/0! | O17: =N17/K17 -> #DIV/0! | P17: =M17*O17 -> #DIV/0!
B18: https://www.ic3.gov/Media/PDF/AnnualReport/2022State/StateReport.aspx#?s=47 | C18: IPR/Counterfeit | D18: State Victim Count | F18: =E18/E5 -> #DIV/0! | G18: =ROUNDDOWN(F18*E6,0) -> #DIV/0! | I18: =H18/E18 -> #DIV/0! | J18: =I18*G18 -> #DIV/0! | L18: =K18/E5 -> #DIV/0! | M18: =ROUNDDOWN(L18*E6,0) -> #DIV/0! | O18: =N18/K18 -> #DIV/0! | P18: =M18*O18 -> #DIV/0!
B19: https://www.ic3.gov/Media/PDF/AnnualReport/2022State/StateReport.aspx#?s=47 | C19: Identity Theft | D19: State Victim Count | F19: =E19/E5 -> #DIV/0! | G19: =ROUNDDOWN(F19*E6,0) -> #DIV/0! | I19: =H19/E19 -> #DIV/0! | J19: =I19*G19 -> #DIV/0! | L19: =K19/E5 -> #DIV/0! | M19: =ROUNDDOWN(L19*E6,0) -> #DIV/0! | O19: =N19/K19 -> #DIV/0! | P19: =M19*O19 -> #DIV/0!
B20: https://www.ic3.gov/Media/PDF/AnnualReport/2022State/StateReport.aspx#?s=47 | C20: Investment | D20: State Victim Count | F20: =E20/E5 -> #DIV/0! | G20: =ROUNDDOWN(F20*E6,0) -> #DIV/0! | I20: =H20/E20 -> #DIV/0! | J20: =I20*G20 -> #DIV/0! | L20: =K20/E5 -> #DIV/0! | M20: =ROUNDDOWN(L20*E6,0) -> #DIV/0! | O20: =N20/K20 -> #DIV/0! | P20: =M20*O20 -> #DIV/0!
B21: https://www.ic3.gov/Media/PDF/AnnualReport/2022State/StateReport.aspx#?s=47 | C21: Lottery/Sweepstakes/Inheritance | D21: State Victim Count | F21: =E21/E5 -> #DIV/0! | G21: =ROUNDDOWN(F21*E6,0) -> #DIV/0! | I21: =H21/E21 -> #DIV/0! | J21: =I21*G21 -> #DIV/0! | L21: =K21/E5 -> #DIV/0! | M21: =ROUNDDOWN(L21*E6,0) -> #DIV/0! | O21: =N21/K21 -> #DIV/0! | P21: =M21*O21 -> #DIV/0!
B22: https://www.ic3.gov/Media/PDF/AnnualReport/2022State/StateReport.aspx#?s=47 | C22: Malware | D22: State Victim Count | F22: =E22/E5 -> #DIV/0! | G22: =ROUNDDOWN(F22*E6,0) -> #DIV/0! | I22: =H22/E22 -> #DIV/0! | J22: =I22*G22 -> #DIV/0! | L22: =K22/E5 -> #DIV/0! | M22: =ROUNDDOWN(L22*E6,0) -> #DIV/0! | O22: =N22/K22 -> #DIV/0! | P22: =M22*O22 -> #DIV/0!
B23: https://www.ic3.gov/Media/PDF/AnnualReport/2022State/StateReport.aspx#?s=47 | C23: NCDF | D23: State Victim Count | F23: =E23/E5 -> #DIV/0! | G23: =ROUNDDOWN(F23*E6,0) -> #DIV/0! | I23: =H23/E23 -> #DIV/0! | J23: =I23*G23 -> #DIV/0! | L23: =K23/E5 -> #DIV/0! | M23: =ROUNDDOWN(L23*E6,0) -> #DIV/0! | O23: =N23/K23 -> #DIV/0! | P23: =M23*O23 -> #DIV/0!
B24: https://www.ic3.gov/Media/PDF/AnnualReport/2022State/StateReport.aspx#?s=47 | C24: NTOC | D24: State Victim Count | F24: =E24/E5 -> #DIV/0! | G24: =ROUNDDOWN(F24*E6,0) -> #DIV/0! | I24: =H24/E24 -> #DIV/0! | J24: =I24*G24 -> #DIV/0! | L24: =K24/E5 -> #DIV/0! | M24: =ROUNDDOWN(L24*E6,0) -> #DIV/0! | O24: =N24/K24 -> #DIV/0! | P24: =M24*O24 -> #DIV/0!
B25: https://www.ic3.gov/Media/PDF/AnnualReport/2022State/StateReport.aspx#?s=47 | C25: No Lead Value | D25: State Victim Count | F25: =E25/E5 -> #DIV/0! | G25: =ROUNDDOWN(F25*E6,0) -> #DIV/0! | I25: =H25/E25 -> #DIV/0! | J25: =I25*G25 -> #DIV/0! | L25: =K25/E5 -> #DIV/0! | M25: =ROUNDDOWN(L25*E6,0) -> #DIV/0! | O25: =N25/K25 -> #DIV/0! | P25: =M25*O25 -> #DIV/0!
B26: https://www.ic3.gov/Media/PDF/AnnualReport/2022State/StateReport.aspx#?s=47 | C26: Non-Payable/Non-Delivery | D26: State Victim Count | F26: =E26/E5 -> #DIV/0! | G26: =ROUNDDOWN(F26*E6,0) -> #DIV/0! | I26: =H26/E26 -> #DIV/0! | J26: =I26*G26 -> #DIV/0! | L26: =K26/E5 -> #DIV/0! | M26: =ROUNDDOWN(L26*E6,0) -> #DIV/0! | O26: =N26/K26 -> #DIV/0! | P26: =M26*O26 -> #DIV/0!
B27: https://www.ic3.gov/Media/PDF/AnnualReport/2022State/StateReport.aspx#?s=47 | C27: Other | D27: State Victim Count | F27: =E27/E5 -> #DIV/0! | G27: =ROUNDDOWN(F27*E6,0) -> #DIV/0! | I27: =H27/E27 -> #DIV/0! | J27: =I27*G27 -> #DIV/0! | L27: =K27/E5 -> #DIV/0! | M27: =ROUNDDOWN(L27*E6,0) -> #DIV/0! | O27: =N27/K27 -> #DIV/0! | P27: =M27*O27 -> #DIV/0!
B28: https://www.ic3.gov/Media/PDF/AnnualReport/2022State/StateReport.aspx#?s=47 | C28: Overpayment | D28: State Victim Count | F28: =E28/E5 -> #DIV/0! | G28: =ROUNDDOWN(F28*E6,0) -> #DIV/0! | I28: =H28/E28 -> #DIV/0! | J28: =I28*G28 -> #DIV/0! | L28: =K28/E5 -> #DIV/0! | M28: =ROUNDDOWN(L28*E6,0) -> #DIV/0! | O28: =N28/K28 -> #DIV/0! | P28: =M28*O28 -> #DIV/0!
B29: https://www.ic3.gov/Media/PDF/AnnualReport/2022State/StateReport.aspx#?s=47 | C29: Personal Data Breach | D29: State Victim Count | F29: =E29/E5 -> #DIV/0! | G29: =ROUNDDOWN(F29*E6,0) -> #DIV/0! | I29: =H29/E29 -> #DIV/0! | J29: =I29*G29 -> #DIV/0! | L29: =K29/E5 -> #DIV/0! | M29: =ROUNDDOWN(L29*E6,0) -> #DIV/0! | O29: =N29/K29 -> #DIV/0! | P29: =M29*O29 -> #DIV/0!
B30: https://www.ic3.gov/Media/PDF/AnnualReport/2022State/StateReport.aspx#?s=47 | C30: Phishing | D30: State Victim Count | F30: =E30/E5 -> #DIV/0! | G30: =ROUNDDOWN(F30*E6,0) -> #DIV/0! | I30: =H30/E30 -> #DIV/0! | J30: =I30*G30 -> #DIV/0! | L30: =K30/E5 -> #DIV/0! | M30: =ROUNDDOWN(L30*E6,0) -> #DIV/0! | O30: =N30/K30 -> #DIV/0! | P30: =M30*O30 -> #DIV/0!
B31: https://www.ic3.gov/Media/PDF/AnnualReport/2022State/StateReport.aspx#?s=47 | C31: Ransomware | D31: State Victim Count | F31: =E31/E5 -> #DIV/0! | G31: =ROUNDDOWN(F31*E6,0) -> #DIV/0! | I31: =H31/E31 -> #DIV/0! | J31: =I31*G31 -> #DIV/0! | L31: =K31/E5 -> #DIV/0! | M31: =ROUNDDOWN(L31*E6,0) -> #DIV/0! | O31: =N31/K31 -> #DIV/0! | P31: =M31*O31 -> #DIV/0!
B32: https://www.ic3.gov/Media/PDF/AnnualReport/2022State/StateReport.aspx#?s=47 | C32: Real Estate | D32: State Victim Count | F32: =E32/E5 -> #DIV/0! | G32: =ROUNDDOWN(F32*E6,0) -> #DIV/0! | I32: =H32/E32 -> #DIV/0! | J32: =I32*G32 -> #DIV/0! | L32: =K32/E5 -> #DIV/0! | M32: =ROUNDDOWN(L32*E6,0) -> #DIV/0! | O32: =N32/K32 -> #DIV/0! | P32: =M32*O32 -> #DIV/0!
B33: https://www.ic3.gov/Media/PDF/AnnualReport/2022State/StateReport.aspx#?s=47 | C33: SIM Swap | D33: State Victim Count | F33: =E33/E5 -> #DIV/0! | G33: =ROUNDDOWN(F33*E6,0) -> #DIV/0! | I33: =H33/E33 -> #DIV/0! | J33: =I33*G33 -> #DIV/0! | L33: =K33/E5 -> #DIV/0! | M33: =ROUNDDOWN(L33*E6,0) -> #DIV/0! | O33: =N33/K33 -> #DIV/0! | P33: =M33*O33 -> #DIV/0!
B34: https://www.ic3.gov/Media/PDF/AnnualReport/2022State/StateReport.aspx#?s=47 | C34: Spoofing | D34: State Victim Count | F34: =E34/E5 -> #DIV/0! | G34: =ROUNDDOWN(F34*E6,0) -> #DIV/0! | I34: =H34/E34 -> #DIV/0! | J34: =I34*G34 -> #DIV/0! | L34: =K34/E5 -> #DIV/0! | M34: =ROUNDDOWN(L34*E6,0) -> #DIV/0! | O34: =N34/K34 -> #DIV/0! | P34: =M34*O34 -> #DIV/0!
B35: https://www.ic3.gov/Media/PDF/AnnualReport/2022State/StateReport.aspx#?s=47 | C35: Tech Support | D35: State Victim Count | F35: =E35/E5 -> #DIV/0! | G35: =ROUNDDOWN(F35*E6,0) -> #DIV/0! | I35: =H35/E35 -> #DIV/0! | J35: =I35*G35 -> #DIV/0! | L35: =K35/E5 -> #DIV/0! | M35: =ROUNDDOWN(L35*E6,0) -> #DIV/0! | O35: =N35/K35 -> #DIV/0! | P35: =M35*O35 -> #DIV/0!
B36: https://www.ic3.gov/Media/PDF/AnnualReport/2022State/StateReport.aspx#?s=47 | C36: Threats of Violence | D36: State Victim Count | F36: =E36/E5 -> #DIV/0! | G36: =ROUNDDOWN(F36*E6,0) -> #DIV/0! | I36: =H36/E36 -> #DIV/0! | J36: =I36*G36 -> #DIV/0! | L36: =K36/E5 -> #DIV/0! | M36: =ROUNDDOWN(L36*E6,0) -> #DIV/0! | O36: =N36/K36 -> #DIV/0! | P36: =M36*O36 -> #DIV/0!
J37: =I37*G37 -> 0
E38: =SUM(E7:E36) -> 0 | G38: =SUM(G8:G36) -> #DIV/0! | I38: =H38/E38 -> #DIV/0! | J38: =I38*G38 -> #DIV/0!

Sheet BLANK_IC3 State to City (2)
B4: REF URL | C4: Decription | D4: Unit | E4: Value | F4: Value/State Population | G4: Estimated In-City Victims, 2022, As if IC3 Victim Complaint | H4: State Victim Loss | I4: Even Loss per State Victim Count | J4: Projected In-City Victim Loss | K4: State Subject (Perpetrator) Count | L4: Subject (Perpetrator) to State Population | M4: Estimated Subject to City Population | N4: State Subject Losses (Perpetrator gained X dollars) | O4: Even Loss per State Subject | P4: Estimated In-City Subject Losses (Perpetrator Take from Victim)
B5: https://www.census.gov/quickfacts/fact/table/TN/PST045222 | C5: TN Population in 20 | D5: Population Estimate | F5: Raw Value | G5: (Victim Count/State Population ) * City Population | J5: Estimated In-City Victims * Even Loss per State Victim | P5: Subject to City * Even Loss per State Subject
B6: https://www.census.gov/quickfacts/chattanoogacitytennessee | C6: Chattanooga Population in 20 | D6: Population Estimate
B7: https://www.ic3.gov/Media/PDF/AnnualReport/2022State/StateReport.aspx#?s=47 | C7: Advanced Fee | D7: State Victim Count | F7: =E7/E5 -> #DIV/0! | G7: =ROUNDDOWN(F7*E6,0) -> #DIV/0! | I7: =H7/E7 -> #DIV/0! | J7: =I7*G7 -> #DIV/0! | L7: =K7/E5 -> #DIV/0! | M7: =ROUNDDOWN(L7*E6,0) -> #DIV/0! | O7: =N7/K7 -> #DIV/0! | P7: =M7*O7 -> #DIV/0!
B8: https://www.ic3.gov/Media/PDF/AnnualReport/2022State/StateReport.aspx#?s=47 | C8: Business Email Compromise | D8: State Victim Count | F8: =E8/E5 -> #DIV/0! | G8: =ROUNDDOWN(F8*E6,0) -> #DIV/0! | I8: =H8/E8 -> #DIV/0! | J8: =I8*G8 -> #DIV/0! | L8: =K8/E5 -> #DIV/0! | M8: =ROUNDDOWN(L8*E6,0) -> #DIV/0! | O8: =N8/K8 -> #DIV/0! | P8: =M8*O8 -> #DIV/0!
B9: https://www.ic3.gov/Media/PDF/AnnualReport/2022State/StateReport.aspx#?s=47 | C9: Botnet | D9: State Victim Count | F9: =E9/E5 -> #DIV/0! | G9: =ROUNDDOWN(F9*E6,0) -> #DIV/0! | I9: =H9/E9 -> #DIV/0! | J9: =I9*G9 -> #DIV/0! | L9: =K9/E5 -> #DIV/0! | M9: =ROUNDDOWN(L9*E6,0) -> #DIV/0! | O9: =N9/K9 -> #DIV/0! | P9: =M9*O9 -> #DIV/0!
B10: https://www.ic3.gov/Media/PDF/AnnualReport/2022State/StateReport.aspx#?s=47 | C10: Confidence/Romance | D10: State Victim Count | F10: =E10/E5 -> #DIV/0! | G10: =ROUNDDOWN(F10*E6,0) -> #DIV/0! | I10: =H10/E10 -> #DIV/0! | J10: =I10*G10 -> #DIV/0! | L10: =K10/E5 -> #DIV/0! | M10: =ROUNDDOWN(L10*E6,0) -> #DIV/0! | O10: =N10/K10 -> #DIV/0! | P10: =M10*O10 -> #DIV/0!
B11: https://www.ic3.gov/Media/PDF/AnnualReport/2022State/StateReport.aspx#?s=47 | C11: Check Fraud | D11: State Victim Count | F11: =E11/E5 -> #DIV/0! | G11: =ROUNDDOWN(F11*E6,0) -> #DIV/0! | I11: =H11/E11 -> #DIV/0! | J11: =I11*G11 -> #DIV/0! | L11: =K11/E5 -> #DIV/0! | M11: =ROUNDDOWN(L11*E6,0) -> #DIV/0! | O11: =N11/K11 -> #DIV/0! | P11: =M11*O11 -> #DIV/0!
B12: https://www.ic3.gov/Media/PDF/AnnualReport/2022State/StateReport.aspx#?s=47 | C12: Crimes Against Children | D12: State Victim Count | F12: =E12/E5 -> #DIV/0! | G12: =ROUNDDOWN(F12*E6,0) -> #DIV/0! | I12: =H12/E12 -> #DIV/0! | J12: =I12*G12 -> #DIV/0! | L12: =K12/E5 -> #DIV/0! | M12: =ROUNDDOWN(L12*E6,0) -> #DIV/0! | O12: =N12/K12 -> #DIV/0! | P12: =M12*O12 -> #DIV/0!
B13: https://www.ic3.gov/Media/PDF/AnnualReport/2022State/StateReport.aspx#?s=47 | C13: Data Breach | D13: State Victim Count | F13: =E13/E5 -> #DIV/0! | G13: =ROUNDDOWN(F13*E6,0) -> #DIV/0! | I13: =H13/E13 -> #DIV/0! | J13: =I13*G13 -> #DIV/0! | L13: =K13/E5 -> #DIV/0! | M13: =ROUNDDOWN(L13*E6,0) -> #DIV/0! | O13: =N13/K13 -> #DIV/0! | P13: =M13*O13 -> #DIV/0!
B14: https://www.ic3.gov/Media/PDF/AnnualReport/2022State/StateReport.aspx#?s=47 | C14: Employment | D14: State Victim Count | F14: =E14/E5 -> #DIV/0! | G14: =ROUNDDOWN(F14*E6,0) -> #DIV/0! | I14: =H14/E14 -> #DIV/0! | J14: =I14*G14 -> #DIV/0! | L14: =K14/E5 -> #DIV/0! | M14: =ROUNDDOWN(L14*E6,0) -> #DIV/0! | O14: =N14/K14 -> #DIV/0! | P14: =M14*O14 -> #DIV/0!
B15: https://www.ic3.gov/Media/PDF/AnnualReport/2022State/StateReport.aspx#?s=47 | C15: Extortion | D15: State Victim Count | F15: =E15/E5 -> #DIV/0! | G15: =ROUNDDOWN(F15*E6,0) -> #DIV/0! | I15: =H15/E15 -> #DIV/0! | J15: =I15*G15 -> #DIV/0! | L15: =K15/E5 -> #DIV/0! | M15: =ROUNDDOWN(L15*E6,0) -> #DIV/0! | O15: =N15/K15 -> #DIV/0! | P15: =M15*O15 -> #DIV/0!
B16: https://www.ic3.gov/Media/PDF/AnnualReport/2022State/StateReport.aspx#?s=47 | C16: Government Impersonation | D16: State Victim Count | F16: =E16/E5 -> #DIV/0! | G16: =ROUNDDOWN(F16*E6,0) -> #DIV/0! | I16: =H16/E16 -> #DIV/0! | J16: =I16*G16 -> #DIV/0! | L16: =K16/E5 -> #DIV/0! | M16: =ROUNDDOWN(L16*E6,0) -> #DIV/0! | O16: =N16/K16 -> #DIV/0! | P16: =M16*O16 -> #DIV/0!
B17: https://www.ic3.gov/Media/PDF/AnnualReport/2022State/StateReport.aspx#?s=47 | C17: Harassing/Stalking | D17: State Victim Count | F17: =E17/E5 -> #DIV/0! | G17: =ROUNDDOWN(F17*E6,0) -> #DIV/0! | I17: =H17/E17 -> #DIV/0! | J17: =I17*G17 -> #DIV/0! | L17: =K17/E5 -> #DIV/0! | M17: =ROUNDDOWN(L17*E6,0) -> #DIV/0! | O17: =N17/K17 -> #DIV/0! | P17: =M17*O17 -> #DIV/0!
B18: https://www.ic3.gov/Media/PDF/AnnualReport/2022State/StateReport.aspx#?s=47 | C18: IPR/Counterfeit | D18: State Victim Count | F18: =E18/E5 -> #DIV/0! | G18: =ROUNDDOWN(F18*E6,0) -> #DIV/0! | I18: =H18/E18 -> #DIV/0! | J18: =I18*G18 -> #DIV/0! | L18: =K18/E5 -> #DIV/0! | M18: =ROUNDDOWN(L18*E6,0) -> #DIV/0! | O18: =N18/K18 -> #DIV/0! | P18: =M18*O18 -> #DIV/0!
B19: https://www.ic3.gov/Media/PDF/AnnualReport/2022State/StateReport.aspx#?s=47 | C19: Identity Theft | D19: State Victim Count | F19: =E19/E5 -> #DIV/0! | G19: =ROUNDDOWN(F19*E6,0) -> #DIV/0! | I19: =H19/E19 -> #DIV/0! | J19: =I19*G19 -> #DIV/0! | L19: =K19/E5 -> #DIV/0! | M19: =ROUNDDOWN(L19*E6,0) -> #DIV/0! | O19: =N19/K19 -> #DIV/0! | P19: =M19*O19 -> #DIV/0!
B20: https://www.ic3.gov/Media/PDF/AnnualReport/2022State/StateReport.aspx#?s=47 | C20: Investment | D20: State Victim Count | F20: =E20/E5 -> #DIV/0! | G20: =ROUNDDOWN(F20*E6,0) -> #DIV/0! | I20: =H20/E20 -> #DIV/0! | J20: =I20*G20 -> #DIV/0! | L20: =K20/E5 -> #DIV/0! | M20: =ROUNDDOWN(L20*E6,0) -> #DIV/0! | O20: =N20/K20 -> #DIV/0! | P20: =M20*O20 -> #DIV/0!
B21: https://www.ic3.gov/Media/PDF/AnnualReport/2022State/StateReport.aspx#?s=47 | C21: Lottery/Sweepstakes/Inheritance | D21: State Victim Count | F21: =E21/E5 -> #DIV/0! | G21: =ROUNDDOWN(F21*E6,0) -> #DIV/0! | I21: =H21/E21 -> #DIV/0! | J21: =I21*G21 -> #DIV/0! | L21: =K21/E5 -> #DIV/0! | M21: =ROUNDDOWN(L21*E6,0) -> #DIV/0! | O21: =N21/K21 -> #DIV/0! | P21: =M21*O21 -> #DIV/0!
B22: https://www.ic3.gov/Media/PDF/AnnualReport/2022State/StateReport.aspx#?s=47 | C22: Malware | D22: State Victim Count | F22: =E22/E5 -> #DIV/0! | G22: =ROUNDDOWN(F22*E6,0) -> #DIV/0! | I22: =H22/E22 -> #DIV/0! | J22: =I22*G22 -> #DIV/0! | L22: =K22/E5 -> #DIV/0! | M22: =ROUNDDOWN(L22*E6,0) -> #DIV/0! | O22: =N22/K22 -> #DIV/0! | P22: =M22*O22 -> #DIV/0!
B23: https://www.ic3.gov/Media/PDF/AnnualReport/2022State/StateReport.aspx#?s=47 | C23: NCDF | D23: State Victim Count | F23: =E23/E5 -> #DIV/0! | G23: =ROUNDDOWN(F23*E6,0) -> #DIV/0! | I23: =H23/E23 -> #DIV/0! | J23: =I23*G23 -> #DIV/0! | L23: =K23/E5 -> #DIV/0! | M23: =ROUNDDOWN(L23*E6,0) -> #DIV/0! | O23: =N23/K23 -> #DIV/0! | P23: =M23*O23 -> #DIV/0!
B24: https://www.ic3.gov/Media/PDF/AnnualReport/2022State/StateReport.aspx#?s=47 | C24: NTOC | D24: State Victim Count | F24: =E24/E5 -> #DIV/0! | G24: =ROUNDDOWN(F24*E6,0) -> #DIV/0! | I24: =H24/E24 -> #DIV/0! | J24: =I24*G24 -> #DIV/0! | L24: =K24/E5 -> #DIV/0! | M24: =ROUNDDOWN(L24*E6,0) -> #DIV/0! | O24: =N24/K24 -> #DIV/0! | P24: =M24*O24 -> #DIV/0!
B25: https://www.ic3.gov/Media/PDF/AnnualReport/2022State/StateReport.aspx#?s=47 | C25: No Lead Value | D25: State Victim Count | F25: =E25/E5 -> #DIV/0! | G25: =ROUNDDOWN(F25*E6,0) -> #DIV/0! | I25: =H25/E25 -> #DIV/0! | J25: =I25*G25 -> #DIV/0! | L25: =K25/E5 -> #DIV/0! | M25: =ROUNDDOWN(L25*E6,0) -> #DIV/0! | O25: =N25/K25 -> #DIV/0! | P25: =M25*O25 -> #DIV/0!
B26: https://www.ic3.gov/Media/PDF/AnnualReport/2022State/StateReport.aspx#?s=47 | C26: Non-Payable/Non-Delivery | D26: State Victim Count | F26: =E26/E5 -> #DIV/0! | G26: =ROUNDDOWN(F26*E6,0) -> #DIV/0! | I26: =H26/E26 -> #DIV/0! | J26: =I26*G26 -> #DIV/0! | L26: =K26/E5 -> #DIV/0! | M26: =ROUNDDOWN(L26*E6,0) -> #DIV/0! | O26: =N26/K26 -> #DIV/0! | P26: =M26*O26 -> #DIV/0!
B27: https://www.ic3.gov/Media/PDF/AnnualReport/2022State/StateReport.aspx#?s=47 | C27: Other | D27: State Victim Count | F27: =E27/E5 -> #DIV/0! | G27: =ROUNDDOWN(F27*E6,0) -> #DIV/0! | I27: =H27/E27 -> #DIV/0! | J27: =I27*G27 -> #DIV/0! | L27: =K27/E5 -> #DIV/0! | M27: =ROUNDDOWN(L27*E6,0) -> #DIV/0! | O27: =N27/K27 -> #DIV/0! | P27: =M27*O27 -> #DIV/0!
B28: https://www.ic3.gov/Media/PDF/AnnualReport/2022State/StateReport.aspx#?s=47 | C28: Overpayment | D28: State Victim Count | F28: =E28/E5 -> #DIV/0! | G28: =ROUNDDOWN(F28*E6,0) -> #DIV/0! | I28: =H28/E28 -> #DIV/0! | J28: =I28*G28 -> #DIV/0! | L28: =K28/E5 -> #DIV/0! | M28: =ROUNDDOWN(L28*E6,0) -> #DIV/0! | O28: =N28/K28 -> #DIV/0! | P28: =M28*O28 -> #DIV/0!
B29: https://www.ic3.gov/Media/PDF/AnnualReport/2022State/StateReport.aspx#?s=47 | C29: Personal Data Breach | D29: State Victim Count | F29: =E29/E5 -> #DIV/0! | G29: =ROUNDDOWN(F29*E6,0) -> #DIV/0! | I29: =H29/E29 -> #DIV/0! | J29: =I29*G29 -> #DIV/0! | L29: =K29/E5 -> #DIV/0! | M29: =ROUNDDOWN(L29*E6,0) -> #DIV/0! | O29: =N29/K29 -> #DIV/0! | P29: =M29*O29 -> #DIV/0!
B30: https://www.ic3.gov/Media/PDF/AnnualReport/2022State/StateReport.aspx#?s=47 | C30: Phishing | D30: State Victim Count | F30: =E30/E5 -> #DIV/0! | G30: =ROUNDDOWN(F30*E6,0) -> #DIV/0! | I30: =H30/E30 -> #DIV/0! | J30: =I30*G30 -> #DIV/0! | L30: =K30/E5 -> #DIV/0! | M30: =ROUNDDOWN(L30*E6,0) -> #DIV/0! | O30: =N30/K30 -> #DIV/0! | P30: =M30*O30 -> #DIV/0!
B31: https://www.ic3.gov/Media/PDF/AnnualReport/2022State/StateReport.aspx#?s=47 | C31: Ransomware | D31: State Victim Count | F31: =E31/E5 -> #DIV/0! | G31: =ROUNDDOWN(F31*E6,0) -> #DIV/0! | I31: =H31/E31 -> #DIV/0! | J31: =I31*G31 -> #DIV/0! | L31: =K31/E5 -> #DIV/0! | M31: =ROUNDDOWN(L31*E6,0) -> #DIV/0! | O31: =N31/K31 -> #DIV/0! | P31: =M31*O31 -> #DIV/0!
B32: https://www.ic3.gov/Media/PDF/AnnualReport/2022State/StateReport.aspx#?s=47 | C32: Real Estate | D32: State Victim Count | F32: =E32/E5 -> #DIV/0! | G32: =ROUNDDOWN(F32*E6,0) -> #DIV/0! | I32: =H32/E32 -> #DIV/0! | J32: =I32*G32 -> #DIV/0! | L32: =K32/E5 -> #DIV/0! | M32: =ROUNDDOWN(L32*E6,0) -> #DIV/0! | O32: =N32/K32 -> #DIV/0! | P32: =M32*O32 -> #DIV/0!
B33: https://www.ic3.gov/Media/PDF/AnnualReport/2022State/StateReport.aspx#?s=47 | C33: SIM Swap | D33: State Victim Count | F33: =E33/E5 -> #DIV/0! | G33: =ROUNDDOWN(F33*E6,0) -> #DIV/0! | I33: =H33/E33 -> #DIV/0! | J33: =I33*G33 -> #DIV/0! | L33: =K33/E5 -> #DIV/0! | M33: =ROUNDDOWN(L33*E6,0) -> #DIV/0! | O33: =N33/K33 -> #DIV/0! | P33: =M33*O33 -> #DIV/0!
B34: https://www.ic3.gov/Media/PDF/AnnualReport/2022State/StateReport.aspx#?s=47 | C34: Spoofing | D34: State Victim Count | F34: =E34/E5 -> #DIV/0! | G34: =ROUNDDOWN(F34*E6,0) -> #DIV/0! | I34: =H34/E34 -> #DIV/0! | J34: =I34*G34 -> #DIV/0! | L34: =K34/E5 -> #DIV/0! | M34: =ROUNDDOWN(L34*E6,0) -> #DIV/0! | O34: =N34/K34 -> #DIV/0! | P34: =M34*O34 -> #DIV/0!
B35: https://www.ic3.gov/Media/PDF/AnnualReport/2022State/StateReport.aspx#?s=47 | C35: Tech Support | D35: State Victim Count | F35: =E35/E5 -> #DIV/0! | G35: =ROUNDDOWN(F35*E6,0) -> #DIV/0! | I35: =H35/E35 -> #DIV/0! | J35: =I35*G35 -> #DIV/0! | L35: =K35/E5 -> #DIV/0! | M35: =ROUNDDOWN(L35*E6,0) -> #DIV/0! | O35: =N35/K35 -> #DIV/0! | P35: =M35*O35 -> #DIV/0!
B36: https://www.ic3.gov/Media/PDF/AnnualReport/2022State/StateReport.aspx#?s=47 | C36: Threats of Violence | D36: State Victim Count | F36: =E36/E5 -> #DIV/0! | G36: =ROUNDDOWN(F36*E6,0) -> #DIV/0! | I36: =H36/E36 -> #DIV/0! | J36: =I36*G36 -> #DIV/0! | L36: =K36/E5 -> #DIV/0! | M36: =ROUNDDOWN(L36*E6,0) -> #DIV/0! | O36: =N36/K36 -> #DIV/0! | P36: =M36*O36 -> #DIV/0!
J37: =I37*G37 -> 0
E38: =SUM(E7:E36) -> 0 | G38: =SUM(G8:G36) -> #DIV/0! | I38: =H38/E38 -> #DIV/0! | J38: =I38*G38 -> #DIV/0!
