Workbook

Sheet State Summary Graphs
B2: State IC3 Data
H3: System Intrusion Group | M3: Threat to Personnel via Network | P3: Theft of Data via Network
B4: Year | C4: City Population | D4: Column1 | E4: Column2 | F4: Column3 | G4: Crimes | H4: Data Breach | I4: Personal Data Breach | J4: Malware | K4: Phishing | L4: Ransomware | M4: Crimes Against Children | N4: Extortion | O4: Threats/Stalking/Harassment/Terrorism | P4: IPR/Counterfeit | Q4: Identify Theft | R4: BEC
B5: 2016 | C5: ='2016_IC3 State to City'!$E$6 | H5: 53 | I5: 429 | J5: 60 | K5: 298 | L5: 49 | M5: 14 | N5: 361 | O5: 276 | P5: 44 | Q5: 281 | R5: 161
B6: 2017 | C6: ='2017_IC3 State to City'!$E$6 | H6: 53 | I6: 490 | J6: 43 | K6: 347 | L6: 33 | M6: 19 | N6: 290 | O6: 230 | P6: 38 | Q6: 332 | R6: 184
B7: 2018 | C7: ='2018_IC3 State to City'!$E$6 | H7: 28 | I7: 697 | J7: 23 | K7: 311 | L7: 20 | M7: 28 | N7: 759 | O7: 262 | P7: 25 | Q7: 407 | R7: 297
B8: 2019 | C8: ='2019_IC3 State to City'!$E$6 | H8: 21 | I8: 507 | J8: 46 | K8: 310 | L8: 34 | M8: 23 | N8: 725 | O8: 199 | P8: 58 | Q8: 289 | R8: 331
B9: 2020 | C9: ='2020_IC3 State to City'!$E$6 | H9: 29 | I9: 714 | J9: 18 | K9: 379 | L9: 34 | M9: 60 | N9: 1185 | O9: 267 | P9: 75 | Q9: 419 | R9: 249
B10: 2021 | C10: ='2021_IC3 State to City'!$E$6 | H10: 21 | I10: 742 | J10: 11 | K10: 438 | L10: 47 | M10: 29 | N10: 628 | O10: 172 | P10: 60 | Q10: 529 | R10: 321
B11: 2022 | C11: ='2022_IC3 State to City'!$E$6 | H11: 44 | I11: 903 | J11: 9 | K11: 296 | L11: 31 | M11: 54 | N11: 695 | O11: 28 | P11: 19 | Q11: 539 | R11: ='2022_IC3 State to City'!$E$8

Sheet 2016_IC3 State to City
B4: REF URL | C4: Decription | D4: Unit | E4: Value | F4: Value/State Population | G4: Estimated In-City Victims, 2022, As if IC3 Victim Complaint | H4: State Victim Loss | I4: Even Loss per State Victim Count | J4: Projected In-City Victim Loss | K4: State Subject (Perpetrator) Count | L4: Subject (Perpetrator) to State Population | M4: Estimated Subject to City Population | N4: State Subject Losses (Perpetrator gained X dollars) | O4: Even Loss per State Subject | P4: Estimated In-City Subject Losses (Perpetrator Take from Victim)
B5: https://www.census.gov/quickfacts/fact/table/TN/PST045222 | C5: TN Population in 2016 | D5: Population Estimate | E5: 6646010 | F5: Raw Value | G5: (Victim Count/State Population ) * City Population | J5: Estimated In-City Victims * Even Loss per State Victim | P5: Subject to City * Even Loss per State Subject
B6: https://www.census.gov/quickfacts/chattanoogacitytennessee | C6: Chattanooga Population in 2016 | D6: Population Estimate | E6: 177746
B7: https://www.ic3.gov/Media/PDF/AnnualReport/2016State/StateReport.aspx#?s=47 | C7: Advanced Fee | D7: State Victim Count | E7: 276 | F7: =E7/E5 | G7: =ROUNDDOWN(F7*E6,0) | H7: 1211869 | I7: =H7/E7 | J7: =I7*G7 | K7: 65 | L7: =K7/E5 | M7: =ROUNDDOWN(L7*E6,0) | N7: 147059 | O7: =N7/K7 | P7: =M7*O7
B8: https://www.ic3.gov/Media/PDF/AnnualReport/2016State/StateReport.aspx#?s=47 | C8: Business Email Compromise | D8: State Victim Count | E8: 161 | F8: =E8/E5 | G8: =ROUNDDOWN(F8*E6,0) | H8: 2781785 | I8: =H8/E8 | J8: =I8*G8 | K8: 43 | L8: =K8/E5 | M8: =ROUNDDOWN(L8*E6,0) | N8: 546991 | O8: =N8/K8 | P8: =M8*O8
B9: https://www.ic3.gov/Media/PDF/AnnualReport/2016State/StateReport.aspx#?s=47 | C9: Botnet | D9: State Victim Count | F9: =E9/E5 | G9: =ROUNDDOWN(F9*E6,0) | I9: =H9/E9 | J9: =I9*G9 | L9: =K9/E5 | M9: =ROUNDDOWN(L9*E6,0) | O9: =N9/K9 | P9: =M9*O9
B10: https://www.ic3.gov/Media/PDF/AnnualReport/2016State/StateReport.aspx#?s=47 | C10: Confidence/Romance | D10: State Victim Count | E10: 220 | F10: =E10/E5 | G10: =ROUNDDOWN(F10*E6,0) | H10: 2251140 | I10: =H10/E10 | J10: =I10*G10 | K10: 74 | L10: =K10/E5 | M10: =ROUNDDOWN(L10*E6,0) | N10: 955402 | O10: =N10/K10 | P10: =M10*O10
B11: https://www.ic3.gov/Media/PDF/AnnualReport/2016State/StateReport.aspx#?s=47 | C11: Check Fraud | D11: State Victim Count | F11: =E11/E5 | G11: =ROUNDDOWN(F11*E6,0) | I11: =H11/E11 | J11: =I11*G11 | L11: =K11/E5 | M11: =ROUNDDOWN(L11*E6,0) | O11: =N11/K11 | P11: =M11*O11
B12: https://www.ic3.gov/Media/PDF/AnnualReport/2016State/StateReport.aspx#?s=47 | C12: Crimes Against Children | D12: State Victim Count | E12: 14 | F12: =E12/E5 | G12: =ROUNDDOWN(F12*E6,0) | H12: 175 | I12: =H12/E12 | J12: =I12*G12 | K12: 5 | L12: =K12/E5 | M12: =ROUNDDOWN(L12*E6,0) | N12: 0 | O12: =N12/K12 | P12: =M12*O12
B13: https://www.ic3.gov/Media/PDF/AnnualReport/2016State/StateReport.aspx#?s=47 | C13: Data Breach | D13: State Victim Count | E13: 53 | F13: =E13/E5 | G13: =ROUNDDOWN(F13*E6,0) | H13: 121715 | I13: =H13/E13 | J13: =I13*G13 | K13: 11 | L13: =K13/E5 | M13: =ROUNDDOWN(L13*E6,0) | N13: 35450 | P13: =M13*O13
B14: https://www.ic3.gov/Media/PDF/AnnualReport/2016State/StateReport.aspx#?s=47 | C14: Employment | D14: State Victim Count | E14: 271 | F14: =E14/E5 | G14: =ROUNDDOWN(F14*E6,0) | H14: 513855 | I14: =H14/E14 | J14: =I14*G14 | K14: 75 | L14: =K14/E5 | M14: =ROUNDDOWN(L14*E6,0) | N14: 111690 | O14: =N14/K14 | P14: =M14*O14
B15: https://www.ic3.gov/Media/PDF/AnnualReport/2016State/StateReport.aspx#?s=47 | C15: Extortion | D15: State Victim Count | E15: 361 | F15: =E15/E5 | G15: =ROUNDDOWN(F15*E6,0) | H15: 249043 | I15: =H15/E15 | J15: =I15*G15 | K15: 38 | L15: =K15/E5 | M15: =ROUNDDOWN(L15*E6,0) | N15: 54046 | O15: =N15/K15 | P15: =M15*O15
B16: https://www.ic3.gov/Media/PDF/AnnualReport/2016State/StateReport.aspx#?s=47 | C16: Government Impersonation | D16: State Victim Count | E16: 291 | F16: =E16/E5 | G16: =ROUNDDOWN(F16*E6,0) | H16: 200649 | J16: =I16*G16 | K16: 20 | L16: =K16/E5 | M16: =ROUNDDOWN(L16*E6,0) | N16: 12891 | O16: =N16/K16 | P16: =M16*O16
B17: https://www.ic3.gov/Media/PDF/AnnualReport/2016State/StateReport.aspx#?s=47 | C17: Harassing/Stalking | D17: State Victim Count | F17: =E17/E5 | G17: =ROUNDDOWN(F17*E6,0) | I17: =H17/E17 | J17: =I17*G17 | L17: =K17/E5 | M17: =ROUNDDOWN(L17*E6,0) | O17: =N17/K17 | P17: =M17*O17
B18: https://www.ic3.gov/Media/PDF/AnnualReport/2016State/StateReport.aspx#?s=47 | C18: IPR/Counterfeit | D18: State Victim Count | E18: 44 | F18: =E18/E5 | G18: =ROUNDDOWN(F18*E6,0) | H18: 31909 | I18: =H18/E18 | J18: =I18*G18 | K18: 13 | L18: =K18/E5 | M18: =ROUNDDOWN(L18*E6,0) | N18: 6030 | O18: =N18/K18 | P18: =M18*O18
B19: https://www.ic3.gov/Media/PDF/AnnualReport/2016State/StateReport.aspx#?s=47 | C19: Identity Theft | D19: State Victim Count | E19: 281 | F19: =E19/E5 | G19: =ROUNDDOWN(F19*E6,0) | H19: 564262 | I19: =H19/E19 | J19: =I19*G19 | K19: 77 | L19: =K19/E5 | M19: =ROUNDDOWN(L19*E6,0) | N19: 248422 | O19: =N19/K19 | P19: =M19*O19
B20: https://www.ic3.gov/Media/PDF/AnnualReport/2016State/StateReport.aspx#?s=47 | C20: Investment | D20: State Victim Count | E20: 15 | F20: =E20/E5 | G20: =ROUNDDOWN(F20*E6,0) | H20: 604540 | I20: =H20/E20 | J20: =I20*G20 | K20: 10 | L20: =K20/E5 | M20: =ROUNDDOWN(L20*E6,0) | N20: 377812 | O20: =N20/K20 | P20: =M20*O20
B21: https://www.ic3.gov/Media/PDF/AnnualReport/2016State/StateReport.aspx#?s=47 | C21: Lottery/Sweepstakes/Inheritance | D21: State Victim Count | E21: 102 | F21: =E21/E5 | G21: =ROUNDDOWN(F21*E6,0) | H21: 780297 | I21: =H21/E21 | J21: =I21*G21 | K21: 17 | L21: =K21/E5 | M21: =ROUNDDOWN(L21*E6,0) | N21: 87613 | O21: =N21/K21 | P21: =M21*O21
B22: https://www.ic3.gov/Media/PDF/AnnualReport/2016State/StateReport.aspx#?s=47 | C22: Malware | D22: State Victim Count | E22: 60 | F22: =E22/E5 | G22: =ROUNDDOWN(F22*E6,0) | H22: =8139+7793 | I22: =H22/E22 | J22: =I22*G22 | K22: 14 | L22: =K22/E5 | M22: =ROUNDDOWN(L22*E6,0) | N22: 517 | O22: =N22/K22 | P22: =M22*O22
B23: https://www.ic3.gov/Media/PDF/AnnualReport/2016State/StateReport.aspx#?s=47 | C23: NCDF | D23: State Victim Count | F23: =E23/E5 | G23: =ROUNDDOWN(F23*E6,0) | I23: =H23/E23 | J23: =I23*G23 | L23: =K23/E5 | M23: =ROUNDDOWN(L23*E6,0) | O23: =N23/K23 | P23: =M23*O23
B24: https://www.ic3.gov/Media/PDF/AnnualReport/2016State/StateReport.aspx#?s=47 | C24: NTOC | D24: State Victim Count | F24: =E24/E5 | G24: =ROUNDDOWN(F24*E6,0) | I24: =H24/E24 | J24: =I24*G24 | L24: =K24/E5 | M24: =ROUNDDOWN(L24*E6,0) | O24: =N24/K24 | P24: =M24*O24
B25: https://www.ic3.gov/Media/PDF/AnnualReport/2016State/StateReport.aspx#?s=47 | C25: No Lead Value | D25: State Victim Count | E25: 146 | F25: =E25/E5 | G25: =ROUNDDOWN(F25*E6,0) | H25: 0 | I25: =H25/E25 | J25: =I25*G25 | K25: 215 | L25: =K25/E5 | M25: =ROUNDDOWN(L25*E6,0) | N25: 0 | O25: =N25/K25 | P25: =M25*O25
B26: https://www.ic3.gov/Media/PDF/AnnualReport/2016State/StateReport.aspx#?s=47 | C26: Non-Payable/Non-Delivery | D26: State Victim Count | E26: 1285 | F26: =E26/E5 | G26: =ROUNDDOWN(F26*E6,0) | H26: 1996281 | I26: =H26/E26 | J26: =I26*G26 | K26: 495 | L26: =K26/E5 | M26: =ROUNDDOWN(L26*E6,0) | N26: 1547162 | O26: =N26/K26 | P26: =M26*O26
B27: https://www.ic3.gov/Media/PDF/AnnualReport/2016State/StateReport.aspx#?s=47 | C27: Other | D27: State Victim Count | E27: 148 | F27: =E27/E5 | G27: =ROUNDDOWN(F27*E6,0) | H27: 421656 | I27: =H27/E27 | J27: =I27*G27 | K27: 45 | L27: =K27/E5 | M27: =ROUNDDOWN(L27*E6,0) | N27: 180005 | O27: =N27/K27 | P27: =M27*O27
B28: https://www.ic3.gov/Media/PDF/AnnualReport/2016State/StateReport.aspx#?s=47 | C28: Overpayment | D28: State Victim Count | F28: =E28/E5 | G28: =ROUNDDOWN(F28*E6,0) | H28: NO MATCH | I28: =H28/E28 | J28: =I28*G28 | L28: =K28/E5 | M28: =ROUNDDOWN(L28*E6,0) | O28: =N28/K28 | P28: =M28*O28
B29: https://www.ic3.gov/Media/PDF/AnnualReport/2016State/StateReport.aspx#?s=47 | C29: Personal Data Breach | D29: State Victim Count | E29: 429 | F29: =E29/E5 | G29: =ROUNDDOWN(F29*E6,0) | H29: 938982 | I29: =H29/E29 | J29: =I29*G29 | K29: 282 | L29: =K29/E5 | M29: =ROUNDDOWN(L29*E6,0) | N29: 97512 | O29: =N29/K29 | P29: =M29*O29
B30: https://www.ic3.gov/Media/PDF/AnnualReport/2016State/StateReport.aspx#?s=47 | C30: Phishing | D30: State Victim Count | E30: 298 | F30: =E30/E5 | G30: =ROUNDDOWN(F30*E6,0) | H30: 267275 | I30: =H30/E30 | J30: =I30*G30 | K30: 36 | L30: =K30/E5 | M30: =ROUNDDOWN(L30*E6,0) | N30: 9790 | O30: =N30/K30 | P30: =M30*O30
B31: https://www.ic3.gov/Media/PDF/AnnualReport/2016State/StateReport.aspx#?s=47 | C31: Ransomware | D31: State Victim Count | E31: 49 | F31: =E31/E5 | G31: =ROUNDDOWN(F31*E6,0) | H31: 10106 | I31: =H31/E31 | J31: =I31*G31 | K31: 3 | L31: =K31/E5 | M31: =ROUNDDOWN(L31*E6,0) | N31: 0 | O31: =N31/K31 | P31: =M31*O31
B32: https://www.ic3.gov/Media/PDF/AnnualReport/2016State/StateReport.aspx#?s=47 | C32: Real Estate | D32: State Victim Count | E32: 165 | F32: =E32/E5 | G32: =ROUNDDOWN(F32*E6,0) | H32: 528855 | I32: =H32/E32 | J32: =I32*G32 | K32: 78 | L32: =K32/E5 | M32: =ROUNDDOWN(L32*E6,0) | N32: 459938 | O32: =N32/K32 | P32: =M32*O32
B33: https://www.ic3.gov/Media/PDF/AnnualReport/2016State/StateReport.aspx#?s=47 | C33: SIM Swap | D33: State Victim Count | F33: =E33/E5 | G33: =ROUNDDOWN(F33*E6,0) | H33: NO MATCH | I33: =H33/E33 | J33: =I33*G33 | L33: =K33/E5 | M33: =ROUNDDOWN(L33*E6,0) | O33: =N33/K33 | P33: =M33*O33
B34: https://www.ic3.gov/Media/PDF/AnnualReport/2016State/StateReport.aspx#?s=47 | C34: Spoofing | D34: State Victim Count | F34: =E34/E5 | G34: =ROUNDDOWN(F34*E6,0) | H34: NO MATCH | I34: =H34/E34 | J34: =I34*G34 | K34: 11 | L34: =K34/E5 | M34: =ROUNDDOWN(L34*E6,0) | O34: =N34/K34 | P34: =M34*O34
B35: https://www.ic3.gov/Media/PDF/AnnualReport/2016State/StateReport.aspx#?s=47 | C35: Tech Support | D35: State Victim Count | E35: 185 | F35: =E35/E5 | G35: =ROUNDDOWN(F35*E6,0) | H35: 131727 | I35: =H35/E35 | J35: =I35*G35 | L35: =K35/E5 | M35: =ROUNDDOWN(L35*E6,0) | N35: 2750 | O35: =N35/K35 | P35: =M35*O35
B36: https://www.ic3.gov/Media/PDF/AnnualReport/2016State/StateReport.aspx#?s=47 | C36: Threats of Violence | D36: State Victim Count | E36: 276 | F36: =E36/E5 | G36: =ROUNDDOWN(F36*E6,0) | H36: 227858 | I36: =H36/E36 | J36: =I36*G36 | K36: 283 | L36: =K36/E5 | M36: =ROUNDDOWN(L36*E6,0) | N36: 57874 | O36: =N36/K36 | P36: =M36*O36
J37: =I37*G37
E38: =SUM(E7:E36) | G38: =SUM(G8:G36) | I38: =H38/E38 | J38: =I38*G38
C39: Malware + Virus
C40: Harassment, Stalking, Threats of Violence and Terrorism all combined

Sheet 2017_IC3 State to City
B4: REF URL | C4: Decription | D4: Unit | E4: Value | F4: Value/State Population | G4: Estimated In-City Victims, 2022, As if IC3 Victim Complaint | H4: State Victim Loss | I4: Even Loss per State Victim Count | J4: Projected In-City Victim Loss | K4: State Subject (Perpetrator) Count | L4: Subject (Perpetrator) to State Population | M4: Estimated Subject to City Population | N4: State Subject Losses (Perpetrator gained X dollars) | O4: Even Loss per State Subject | P4: Estimated In-City Subject Losses (Perpetrator Take from Victim)
B5: https://www.census.gov/quickfacts/fact/table/TN/PST045222 | C5: TN Population in 2017 | D5: Population Estimate | E5: 6708799 | F5: Raw Value | G5: (Victim Count/State Population ) * City Population | J5: Estimated In-City Victims * Even Loss per State Victim | P5: Subject to City * Even Loss per State Subject
B6: https://www.census.gov/quickfacts/chattanoogacitytennessee | C6: Chattanooga Population in 2017 | D6: Population Estimate | E6: 179530
B7: https://www.ic3.gov/Media/PDF/AnnualReport/2017State/StateReport.aspx#?s=47 | C7: Advanced Fee | D7: State Victim Count | E7: 264 | F7: =E7/E5 | G7: =ROUNDDOWN(F7*E6,0) | H7: 591748 | I7: =H7/E7 | J7: =I7*G7 | K7: 70 | L7: =K7/E5 | M7: =ROUNDDOWN(L7*E6,0) | N7: 222720 | O7: =N7/K7 | P7: =M7*O7
B8: https://www.ic3.gov/Media/PDF/AnnualReport/2017State/StateReport.aspx#?s=47 | C8: Business Email Compromise | D8: State Victim Count | E8: 184 | F8: =E8/E5 | G8: =ROUNDDOWN(F8*E6,0) | H8: 4251983 | I8: =H8/E8 | J8: =I8*G8 | K8: 44 | L8: =K8/E5 | M8: =ROUNDDOWN(L8*E6,0) | N8: 577018 | O8: =N8/K8 | P8: =M8*O8
B9: https://www.ic3.gov/Media/PDF/AnnualReport/2017State/StateReport.aspx#?s=47 | C9: Botnet | D9: State Victim Count | F9: =E9/E5 | G9: =ROUNDDOWN(F9*E6,0) | I9: =H9/E9 | J9: =I9*G9 | L9: =K9/E5 | M9: =ROUNDDOWN(L9*E6,0) | O9: =N9/K9 | P9: =M9*O9
B10: https://www.ic3.gov/Media/PDF/AnnualReport/2017State/StateReport.aspx#?s=47 | C10: Confidence/Romance | D10: State Victim Count | E10: 260 | F10: =E10/E5 | G10: =ROUNDDOWN(F10*E6,0) | H10: 2450680 | I10: =H10/E10 | J10: =I10*G10 | K10: 88 | L10: =K10/E5 | M10: =ROUNDDOWN(L10*E6,0) | N10: 682875 | O10: =N10/K10 | P10: =M10*O10
B11: https://www.ic3.gov/Media/PDF/AnnualReport/2017State/StateReport.aspx#?s=47 | C11: Check Fraud | D11: State Victim Count | F11: =E11/E5 | G11: =ROUNDDOWN(F11*E6,0) | I11: =H11/E11 | J11: =I11*G11 | L11: =K11/E5 | M11: =ROUNDDOWN(L11*E6,0) | O11: =N11/K11 | P11: =M11*O11
B12: https://www.ic3.gov/Media/PDF/AnnualReport/2017State/StateReport.aspx#?s=47 | C12: Crimes Against Children | D12: State Victim Count | E12: 19 | F12: =E12/E5 | G12: =ROUNDDOWN(F12*E6,0) | H12: 0 | I12: =H12/E12 | J12: =I12*G12 | K12: 3 | L12: =K12/E5 | M12: =ROUNDDOWN(L12*E6,0) | N12: 0 | O12: =N12/K12 | P12: =M12*O12
B13: https://www.ic3.gov/Media/PDF/AnnualReport/2017State/StateReport.aspx#?s=47 | C13: Data Breach | D13: State Victim Count | E13: 53 | F13: =E13/E5 | G13: =ROUNDDOWN(F13*E6,0) | H13: 967932 | I13: =H13/E13 | J13: =I13*G13 | K13: 6 | L13: =K13/E5 | M13: =ROUNDDOWN(L13*E6,0) | N13: 0 | O13: =N13/K13 | P13: =M13*O13
B14: https://www.ic3.gov/Media/PDF/AnnualReport/2017State/StateReport.aspx#?s=47 | C14: Employment | D14: State Victim Count | E14: 257 | F14: =E14/E5 | G14: =ROUNDDOWN(F14*E6,0) | H14: 346353 | I14: =H14/E14 | J14: =I14*G14 | K14: 76 | L14: =K14/E5 | M14: =ROUNDDOWN(L14*E6,0) | N14: 49381 | O14: =N14/K14 | P14: =M14*O14
B15: https://www.ic3.gov/Media/PDF/AnnualReport/2017State/StateReport.aspx#?s=47 | C15: Extortion | D15: State Victim Count | E15: 290 | F15: =E15/E5 | G15: =ROUNDDOWN(F15*E6,0) | H15: 171336 | I15: =H15/E15 | J15: =I15*G15 | K15: 32 | L15: =K15/E5 | M15: =ROUNDDOWN(L15*E6,0) | N15: 10895 | O15: =N15/K15 | P15: =M15*O15
B16: https://www.ic3.gov/Media/PDF/AnnualReport/2017State/StateReport.aspx#?s=47 | C16: Government Impersonation | D16: State Victim Count | E16: 174 | F16: =E16/E5 | G16: =ROUNDDOWN(F16*E6,0) | H16: 118043 | I16: =H16/E16 | J16: =I16*G16 | K16: 11 | L16: =K16/E5 | M16: =ROUNDDOWN(L16*E6,0) | N16: 17516 | O16: =N16/K16 | P16: =M16*O16
B17: https://www.ic3.gov/Media/PDF/AnnualReport/2017State/StateReport.aspx#?s=47 | C17: Harassing/Stalking | D17: State Victim Count | F17: =E17/E5 | G17: =ROUNDDOWN(F17*E6,0) | I17: =H17/E17 | J17: =I17*G17 | L17: =K17/E5 | M17: =ROUNDDOWN(L17*E6,0) | O17: =N17/K17 | P17: =M17*O17
B18: https://www.ic3.gov/Media/PDF/AnnualReport/2017State/StateReport.aspx#?s=47 | C18: IPR/Counterfeit | D18: State Victim Count | E18: 38 | F18: =E18/E5 | G18: =ROUNDDOWN(F18*E6,0) | H18: 34455 | I18: =H18/E18 | J18: =I18*G18 | K18: 12 | L18: =K18/E5 | M18: =ROUNDDOWN(L18*E6,0) | N18: 8398 | O18: =N18/K18 | P18: =M18*O18
B19: https://www.ic3.gov/Media/PDF/AnnualReport/2017State/StateReport.aspx#?s=47 | C19: Identity Theft | D19: State Victim Count | E19: 332 | F19: =E19/E5 | G19: =ROUNDDOWN(F19*E6,0) | H19: 1241184 | I19: =H19/E19 | J19: =I19*G19 | K19: 98 | L19: =K19/E5 | M19: =ROUNDDOWN(L19*E6,0) | N19: 677427 | O19: =N19/K19 | P19: =M19*O19
B20: https://www.ic3.gov/Media/PDF/AnnualReport/2017State/StateReport.aspx#?s=47 | C20: Investment | D20: State Victim Count | E20: 34 | F20: =E20/E5 | G20: =ROUNDDOWN(F20*E6,0) | H20: 260468 | I20: =H20/E20 | J20: =I20*G20 | K20: 16 | L20: =K20/E5 | M20: =ROUNDDOWN(L20*E6,0) | N20: 143560 | O20: =N20/K20 | P20: =M20*O20
B21: https://www.ic3.gov/Media/PDF/AnnualReport/2017State/StateReport.aspx#?s=47 | C21: Lottery/Sweepstakes/Inheritance | D21: State Victim Count | E21: 77 | F21: =E21/E5 | G21: =ROUNDDOWN(F21*E6,0) | H21: 121151 | I21: =H21/E21 | J21: =I21*G21 | K21: 21 | L21: =K21/E5 | M21: =ROUNDDOWN(L21*E6,0) | N21: 83881 | O21: =N21/K21 | P21: =M21*O21
B22: https://www.ic3.gov/Media/PDF/AnnualReport/2017State/StateReport.aspx#?s=47 | C22: Malware | D22: State Victim Count | E22: 43 | F22: =E22/E5 | G22: =ROUNDDOWN(F22*E6,0) | H22: 13325 | I22: =H22/E22 | J22: =I22*G22 | K22: 5 | L22: =K22/E5 | M22: =ROUNDDOWN(L22*E6,0) | N22: 1033 | O22: =N22/K22 | P22: =M22*O22
B23: https://www.ic3.gov/Media/PDF/AnnualReport/2017State/StateReport.aspx#?s=47 | C23: NCDF | D23: State Victim Count | F23: =E23/E5 | G23: =ROUNDDOWN(F23*E6,0) | I23: =H23/E23 | J23: =I23*G23 | L23: =K23/E5 | M23: =ROUNDDOWN(L23*E6,0) | O23: =N23/K23 | P23: =M23*O23
B24: https://www.ic3.gov/Media/PDF/AnnualReport/2017State/StateReport.aspx#?s=47 | C24: NTOC | D24: State Victim Count | F24: =E24/E5 | G24: =ROUNDDOWN(F24*E6,0) | I24: =H24/E24 | J24: =I24*G24 | L24: =K24/E5 | M24: =ROUNDDOWN(L24*E6,0) | O24: =N24/K24 | P24: =M24*O24
B25: https://www.ic3.gov/Media/PDF/AnnualReport/2017State/StateReport.aspx#?s=47 | C25: No Lead Value | D25: State Victim Count | E25: 155 | F25: =E25/E5 | G25: =ROUNDDOWN(F25*E6,0) | H25: 0 | I25: =H25/E25 | J25: =I25*G25 | K25: 157 | L25: =K25/E5 | M25: =ROUNDDOWN(L25*E6,0) | N25: 0 | O25: =N25/K25 | P25: =M25*O25
B26: https://www.ic3.gov/Media/PDF/AnnualReport/2017State/StateReport.aspx#?s=47 | C26: Non-Payable/Non-Delivery | D26: State Victim Count | E26: 1547 | F26: =E26/E5 | G26: =ROUNDDOWN(F26*E6,0) | H26: 2217462 | I26: =H26/E26 | J26: =I26*G26 | K26: 480 | L26: =K26/E5 | M26: =ROUNDDOWN(L26*E6,0) | N26: 906871 | O26: =N26/K26 | P26: =M26*O26
B27: https://www.ic3.gov/Media/PDF/AnnualReport/2017State/StateReport.aspx#?s=47 | C27: Other | D27: State Victim Count | E27: 207 | F27: =E27/E5 | G27: =ROUNDDOWN(F27*E6,0) | H27: 297647 | I27: =H27/E27 | J27: =I27*G27 | K27: 68 | L27: =K27/E5 | M27: =ROUNDDOWN(L27*E6,0) | N27: 6964 | O27: =N27/K27 | P27: =M27*O27
B28: https://www.ic3.gov/Media/PDF/AnnualReport/2017State/StateReport.aspx#?s=47 | C28: Overpayment | D28: State Victim Count | E28: 321 | F28: =E28/E5 | G28: =ROUNDDOWN(F28*E6,0) | H28: 702742 | I28: =H28/E28 | J28: =I28*G28 | K28: 86 | L28: =K28/E5 | M28: =ROUNDDOWN(L28*E6,0) | N28: 92394 | O28: =N28/K28 | P28: =M28*O28
B29: https://www.ic3.gov/Media/PDF/AnnualReport/2017State/StateReport.aspx#?s=47 | C29: Personal Data Breach | D29: State Victim Count | E29: 490 | F29: =E29/E5 | G29: =ROUNDDOWN(F29*E6,0) | H29: 461249 | I29: =H29/E29 | J29: =I29*G29 | K29: 132 | L29: =K29/E5 | M29: =ROUNDDOWN(L29*E6,0) | N29: 180877 | O29: =N29/K29 | P29: =M29*O29
B30: https://www.ic3.gov/Media/PDF/AnnualReport/2017State/StateReport.aspx#?s=47 | C30: Phishing | D30: State Victim Count | E30: 347 | F30: =E30/E5 | G30: =ROUNDDOWN(F30*E6,0) | H30: 133594 | I30: =H30/E30 | J30: =I30*G30 | K30: 57 | L30: =K30/E5 | M30: =ROUNDDOWN(L30*E6,0) | N30: 18601 | O30: =N30/K30 | P30: =M30*O30
B31: https://www.ic3.gov/Media/PDF/AnnualReport/2017State/StateReport.aspx#?s=47 | C31: Ransomware | D31: State Victim Count | E31: 33 | F31: =E31/E5 | G31: =ROUNDDOWN(F31*E6,0) | H31: 95411 | I31: =H31/E31 | J31: =I31*G31 | K31: 2 | L31: =K31/E5 | M31: =ROUNDDOWN(L31*E6,0) | N31: 50000 | O31: =N31/K31 | P31: =M31*O31
B32: https://www.ic3.gov/Media/PDF/AnnualReport/2017State/StateReport.aspx#?s=47 | C32: Real Estate | D32: State Victim Count | E32: 148 | F32: =E32/E5 | G32: =ROUNDDOWN(F32*E6,0) | H32: 262428 | I32: =H32/E32 | J32: =I32*G32 | K32: 78 | L32: =K32/E5 | M32: =ROUNDDOWN(L32*E6,0) | N32: 454840 | O32: =N32/K32 | P32: =M32*O32
B33: https://www.ic3.gov/Media/PDF/AnnualReport/2017State/StateReport.aspx#?s=47 | C33: SIM Swap | D33: State Victim Count | F33: =E33/E5 | G33: =ROUNDDOWN(F33*E6,0) | I33: =H33/E33 | J33: =I33*G33 | L33: =K33/E5 | M33: =ROUNDDOWN(L33*E6,0) | O33: =N33/K33 | P33: =M33*O33
B34: https://www.ic3.gov/Media/PDF/AnnualReport/2017State/StateReport.aspx#?s=47 | C34: Spoofing | D34: State Victim Count | E34: 0 | F34: =E34/E5 | G34: =ROUNDDOWN(F34*E6,0) | H34: 0 | I34: =H34/E34 | J34: =I34*G34 | K34: 0 | L34: =K34/E5 | M34: =ROUNDDOWN(L34*E6,0) | N34: 0 | O34: =N34/K34 | P34: =M34*O34
B35: https://www.ic3.gov/Media/PDF/AnnualReport/2017State/StateReport.aspx#?s=47 | C35: Tech Support | D35: State Victim Count | E35: 190 | F35: =E35/E5 | G35: =ROUNDDOWN(F35*E6,0) | H35: 168911 | I35: =H35/E35 | J35: =I35*G35 | K35: 14 | L35: =K35/E5 | M35: =ROUNDDOWN(L35*E6,0) | N35: 8331 | O35: =N35/K35 | P35: =M35*O35
B36: https://www.ic3.gov/Media/PDF/AnnualReport/2017State/StateReport.aspx#?s=47 | C36: Threats of Violence | D36: State Victim Count | E36: 230 | F36: =E36/E5 | G36: =ROUNDDOWN(F36*E6,0) | H36: 96901 | I36: =H36/E36 | J36: =I36*G36 | K36: 112 | L36: =K36/E5 | M36: =ROUNDDOWN(L36*E6,0) | N36: 98776 | O36: =N36/K36 | P36: =M36*O36
J37: =I37*G37
E38: =SUM(E7:E36) | G38: =SUM(G8:G36) | I38: =H38/E38 | J38: =I38*G38
C40: Harassment, Stalking, Threats of Violence and Terrorism all combined
C41: Had 2 Terrorism this year

Sheet 2018_IC3 State to City
B4: REF URL | C4: Decription | D4: Unit | E4: Value | F4: Value/State Population | G4: Estimated In-City Victims, 2022, As if IC3 Victim Complaint | H4: State Victim Loss | I4: Even Loss per State Victim Count | J4: Projected In-City Victim Loss | K4: State Subject (Perpetrator) Count | L4: Subject (Perpetrator) to State Population | M4: Estimated Subject to City Population | N4: State Subject Losses (Perpetrator gained X dollars) | O4: Even Loss per State Subject | P4: Estimated In-City Subject Losses (Perpetrator Take from Victim)
B5: https://www.census.gov/quickfacts/fact/table/TN/PST045222 | C5: TN Population in 2018 | D5: Population Estimate | E5: 6771631 | F5: Raw Value | G5: (Victim Count/State Population ) * City Population | J5: Estimated In-City Victims * Even Loss per State Victim | P5: Subject to City * Even Loss per State Subject
B6: https://www.census.gov/quickfacts/chattanoogacitytennessee | C6: Chattanooga Population in 2018 | D6: Population Estimate | E6: 181918
B7: https://www.ic3.gov/Media/PDF/AnnualReport/2018State/StateReport.aspx#?s=47 | C7: Advanced Fee | D7: State Victim Count | E7: 275 | F7: =E7/E5 | G7: =ROUNDDOWN(F7*E6,0) | H7: 713685 | I7: =H7/E7 | J7: =I7*G7 | K7: 66 | L7: =K7/E5 | M7: =ROUNDDOWN(L7*E6,0) | N7: 516623 | O7: =N7/K7 | P7: =M7*O7
B8: https://www.ic3.gov/Media/PDF/AnnualReport/2018State/StateReport.aspx#?s=47 | C8: Business Email Compromise | D8: State Victim Count | E8: 297 | F8: =E8/E5 | G8: =ROUNDDOWN(F8*E6,0) | H8: 16072195 | I8: =H8/E8 | J8: =I8*G8 | K8: 59 | L8: =K8/E5 | M8: =ROUNDDOWN(L8*E6,0) | N8: 3628283 | O8: =N8/K8 | P8: =M8*O8
B9: https://www.ic3.gov/Media/PDF/AnnualReport/2018State/StateReport.aspx#?s=47 | C9: Botnet | D9: State Victim Count | F9: =E9/E5 | G9: =ROUNDDOWN(F9*E6,0) | I9: =H9/E9 | J9: =I9*G9 | L9: =K9/E5 | M9: =ROUNDDOWN(L9*E6,0) | O9: =N9/K9 | P9: =M9*O9
B10: https://www.ic3.gov/Media/PDF/AnnualReport/2018State/StateReport.aspx#?s=47 | C10: Confidence/Romance | D10: State Victim Count | E10: 268 | F10: =E10/E5 | G10: =ROUNDDOWN(F10*E6,0) | H10: 5101478 | I10: =H10/E10 | J10: =I10*G10 | K10: 112 | L10: =K10/E5 | M10: =ROUNDDOWN(L10*E6,0) | N10: 2307165 | O10: =N10/K10 | P10: =M10*O10
B11: https://www.ic3.gov/Media/PDF/AnnualReport/2018State/StateReport.aspx#?s=47 | C11: Check Fraud | D11: State Victim Count | F11: =E11/E5 | G11: =ROUNDDOWN(F11*E6,0) | I11: =H11/E11 | J11: =I11*G11 | L11: =K11/E5 | M11: =ROUNDDOWN(L11*E6,0) | O11: =N11/K11 | P11: =M11*O11
B12: https://www.ic3.gov/Media/PDF/AnnualReport/2018State/StateReport.aspx#?s=47 | C12: Crimes Against Children | D12: State Victim Count | E12: 28 | F12: =E12/E5 | G12: =ROUNDDOWN(F12*E6,0) | H12: 0 | I12: =H12/E12 | J12: =I12*G12 | K12: 8 | L12: =K12/E5 | M12: =ROUNDDOWN(L12*E6,0) | N12: 0 | O12: =N12/K12 | P12: =M12*O12
B13: https://www.ic3.gov/Media/PDF/AnnualReport/2018State/StateReport.aspx#?s=47 | C13: Data Breach | D13: State Victim Count | E13: 28 | F13: =E13/E5 | G13: =ROUNDDOWN(F13*E6,0) | H13: 476146 | I13: =H13/E13 | J13: =I13*G13 | K13: 5 | L13: =K13/E5 | M13: =ROUNDDOWN(L13*E6,0) | N13: 126300 | O13: =N13/K13 | P13: =M13*O13
B14: https://www.ic3.gov/Media/PDF/AnnualReport/2018State/StateReport.aspx#?s=47 | C14: Employment | D14: State Victim Count | E14: 258 | F14: =E14/E5 | G14: =ROUNDDOWN(F14*E6,0) | H14: 268247 | I14: =H14/E14 | J14: =I14*G14 | K14: 85 | L14: =K14/E5 | M14: =ROUNDDOWN(L14*E6,0) | N14: 157215 | P14: =M14*O14
B15: https://www.ic3.gov/Media/PDF/AnnualReport/2018State/StateReport.aspx#?s=47 | C15: Extortion | D15: State Victim Count | E15: 759 | F15: =E15/E5 | G15: =ROUNDDOWN(F15*E6,0) | H15: 298202 | I15: =H15/E15 | J15: =I15*G15 | K15: 105 | L15: =K15/E5 | M15: =ROUNDDOWN(L15*E6,0) | N15: 258828 | P15: =M15*O15
B16: https://www.ic3.gov/Media/PDF/AnnualReport/2018State/StateReport.aspx#?s=47 | C16: Government Impersonation | D16: State Victim Count | E16: 236 | F16: =E16/E5 | G16: =ROUNDDOWN(F16*E6,0) | H16: 504683 | J16: =I16*G16 | K16: 24 | L16: =K16/E5 | M16: =ROUNDDOWN(L16*E6,0) | N16: 109665 | O16: =N16/K16 | P16: =M16*O16
B17: https://www.ic3.gov/Media/PDF/AnnualReport/2018State/StateReport.aspx#?s=47 | C17: Harassing/Stalking | D17: State Victim Count | F17: =E17/E5 | G17: =ROUNDDOWN(F17*E6,0) | I17: =H17/E17 | J17: =I17*G17 | L17: =K17/E5 | M17: =ROUNDDOWN(L17*E6,0) | O17: =N17/K17 | P17: =M17*O17
B18: https://www.ic3.gov/Media/PDF/AnnualReport/2018State/StateReport.aspx#?s=47 | C18: IPR/Counterfeit | D18: State Victim Count | E18: 25 | F18: =E18/E5 | G18: =ROUNDDOWN(F18*E6,0) | H18: 62769 | I18: =H18/E18 | J18: =I18*G18 | K18: 10 | L18: =K18/E5 | M18: =ROUNDDOWN(L18*E6,0) | N18: 62431 | P18: =M18*O18
B19: https://www.ic3.gov/Media/PDF/AnnualReport/2018State/StateReport.aspx#?s=47 | C19: Identity Theft | D19: State Victim Count | E19: 407 | F19: =E19/E5 | G19: =ROUNDDOWN(F19*E6,0) | H19: 1271461 | I19: =H19/E19 | J19: =I19*G19 | K19: 235 | L19: =K19/E5 | M19: =ROUNDDOWN(L19*E6,0) | N19: 235577 | O19: =N19/K19 | P19: =M19*O19
B20: https://www.ic3.gov/Media/PDF/AnnualReport/2018State/StateReport.aspx#?s=47 | C20: Investment | D20: State Victim Count | E20: 17 | F20: =E20/E5 | G20: =ROUNDDOWN(F20*E6,0) | H20: 1124651 | I20: =H20/E20 | J20: =I20*G20 | K20: 9 | L20: =K20/E5 | M20: =ROUNDDOWN(L20*E6,0) | N20: 1959171 | O20: =N20/K20 | P20: =M20*O20
B21: https://www.ic3.gov/Media/PDF/AnnualReport/2018State/StateReport.aspx#?s=47 | C21: Lottery/Sweepstakes/Inheritance | D21: State Victim Count | E21: 117 | F21: =E21/E5 | G21: =ROUNDDOWN(F21*E6,0) | H21: 35007 | I21: =H21/E21 | J21: =I21*G21 | K21: 20 | L21: =K21/E5 | M21: =ROUNDDOWN(L21*E6,0) | N21: 185881 | O21: =N21/K21 | P21: =M21*O21
B22: https://www.ic3.gov/Media/PDF/AnnualReport/2018State/StateReport.aspx#?s=47 | C22: Malware | D22: State Victim Count | E22: 23 | F22: =E22/E5 | G22: =ROUNDDOWN(F22*E6,0) | H22: 150 | I22: =H22/E22 | J22: =I22*G22 | K22: 5 | L22: =K22/E5 | M22: =ROUNDDOWN(L22*E6,0) | N22: 1758 | O22: =N22/K22 | P22: =M22*O22
B23: https://www.ic3.gov/Media/PDF/AnnualReport/2018State/StateReport.aspx#?s=47 | C23: NCDF | D23: State Victim Count | F23: =E23/E5 | G23: =ROUNDDOWN(F23*E6,0) | I23: =H23/E23 | J23: =I23*G23 | L23: =K23/E5 | M23: =ROUNDDOWN(L23*E6,0) | O23: =N23/K23 | P23: =M23*O23
B24: https://www.ic3.gov/Media/PDF/AnnualReport/2018State/StateReport.aspx#?s=47 | C24: NTOC | D24: State Victim Count | F24: =E24/E5 | G24: =ROUNDDOWN(F24*E6,0) | I24: =H24/E24 | J24: =I24*G24 | L24: =K24/E5 | M24: =ROUNDDOWN(L24*E6,0) | O24: =N24/K24 | P24: =M24*O24
B25: https://www.ic3.gov/Media/PDF/AnnualReport/2018State/StateReport.aspx#?s=47 | C25: No Lead Value | D25: State Victim Count | E25: 691 | F25: =E25/E5 | G25: =ROUNDDOWN(F25*E6,0) | H25: 2000 | I25: =H25/E25 | J25: =I25*G25 | K25: 501 | L25: =K25/E5 | M25: =ROUNDDOWN(L25*E6,0) | N25: 0 | O25: =N25/K25 | P25: =M25*O25
B26: https://www.ic3.gov/Media/PDF/AnnualReport/2018State/StateReport.aspx#?s=47 | C26: Non-Payable/Non-Delivery | D26: State Victim Count | E26: 1020 | F26: =E26/E5 | G26: =ROUNDDOWN(F26*E6,0) | H26: 2450142 | I26: =H26/E26 | J26: =I26*G26 | K26: 350 | L26: =K26/E5 | M26: =ROUNDDOWN(L26*E6,0) | N26: 1352168 | O26: =N26/K26 | P26: =M26*O26
B27: https://www.ic3.gov/Media/PDF/AnnualReport/2018State/StateReport.aspx#?s=47 | C27: Other | D27: State Victim Count | E27: 146 | F27: =E27/E5 | G27: =ROUNDDOWN(F27*E6,0) | H27: 98342 | I27: =H27/E27 | J27: =I27*G27 | K27: 64 | L27: =K27/E5 | M27: =ROUNDDOWN(L27*E6,0) | N27: 212276 | O27: =N27/K27 | P27: =M27*O27
B28: https://www.ic3.gov/Media/PDF/AnnualReport/2018State/StateReport.aspx#?s=47 | C28: Overpayment | D28: State Victim Count | E28: 228 | F28: =E28/E5 | G28: =ROUNDDOWN(F28*E6,0) | H28: 205197 | I28: =H28/E28 | J28: =I28*G28 | K28: 91 | L28: =K28/E5 | M28: =ROUNDDOWN(L28*E6,0) | N28: 164202 | O28: =N28/K28 | P28: =M28*O28
B29: https://www.ic3.gov/Media/PDF/AnnualReport/2018State/StateReport.aspx#?s=47 | C29: Personal Data Breach | D29: State Victim Count | E29: 697 | F29: =E29/E5 | G29: =ROUNDDOWN(F29*E6,0) | H29: 1078377 | I29: =H29/E29 | J29: =I29*G29 | K29: 187 | L29: =K29/E5 | M29: =ROUNDDOWN(L29*E6,0) | N29: 534473 | O29: =N29/K29 | P29: =M29*O29
B30: https://www.ic3.gov/Media/PDF/AnnualReport/2018State/StateReport.aspx#?s=47 | C30: Phishing | D30: State Victim Count | E30: 311 | F30: =E30/E5 | G30: =ROUNDDOWN(F30*E6,0) | H30: 236437 | I30: =H30/E30 | J30: =I30*G30 | K30: 52 | L30: =K30/E5 | M30: =ROUNDDOWN(L30*E6,0) | N30: 256030 | O30: =N30/K30 | P30: =M30*O30
B31: https://www.ic3.gov/Media/PDF/AnnualReport/2018State/StateReport.aspx#?s=47 | C31: Ransomware | D31: State Victim Count | E31: 20 | F31: =E31/E5 | G31: =ROUNDDOWN(F31*E6,0) | H31: 36722 | I31: =H31/E31 | J31: =I31*G31 | K31: 1 | L31: =K31/E5 | M31: =ROUNDDOWN(L31*E6,0) | N31: 0 | O31: =N31/K31 | P31: =M31*O31
B32: https://www.ic3.gov/Media/PDF/AnnualReport/2018State/StateReport.aspx#?s=47 | C32: Real Estate | D32: State Victim Count | E32: 154 | F32: =E32/E5 | G32: =ROUNDDOWN(F32*E6,0) | H32: 1252773 | I32: =H32/E32 | J32: =I32*G32 | K32: 94 | L32: =K32/E5 | M32: =ROUNDDOWN(L32*E6,0) | N32: 730382 | O32: =N32/K32 | P32: =M32*O32
B33: https://www.ic3.gov/Media/PDF/AnnualReport/2018State/StateReport.aspx#?s=47 | C33: SIM Swap | D33: State Victim Count | F33: =E33/E5 | G33: =ROUNDDOWN(F33*E6,0) | I33: =H33/E33 | J33: =I33*G33 | L33: =K33/E5 | M33: =ROUNDDOWN(L33*E6,0) | O33: =N33/K33 | P33: =M33*O33
B34: https://www.ic3.gov/Media/PDF/AnnualReport/2018State/StateReport.aspx#?s=47 | C34: Spoofing | D34: State Victim Count | E34: 193 | F34: =E34/E5 | G34: =ROUNDDOWN(F34*E6,0) | H34: 297281 | I34: =H34/E34 | J34: =I34*G34 | K34: 40 | L34: =K34/E5 | M34: =ROUNDDOWN(L34*E6,0) | N34: 429686 | O34: =N34/K34 | P34: =M34*O34
B35: https://www.ic3.gov/Media/PDF/AnnualReport/2018State/StateReport.aspx#?s=47 | C35: Tech Support | D35: State Victim Count | E35: 245 | F35: =E35/E5 | G35: =ROUNDDOWN(F35*E6,0) | H35: 405006 | I35: =H35/E35 | J35: =I35*G35 | K35: 28 | L35: =K35/E5 | M35: =ROUNDDOWN(L35*E6,0) | N35: 214280 | O35: =N35/K35 | P35: =M35*O35
B36: https://www.ic3.gov/Media/PDF/AnnualReport/2018State/StateReport.aspx#?s=47 | C36: Threats of Violence | D36: State Victim Count | E36: 262 | F36: =E36/E5 | G36: =ROUNDDOWN(F36*E6,0) | H36: 110608 | I36: =H36/E36 | J36: =I36*G36 | K36: 125 | L36: =K36/E5 | M36: =ROUNDDOWN(L36*E6,0) | N36: 91667 | O36: =N36/K36 | P36: =M36*O36
J37: =I37*G37
E38: =SUM(E7:E36) | G38: =SUM(G8:G36) | I38: =H38/E38 | J38: =I38*G38
C39: Harassment/Stalking/Threats of Violence/Terrorism combined

Sheet 2019_IC3 State to City
B4: REF URL | C4: Decription | D4: Unit | E4: Value | F4: Value/State Population | G4: Estimated In-City Victims, 2022, As if IC3 Victim Complaint | H4: State Victim Loss | I4: Even Loss per State Victim Count | J4: Projected In-City Victim Loss | K4: State Subject (Perpetrator) Count | L4: Subject (Perpetrator) to State Population | M4: Estimated Subject to City Population | N4: State Subject Losses (Perpetrator gained X dollars) | O4: Even Loss per State Subject | P4: Estimated In-City Subject Losses (Perpetrator Take from Victim)
B5: https://www2.census.gov/programs-surveys/popest/tables/2010-2019/state/totals/nst-est2019-01.xlsx | C5: TN Population in 2019 | D5: Population Estimate | E5: 6829174 | F5: Raw Value | G5: (Victim Count/State Population ) * City Population | J5: Estimated In-City Victims * Even Loss per State Victim | P5: Subject to City * Even Loss per State Subject
B6: https://www2.census.gov/programs-surveys/popest/tables/2010-2019/cities/totals/SUB-IP-EST2019-ANNRES-47.xlsx | C6: Chattanooga Population in 2019 | D6: Population Estimate | E6: 182799
B7: https://www.ic3.gov/Media/PDF/AnnualReport/2019State/StateReport.aspx#?s=47 | C7: Advanced Fee | D7: State Victim Count | E7: 213 | F7: =E7/E5 | G7: =ROUNDDOWN(F7*E6,0) | H7: 1071731 | I7: =H7/E7 | J7: =I7*G7 | K7: 50 | L7: =K7/E5 | M7: =ROUNDDOWN(L7*E6,0) | N7: 607608 | O7: =N7/K7 | P7: =M7*O7
B8: https://www.ic3.gov/Media/PDF/AnnualReport/2019State/StateReport.aspx#?s=47 | C8: Business Email Compromise | D8: State Victim Count | E8: 331 | F8: =E8/E5 | G8: =ROUNDDOWN(F8*E6,0) | H8: 12938403 | I8: =H8/E8 | J8: =I8*G8 | K8: 60 | L8: =K8/E5 | M8: =ROUNDDOWN(L8*E6,0) | N8: 7348472 | O8: =N8/K8 | P8: =M8*O8
B9: https://www.ic3.gov/Media/PDF/AnnualReport/2019State/StateReport.aspx#?s=47 | C9: Botnet | D9: State Victim Count | F9: =E9/E5 | G9: =ROUNDDOWN(F9*E6,0) | I9: =H9/E9 | J9: =I9*G9 | L9: =K9/E5 | M9: =ROUNDDOWN(L9*E6,0) | O9: =N9/K9 | P9: =M9*O9
B10: https://www.ic3.gov/Media/PDF/AnnualReport/2019State/StateReport.aspx#?s=47 | C10: Confidence/Romance | D10: State Victim Count | E10: 293 | F10: =E10/E5 | G10: =ROUNDDOWN(F10*E6,0) | H10: 4948521 | I10: =H10/E10 | J10: =I10*G10 | K10: 131 | L10: =K10/E5 | M10: =ROUNDDOWN(L10*E6,0) | N10: 2571226 | O10: =N10/K10 | P10: =M10*O10
B11: https://www.ic3.gov/Media/PDF/AnnualReport/2019State/StateReport.aspx#?s=47 | C11: Check Fraud | D11: State Victim Count | F11: =E11/E5 | G11: =ROUNDDOWN(F11*E6,0) | I11: =H11/E11 | J11: =I11*G11 | L11: =K11/E5 | M11: =ROUNDDOWN(L11*E6,0) | O11: =N11/K11 | P11: =M11*O11
B12: https://www.ic3.gov/Media/PDF/AnnualReport/2019State/StateReport.aspx#?s=47 | C12: Crimes Against Children | D12: State Victim Count | E12: 23 | F12: =E12/E5 | G12: =ROUNDDOWN(F12*E6,0) | H12: 0 | I12: =H12/E12 | J12: =I12*G12 | K12: 5 | L12: =K12/E5 | M12: =ROUNDDOWN(L12*E6,0) | N12: 0 | O12: =N12/K12 | P12: =M12*O12
B13: https://www.ic3.gov/Media/PDF/AnnualReport/2019State/StateReport.aspx#?s=47 | C13: Data Breach | D13: State Victim Count | E13: 21 | F13: =E13/E5 | G13: =ROUNDDOWN(F13*E6,0) | H13: 2572 | I13: =H13/E13 | J13: =I13*G13 | K13: 1 | L13: =K13/E5 | M13: =ROUNDDOWN(L13*E6,0) | N13: 0 | O13: =N13/K13 | P13: =M13*O13
B14: https://www.ic3.gov/Media/PDF/AnnualReport/2019State/StateReport.aspx#?s=47 | C14: Employment | D14: State Victim Count | E14: 208 | F14: =E14/E5 | G14: =ROUNDDOWN(F14*E6,0) | H14: 394010 | I14: =H14/E14 | J14: =I14*G14 | K14: 64 | L14: =K14/E5 | M14: =ROUNDDOWN(L14*E6,0) | N14: 208089 | O14: =N14/K14 | P14: =M14*O14
B15: https://www.ic3.gov/Media/PDF/AnnualReport/2019State/StateReport.aspx#?s=47 | C15: Extortion | D15: State Victim Count | E15: 725 | F15: =E15/E5 | G15: =ROUNDDOWN(F15*E6,0) | H15: 629565 | J15: =I15*G15 | K15: 93 | L15: =K15/E5 | M15: =ROUNDDOWN(L15*E6,0) | N15: 87152 | O15: =N15/K15 | P15: =M15*O15
B16: https://www.ic3.gov/Media/PDF/AnnualReport/2019State/StateReport.aspx#?s=47 | C16: Government Impersonation | D16: State Victim Count | E16: 227 | F16: =E16/E5 | G16: =ROUNDDOWN(F16*E6,0) | H16: 555364 | I16: =H16/E16 | J16: =I16*G16 | K16: 29 | L16: =K16/E5 | M16: =ROUNDDOWN(L16*E6,0) | N16: 83100 | O16: =N16/K16 | P16: =M16*O16
B17: https://www.ic3.gov/Media/PDF/AnnualReport/2019State/StateReport.aspx#?s=47 | C17: Harassing/Stalking | D17: State Victim Count | F17: =E17/E5 | G17: =ROUNDDOWN(F17*E6,0) | I17: =H17/E17 | J17: =I17*G17 | L17: =K17/E5 | M17: =ROUNDDOWN(L17*E6,0) | O17: =N17/K17 | P17: =M17*O17
B18: https://www.ic3.gov/Media/PDF/AnnualReport/2019State/StateReport.aspx#?s=47 | C18: IPR/Counterfeit | D18: State Victim Count | E18: 58 | F18: =E18/E5 | G18: =ROUNDDOWN(F18*E6,0) | H18: 195407 | I18: =H18/E18 | J18: =I18*G18 | K18: 8 | L18: =K18/E5 | M18: =ROUNDDOWN(L18*E6,0) | N18: 2925 | O18: =N18/K18 | P18: =M18*O18
B19: https://www.ic3.gov/Media/PDF/AnnualReport/2019State/StateReport.aspx#?s=47 | C19: Identity Theft | D19: State Victim Count | E19: 289 | F19: =E19/E5 | G19: =ROUNDDOWN(F19*E6,0) | H19: 896835 | I19: =H19/E19 | J19: =I19*G19 | K19: 91 | L19: =K19/E5 | M19: =ROUNDDOWN(L19*E6,0) | N19: 392223 | O19: =N19/K19 | P19: =M19*O19
B20: https://www.ic3.gov/Media/PDF/AnnualReport/2019State/StateReport.aspx#?s=47 | C20: Investment | D20: State Victim Count | E20: 35 | F20: =E20/E5 | G20: =ROUNDDOWN(F20*E6,0) | H20: 7667267 | I20: =H20/E20 | J20: =I20*G20 | K20: 25 | L20: =K20/E5 | M20: =ROUNDDOWN(L20*E6,0) | N20: 515037 | O20: =N20/K20 | P20: =M20*O20
B21: https://www.ic3.gov/Media/PDF/AnnualReport/2019State/StateReport.aspx#?s=47 | C21: Lottery/Sweepstakes/Inheritance | D21: State Victim Count | E21: 113 | F21: =E21/E5 | G21: =ROUNDDOWN(F21*E6,0) | H21: 595993 | I21: =H21/E21 | J21: =I21*G21 | K21: 18 | L21: =K21/E5 | M21: =ROUNDDOWN(L21*E6,0) | N21: 1168782 | O21: =N21/K21 | P21: =M21*O21
B22: https://www.ic3.gov/Media/PDF/AnnualReport/2019State/StateReport.aspx#?s=47 | C22: Malware | D22: State Victim Count | E22: 46 | F22: =E22/E5 | G22: =ROUNDDOWN(F22*E6,0) | H22: 707 | I22: =H22/E22 | J22: =I22*G22 | K22: 5 | L22: =K22/E5 | M22: =ROUNDDOWN(L22*E6,0) | N22: 0 | O22: =N22/K22 | P22: =M22*O22
B23: https://www.ic3.gov/Media/PDF/AnnualReport/2019State/StateReport.aspx#?s=47 | C23: NCDF | D23: State Victim Count | F23: =E23/E5 | G23: =ROUNDDOWN(F23*E6,0) | I23: =H23/E23 | J23: =I23*G23 | L23: =K23/E5 | M23: =ROUNDDOWN(L23*E6,0) | O23: =N23/K23 | P23: =M23*O23
B24: https://www.ic3.gov/Media/PDF/AnnualReport/2019State/StateReport.aspx#?s=47 | C24: NTOC | D24: State Victim Count | F24: =E24/E5 | G24: =ROUNDDOWN(F24*E6,0) | I24: =H24/E24 | J24: =I24*G24 | L24: =K24/E5 | M24: =ROUNDDOWN(L24*E6,0) | O24: =N24/K24 | P24: =M24*O24
B25: https://www.ic3.gov/Media/PDF/AnnualReport/2019State/StateReport.aspx#?s=47 | C25: No Lead Value | D25: State Victim Count | E25: 629 | F25: =E25/E5 | G25: =ROUNDDOWN(F25*E6,0) | H25: 0 | I25: =H25/E25 | J25: =I25*G25 | K25: 746 | L25: =K25/E5 | M25: =ROUNDDOWN(L25*E6,0) | N25: 0 | O25: =N25/K25 | P25: =M25*O25
B26: https://www.ic3.gov/Media/PDF/AnnualReport/2019State/StateReport.aspx#?s=47 | C26: Non-Payable/Non-Delivery | D26: State Victim Count | E26: 1067 | F26: =E26/E5 | G26: =ROUNDDOWN(F26*E6,0) | H26: 1641120 | I26: =H26/E26 | J26: =I26*G26 | K26: 404 | L26: =K26/E5 | M26: =ROUNDDOWN(L26*E6,0) | N26: 807007 | O26: =N26/K26 | P26: =M26*O26
B27: https://www.ic3.gov/Media/PDF/AnnualReport/2019State/StateReport.aspx#?s=47 | C27: Other | D27: State Victim Count | E27: 83 | F27: =E27/E5 | G27: =ROUNDDOWN(F27*E6,0) | H27: 629450 | I27: =H27/E27 | J27: =I27*G27 | K27: 34 | L27: =K27/E5 | M27: =ROUNDDOWN(L27*E6,0) | N27: 827641 | O27: =N27/K27 | P27: =M27*O27
B28: https://www.ic3.gov/Media/PDF/AnnualReport/2019State/StateReport.aspx#?s=47 | C28: Overpayment | D28: State Victim Count | E28: 222 | F28: =E28/E5 | G28: =ROUNDDOWN(F28*E6,0) | H28: 826044 | I28: =H28/E28 | J28: =I28*G28 | K28: 97 | L28: =K28/E5 | M28: =ROUNDDOWN(L28*E6,0) | N28: 428273 | O28: =N28/K28 | P28: =M28*O28
B29: https://www.ic3.gov/Media/PDF/AnnualReport/2019State/StateReport.aspx#?s=47 | C29: Personal Data Breach | D29: State Victim Count | E29: 507 | F29: =E29/E5 | G29: =ROUNDDOWN(F29*E6,0) | H29: 750727 | I29: =H29/E29 | J29: =I29*G29 | K29: 147 | L29: =K29/E5 | M29: =ROUNDDOWN(L29*E6,0) | N29: 278229 | O29: =N29/K29 | P29: =M29*O29
B30: https://www.ic3.gov/Media/PDF/AnnualReport/2019State/StateReport.aspx#?s=47 | C30: Phishing | D30: State Victim Count | E30: 310 | F30: =E30/E5 | G30: =ROUNDDOWN(F30*E6,0) | H30: 127466 | I30: =H30/E30 | J30: =I30*G30 | K30: 51 | L30: =K30/E5 | M30: =ROUNDDOWN(L30*E6,0) | N30: 57192 | O30: =N30/K30 | P30: =M30*O30
B31: https://www.ic3.gov/Media/PDF/AnnualReport/2019State/StateReport.aspx#?s=47 | C31: Ransomware | D31: State Victim Count | E31: 34 | F31: =E31/E5 | G31: =ROUNDDOWN(F31*E6,0) | H31: 16325 | I31: =H31/E31 | J31: =I31*G31 | K31: 4 | L31: =K31/E5 | M31: =ROUNDDOWN(L31*E6,0) | N31: 200 | O31: =N31/K31 | P31: =M31*O31
B32: https://www.ic3.gov/Media/PDF/AnnualReport/2019State/StateReport.aspx#?s=47 | C32: Real Estate | D32: State Victim Count | E32: 144 | F32: =E32/E5 | G32: =ROUNDDOWN(F32*E6,0) | H32: 1090182 | I32: =H32/E32 | J32: =I32*G32 | K32: 76 | L32: =K32/E5 | M32: =ROUNDDOWN(L32*E6,0) | N32: 4483062 | O32: =N32/K32 | P32: =M32*O32
B33: https://www.ic3.gov/Media/PDF/AnnualReport/2019State/StateReport.aspx#?s=47 | C33: SIM Swap | D33: State Victim Count | F33: =E33/E5 | G33: =ROUNDDOWN(F33*E6,0) | I33: =H33/E33 | J33: =I33*G33 | L33: =K33/E5 | M33: =ROUNDDOWN(L33*E6,0) | O33: =N33/K33 | P33: =M33*O33
B34: https://www.ic3.gov/Media/PDF/AnnualReport/2019State/StateReport.aspx#?s=47 | C34: Spoofing | D34: State Victim Count | E34: 343 | F34: =E34/E5 | G34: =ROUNDDOWN(F34*E6,0) | H34: 3477664 | I34: =H34/E34 | J34: =I34*G34 | K34: 72 | L34: =K34/E5 | M34: =ROUNDDOWN(L34*E6,0) | N34: 689474 | O34: =N34/K34 | P34: =M34*O34
B35: https://www.ic3.gov/Media/PDF/AnnualReport/2019State/StateReport.aspx#?s=47 | C35: Tech Support | D35: State Victim Count | E35: 232 | F35: =E35/E5 | G35: =ROUNDDOWN(F35*E6,0) | H35: 729247 | I35: =H35/E35 | J35: =I35*G35 | K35: 29 | L35: =K35/E5 | M35: =ROUNDDOWN(L35*E6,0) | N35: 49275 | O35: =N35/K35 | P35: =M35*O35
B36: https://www.ic3.gov/Media/PDF/AnnualReport/2019State/StateReport.aspx#?s=47 | C36: Threats of Violence | D36: State Victim Count | E36: 199 | F36: =E36/E5 | G36: =ROUNDDOWN(F36*E6,0) | H36: 18762 | I36: =H36/E36 | J36: =I36*G36 | K36: 120 | L36: =K36/E5 | M36: =ROUNDDOWN(L36*E6,0) | N36: 119327 | O36: =N36/K36 | P36: =M36*O36
J37: =I37*G37
E38: =SUM(E7:E36) | G38: =SUM(G8:G36) | I38: =H38/E38 | J38: =I38*G38
C40: Stalking/Harassment and Threats of violence were combined with Terrorism
C41: Shown here as Threats of Violence, as with others.

Sheet 2020_IC3 State to City
B4: REF URL | C4: Decription | D4: Unit | E4: Value | F4: Value/State Population | G4: Estimated In-City Victims, 2022, As if IC3 Victim Complaint | H4: State Victim Loss | I4: Even Loss per State Victim Count | J4: Projected In-City Victim Loss | K4: State Subject (Perpetrator) Count | L4: Subject (Perpetrator) to State Population | M4: Estimated Subject to City Population | N4: State Subject Losses (Perpetrator gained X dollars) | O4: Even Loss per State Subject | P4: Estimated In-City Subject Losses (Perpetrator Take from Victim)
B5: https://www2.census.gov/programs-surveys/popest/datasets/2020-2022/state/totals/NST-EST2022-POPCHG2020_2022.csv | C5: TN Population in 2020 | D5: Population Estimate | E5: 6925619 | F5: Raw Value | G5: (Victim Count/State Population ) * City Population | J5: Estimated In-City Victims * Even Loss per State Victim | P5: Subject to City * Even Loss per State Subject
B6: https://www.census.gov/data/tables/time-series/demo/popest/2020s-total-cities-and-towns.html | C6: Chattanooga Population in 2020 | D6: Population Estimate | E6: 181560
B7: https://www.ic3.gov/Media/PDF/AnnualReport/2020State/StateReport.aspx#?s=47 | C7: Advanced Fee | D7: State Victim Count | E7: 219 | F7: =E7/E5 | G7: =ROUNDDOWN(F7*E6,0) | H7: 563344 | I7: =H7/E7 | J7: =I7*G7 | K7: 57 | L7: =K7/E5 | M7: =ROUNDDOWN(L7*E6,0) | N7: 147490 | O7: =N7/K7 | P7: =M7*O7
B8: https://www.ic3.gov/Media/PDF/AnnualReport/2020State/StateReport.aspx#?s=47 | C8: Business Email Compromise | D8: State Victim Count | E8: 249 | F8: =E8/E5 | G8: =ROUNDDOWN(F8*E6,0) | H8: 20831147 | I8: =H8/E8 | J8: =I8*G8 | K8: 41 | L8: =K8/E5 | M8: =ROUNDDOWN(L8*E6,0) | N8: 3163786 | O8: =N8/K8 | P8: =M8*O8
B9: https://www.ic3.gov/Media/PDF/AnnualReport/2020State/StateReport.aspx#?s=47 | C9: Botnet | D9: State Victim Count | E9: NO MATCH | F9: =E9/E5 | G9: =ROUNDDOWN(F9*E6,0) | I9: =H9/E9 | J9: =I9*G9 | L9: =K9/E5 | M9: =ROUNDDOWN(L9*E6,0) | O9: =N9/K9 | P9: =M9*O9
B10: https://www.ic3.gov/Media/PDF/AnnualReport/2020State/StateReport.aspx#?s=47 | C10: Confidence/Romance | D10: State Victim Count | E10: 334 | F10: =E10/E5 | G10: =ROUNDDOWN(F10*E6,0) | H10: 4526218 | I10: =H10/E10 | J10: =I10*G10 | K10: 119 | L10: =K10/E5 | M10: =ROUNDDOWN(L10*E6,0) | N10: 2617420 | O10: =N10/K10 | P10: =M10*O10
B11: https://www.ic3.gov/Media/PDF/AnnualReport/2020State/StateReport.aspx#?s=47 | C11: Check Fraud | D11: State Victim Count | E11: NO MATCH | F11: =E11/E5 | G11: =ROUNDDOWN(F11*E6,0) | I11: =H11/E11 | J11: =I11*G11 | L11: =K11/E5 | M11: =ROUNDDOWN(L11*E6,0) | O11: =N11/K11 | P11: =M11*O11
B12: https://www.ic3.gov/Media/PDF/AnnualReport/2020State/StateReport.aspx#?s=47 | C12: Crimes Against Children | D12: State Victim Count | E12: 60 | F12: =E12/E5 | G12: =ROUNDDOWN(F12*E6,0) | H12: 0 | I12: =H12/E12 | J12: =I12*G12 | K12: 12 | L12: =K12/E5 | M12: =ROUNDDOWN(L12*E6,0) | N12: 0 | O12: =N12/K12 | P12: =M12*O12
B13: https://www.ic3.gov/Media/PDF/AnnualReport/2020State/StateReport.aspx#?s=47 | C13: Data Breach | D13: State Victim Count | E13: 29 | F13: =E13/E5 | G13: =ROUNDDOWN(F13*E6,0) | H13: 1227717 | I13: =H13/E13 | J13: =I13*G13 | K13: 5 | L13: =K13/E5 | M13: =ROUNDDOWN(L13*E6,0) | N13: 200121 | O13: =N13/K13 | P13: =M13*O13
B14: https://www.ic3.gov/Media/PDF/AnnualReport/2020State/StateReport.aspx#?s=47 | C14: Employment | D14: State Victim Count | E14: 298 | F14: =E14/E5 | G14: =ROUNDDOWN(F14*E6,0) | H14: 549931 | I14: =H14/E14 | J14: =I14*G14 | K14: 89 | L14: =K14/E5 | M14: =ROUNDDOWN(L14*E6,0) | N14: 520658 | O14: =N14/K14 | P14: =M14*O14
B15: https://www.ic3.gov/Media/PDF/AnnualReport/2020State/StateReport.aspx#?s=47 | C15: Extortion | D15: State Victim Count | E15: 1185 | F15: =E15/E5 | G15: =ROUNDDOWN(F15*E6,0) | H15: $287,277 | I15: =H15/E15 | J15: =I15*G15 | K15: 103 | L15: =K15/E5 | M15: =ROUNDDOWN(L15*E6,0) | N15: 12250 | O15: =N15/K15 | P15: =M15*O15
B16: https://www.ic3.gov/Media/PDF/AnnualReport/2020State/StateReport.aspx#?s=47 | C16: Government Impersonation | D16: State Victim Count | E16: 218 | F16: =E16/E5 | G16: =ROUNDDOWN(F16*E6,0) | H16: $301,501 | I16: =H16/E16 | J16: =I16*G16 | K16: 34 | L16: =K16/E5 | M16: =ROUNDDOWN(L16*E6,0) | N16: 95030 | O16: =N16/K16 | P16: =M16*O16
B17: https://www.ic3.gov/Media/PDF/AnnualReport/2020State/StateReport.aspx#?s=47 | C17: Harassing/Stalking | D17: State Victim Count | E17: NO MATCH | F17: =E17/E5 | G17: =ROUNDDOWN(F17*E6,0) | I17: =H17/E17 | J17: =I17*G17 | L17: =K17/E5 | M17: =ROUNDDOWN(L17*E6,0) | O17: =N17/K17 | P17: =M17*O17
B18: https://www.ic3.gov/Media/PDF/AnnualReport/2020State/StateReport.aspx#?s=47 | C18: IPR/Counterfeit | D18: State Victim Count | E18: 75 | F18: =E18/E5 | G18: =ROUNDDOWN(F18*E6,0) | H18: 735013 | I18: =H18/E18 | J18: =I18*G18 | K18: 18 | L18: =K18/E5 | M18: =ROUNDDOWN(L18*E6,0) | N18: 4516 | O18: =N18/K18 | P18: =M18*O18
B19: https://www.ic3.gov/Media/PDF/AnnualReport/2020State/StateReport.aspx#?s=47 | C19: Identity Theft | D19: State Victim Count | E19: 419 | F19: =E19/E5 | G19: =ROUNDDOWN(F19*E6,0) | H19: 1024515 | I19: =H19/E19 | J19: =I19*G19 | K19: 120 | L19: =K19/E5 | M19: =ROUNDDOWN(L19*E6,0) | N19: 144969 | O19: =N19/K19 | P19: =M19*O19
B20: https://www.ic3.gov/Media/PDF/AnnualReport/2020State/StateReport.aspx#?s=47 | C20: Investment | D20: State Victim Count | E20: 71 | F20: =E20/E5 | G20: =ROUNDDOWN(F20*E6,0) | H20: 4465348 | I20: =H20/E20 | J20: =I20*G20 | K20: 14 | L20: =K20/E5 | M20: =ROUNDDOWN(L20*E6,0) | N20: 423449 | O20: =N20/K20 | P20: =M20*O20
B21: https://www.ic3.gov/Media/PDF/AnnualReport/2020State/StateReport.aspx#?s=47 | C21: Lottery/Sweepstakes/Inheritance | D21: State Victim Count | E21: 130 | F21: =E21/E5 | G21: =ROUNDDOWN(F21*E6,0) | H21: 798607 | I21: =H21/E21 | J21: =I21*G21 | K21: 19 | L21: =K21/E5 | M21: =ROUNDDOWN(L21*E6,0) | N21: 142442 | O21: =N21/K21 | P21: =M21*O21
B22: https://www.ic3.gov/Media/PDF/AnnualReport/2020State/StateReport.aspx#?s=47 | C22: Malware | D22: State Victim Count | E22: 18 | F22: =E22/E5 | G22: =ROUNDDOWN(F22*E6,0) | H22: 7696 | I22: =H22/E22 | J22: =I22*G22 | K22: 3 | L22: =K22/E5 | M22: =ROUNDDOWN(L22*E6,0) | N22: 0 | O22: =N22/K22 | P22: =M22*O22
B23: https://www.ic3.gov/Media/PDF/AnnualReport/2020State/StateReport.aspx#?s=47 | C23: NCDF | D23: State Victim Count | E23: NO MATCH | F23: =E23/E5 | G23: =ROUNDDOWN(F23*E6,0) | I23: =H23/E23 | J23: =I23*G23 | L23: =K23/E5 | M23: =ROUNDDOWN(L23*E6,0) | O23: =N23/K23 | P23: =M23*O23
B24: https://www.ic3.gov/Media/PDF/AnnualReport/2020State/StateReport.aspx#?s=47 | C24: NTOC | D24: State Victim Count | E24: NO MATCH | F24: =E24/E5 | G24: =ROUNDDOWN(F24*E6,0) | I24: =H24/E24 | J24: =I24*G24 | L24: =K24/E5 | M24: =ROUNDDOWN(L24*E6,0) | O24: =N24/K24 | P24: =M24*O24
B25: https://www.ic3.gov/Media/PDF/AnnualReport/2020State/StateReport.aspx#?s=47 | C25: No Lead Value | D25: State Victim Count | E25: 843 | F25: =E25/E5 | G25: =ROUNDDOWN(F25*E6,0) | H25: 0 | I25: =H25/E25 | J25: =I25*G25 | K25: 693 | L25: =K25/E5 | M25: =ROUNDDOWN(L25*E6,0) | N25: 0 | O25: =N25/K25 | P25: =M25*O25
B26: https://www.ic3.gov/Media/PDF/AnnualReport/2020State/StateReport.aspx#?s=47 | C26: Non-Payable/Non-Delivery | D26: State Victim Count | E26: 1922 | F26: =E26/E5 | G26: =ROUNDDOWN(F26*E6,0) | H26: 2347435 | I26: =H26/E26 | J26: =I26*G26 | K26: 543 | L26: =K26/E5 | M26: =ROUNDDOWN(L26*E6,0) | N26: 3447980 | O26: =N26/K26 | P26: =M26*O26
B27: https://www.ic3.gov/Media/PDF/AnnualReport/2020State/StateReport.aspx#?s=47 | C27: Other | D27: State Victim Count | E27: 110 | F27: =E27/E5 | G27: =ROUNDDOWN(F27*E6,0) | H27: 431446 | I27: =H27/E27 | J27: =I27*G27 | K27: 38 | L27: =K27/E5 | M27: =ROUNDDOWN(L27*E6,0) | N27: 483231 | O27: =N27/K27 | P27: =M27*O27
B28: https://www.ic3.gov/Media/PDF/AnnualReport/2020State/StateReport.aspx#?s=47 | C28: Overpayment | D28: State Victim Count | E28: 162 | F28: =E28/E5 | G28: =ROUNDDOWN(F28*E6,0) | H28: 319136 | I28: =H28/E28 | J28: =I28*G28 | K28: 59 | L28: =K28/E5 | M28: =ROUNDDOWN(L28*E6,0) | N28: 137685 | O28: =N28/K28 | P28: =M28*O28
B29: https://www.ic3.gov/Media/PDF/AnnualReport/2020State/StateReport.aspx#?s=47 | C29: Personal Data Breach | D29: State Victim Count | E29: 714 | F29: =E29/E5 | G29: =ROUNDDOWN(F29*E6,0) | H29: 569494 | I29: =H29/E29 | J29: =I29*G29 | K29: 215 | L29: =K29/E5 | M29: =ROUNDDOWN(L29*E6,0) | N29: 118928 | O29: =N29/K29 | P29: =M29*O29
B30: https://www.ic3.gov/Media/PDF/AnnualReport/2020State/StateReport.aspx#?s=47 | C30: Phishing | D30: State Victim Count | E30: 379 | F30: =E30/E5 | G30: =ROUNDDOWN(F30*E6,0) | H30: 2921163 | I30: =H30/E30 | J30: =I30*G30 | K30: 42 | L30: =K30/E5 | M30: =ROUNDDOWN(L30*E6,0) | N30: 173343 | O30: =N30/K30 | P30: =M30*O30
B31: https://www.ic3.gov/Media/PDF/AnnualReport/2020State/StateReport.aspx#?s=47 | C31: Ransomware | D31: State Victim Count | E31: 34 | F31: =E31/E5 | G31: =ROUNDDOWN(F31*E6,0) | H31: 24860 | I31: =H31/E31 | J31: =I31*G31 | K31: 0 | L31: =K31/E5 | M31: =ROUNDDOWN(L31*E6,0) | N31: 0 | O31: =N31/K31 | P31: =M31*O31
B32: https://www.ic3.gov/Media/PDF/AnnualReport/2020State/StateReport.aspx#?s=47 | C32: Real Estate | D32: State Victim Count | E32: 229 | F32: =E32/E5 | G32: =ROUNDDOWN(F32*E6,0) | H32: 2382094 | I32: =H32/E32 | J32: =I32*G32 | K32: 67 | L32: =K32/E5 | M32: =ROUNDDOWN(L32*E6,0) | N32: 464575 | O32: =N32/K32 | P32: =M32*O32
B33: https://www.ic3.gov/Media/PDF/AnnualReport/2020State/StateReport.aspx#?s=47 | C33: SIM Swap | D33: State Victim Count | E33: NO MATCH | F33: =E33/E5 | G33: =ROUNDDOWN(F33*E6,0) | I33: =H33/E33 | J33: =I33*G33 | L33: =K33/E5 | M33: =ROUNDDOWN(L33*E6,0) | O33: =N33/K33 | P33: =M33*O33
B34: https://www.ic3.gov/Media/PDF/AnnualReport/2020State/StateReport.aspx#?s=47 | C34: Spoofing | D34: State Victim Count | E34: 366 | F34: =E34/E5 | G34: =ROUNDDOWN(F34*E6,0) | H34: 3299698 | I34: =H34/E34 | J34: =I34*G34 | K34: 72 | L34: =K34/E5 | M34: =ROUNDDOWN(L34*E6,0) | N34: 233490 | O34: =N34/K34 | P34: =M34*O34
B35: https://www.ic3.gov/Media/PDF/AnnualReport/2020State/StateReport.aspx#?s=47 | C35: Tech Support | D35: State Victim Count | E35: 281 | F35: =E35/E5 | G35: =ROUNDDOWN(F35*E6,0) | H35: 1500271 | I35: =H35/E35 | J35: =I35*G35 | K35: 47 | L35: =K35/E5 | M35: =ROUNDDOWN(L35*E6,0) | N35: 151959 | O35: =N35/K35 | P35: =M35*O35
B36: https://www.ic3.gov/Media/PDF/AnnualReport/2020State/StateReport.aspx#?s=47 | C36: Threats of Violence | D36: State Victim Count | E36: 267 | F36: =E36/E5 | G36: =ROUNDDOWN(F36*E6,0) | H36: 38329 | I36: =H36/E36 | J36: =I36*G36 | K36: 109 | L36: =K36/E5 | M36: =ROUNDDOWN(L36*E6,0) | N36: 1426 | O36: =N36/K36 | P36: =M36*O36
J37: =I37*G37
E38: =SUM(E7:E36) | G38: =SUM(G8:G36) | I38: =H38/E38 | J38: =I38*G38
C39: Reported harassment and threats of violence together
C40: Put the value under threats of violence
O41: Looking at these numbers on local losses,
O42: It seems that in order to make millions,
O43: cybercriminals might have to work globally.

Sheet 2021_IC3 State to City
B4: REF URL | C4: Decription | D4: Unit | E4: Value | F4: Value/State Population | G4: Estimated In-City Victims, 2022, As if IC3 Victim Complaint | H4: State Victim Loss | I4: Even Loss per State Victim Count | J4: Projected In-City Victim Loss | K4: State Subject (Perpetrator) Count | L4: Subject (Perpetrator) to State Population | M4: Estimated Subject to City Population | N4: State Subject Losses (Perpetrator gained X dollars) | O4: Even Loss per State Subject | P4: Estimated In-City Subject Losses (Perpetrator Take from Victim)
B5: https://www2.census.gov/programs-surveys/popest/datasets/2020-2022/state/totals/NST-EST2022-POPCHG2020_2022.csv | C5: TN Population in 2021 | D5: Population Estimate | E5: 6968351 | F5: Raw Value | G5: (Victim Count/State Population ) * City Population | J5: Estimated In-City Victims * Even Loss per State Victim | P5: Subject to City * Even Loss per State Subject
B6: https://www.census.gov/data/tables/time-series/demo/popest/2020s-total-cities-and-towns.html | C6: Chattanooga Population in 2021 | D6: Population Estimate | E6: 181163
B7: https://www.ic3.gov/Media/PDF/AnnualReport/2021State/StateReport.aspx#?s=47 | C7: Advanced Fee | D7: State Victim Count | E7: 172 | F7: =E7/E5 | G7: =ROUNDDOWN(F7*E6,0) | H7: 2943621 | I7: =H7/E7 | J7: =I7*G7 | K7: 52 | L7: =K7/E5 | M7: =ROUNDDOWN(L7*E6,0) | N7: 98602 | O7: =N7/K7 | P7: =M7*O7
B8: https://www.ic3.gov/Media/PDF/AnnualReport/2021State/StateReport.aspx#?s=47 | C8: Business Email Compromise | D8: State Victim Count | E8: 321 | F8: =E8/E5 | G8: =ROUNDDOWN(F8*E6,0) | H8: 38847655 | I8: =H8/E8 | J8: =I8*G8 | K8: 52 | L8: =K8/E5 | M8: =ROUNDDOWN(L8*E6,0) | N8: 5165687 | O8: =N8/K8 | P8: =M8*O8
B9: https://www.ic3.gov/Media/PDF/AnnualReport/2021State/StateReport.aspx#?s=47 | C9: Botnet | D9: State Victim Count | E9: NO MATCH | F9: =E9/E5 | G9: =ROUNDDOWN(F9*E6,0) | H9: NO MATCH | I9: =H9/E9 | J9: =I9*G9 | L9: =K9/E5 | M9: =ROUNDDOWN(L9*E6,0) | O9: =N9/K9 | P9: =M9*O9
B10: https://www.ic3.gov/Media/PDF/AnnualReport/2021State/StateReport.aspx#?s=47 | C10: Confidence/Romance | D10: State Victim Count | E10: 366 | F10: =E10/E5 | G10: =ROUNDDOWN(F10*E6,0) | H10: 14569398 | I10: =H10/E10 | J10: =I10*G10 | K10: 162 | L10: =K10/E5 | M10: =ROUNDDOWN(L10*E6,0) | N10: 5152816 | O10: =N10/K10 | P10: =M10*O10
B11: https://www.ic3.gov/Media/PDF/AnnualReport/2021State/StateReport.aspx#?s=47 | C11: Check Fraud | D11: State Victim Count | E11: NO MATCH | F11: =E11/E5 | G11: =ROUNDDOWN(F11*E6,0) | H11: NO MATCH | I11: =H11/E11 | J11: =I11*G11 | L11: =K11/E5 | M11: =ROUNDDOWN(L11*E6,0) | O11: =N11/K11 | P11: =M11*O11
B12: https://www.ic3.gov/Media/PDF/AnnualReport/2021State/StateReport.aspx#?s=47 | C12: Crimes Against Children | D12: State Victim Count | E12: 29 | F12: =E12/E5 | G12: =ROUNDDOWN(F12*E6,0) | H12: 0 | I12: =H12/E12 | J12: =I12*G12 | K12: 12 | L12: =K12/E5 | M12: =ROUNDDOWN(L12*E6,0) | N12: 34078 | O12: =N12/K12 | P12: =M12*O12
B13: https://www.ic3.gov/Media/PDF/AnnualReport/2021State/StateReport.aspx#?s=47 | C13: Data Breach | D13: State Victim Count | E13: 21 | F13: =E13/E5 | G13: =ROUNDDOWN(F13*E6,0) | H13: 609113 | I13: =H13/E13 | J13: =I13*G13 | K13: 7 | L13: =K13/E5 | M13: =ROUNDDOWN(L13*E6,0) | N13: 540618 | O13: =N13/K13 | P13: =M13*O13
B14: https://www.ic3.gov/Media/PDF/AnnualReport/2021State/StateReport.aspx#?s=47 | C14: Employment | D14: State Victim Count | E14: 230 | F14: =E14/E5 | G14: =ROUNDDOWN(F14*E6,0) | H14: 2996197 | I14: =H14/E14 | J14: =I14*G14 | K14: 96 | L14: =K14/E5 | M14: =ROUNDDOWN(L14*E6,0) | N14: 1679416 | O14: =N14/K14 | P14: =M14*O14
B15: https://www.ic3.gov/Media/PDF/AnnualReport/2021State/StateReport.aspx#?s=47 | C15: Extortion | D15: State Victim Count | E15: 628 | F15: =E15/E5 | G15: =ROUNDDOWN(F15*E6,0) | H15: 362852 | I15: =H15/E15 | J15: =I15*G15 | K15: 77 | L15: =K15/E5 | M15: =ROUNDDOWN(L15*E6,0) | N15: 48710 | O15: =N15/K15 | P15: =M15*O15
B16: https://www.ic3.gov/Media/PDF/AnnualReport/2021State/StateReport.aspx#?s=47 | C16: Government Impersonation | D16: State Victim Count | E16: 220 | F16: =E16/E5 | G16: =ROUNDDOWN(F16*E6,0) | H16: 1053487 | I16: =H16/E16 | J16: =I16*G16 | K16: 23 | L16: =K16/E5 | M16: =ROUNDDOWN(L16*E6,0) | N16: 125849 | O16: =N16/K16 | P16: =M16*O16
B17: https://www.ic3.gov/Media/PDF/AnnualReport/2021State/StateReport.aspx#?s=47 | C17: Harassing/Stalking | D17: State Victim Count | E17: NO MATCH | F17: =E17/E5 | G17: =ROUNDDOWN(F17*E6,0) | H17: NO MATCH | I17: =H17/E17 | J17: =I17*G17 | L17: =K17/E5 | M17: =ROUNDDOWN(L17*E6,0) | O17: =N17/K17 | P17: =M17*O17
B18: https://www.ic3.gov/Media/PDF/AnnualReport/2021State/StateReport.aspx#?s=47 | C18: IPR/Counterfeit | D18: State Victim Count | E18: 60 | F18: =E18/E5 | G18: =ROUNDDOWN(F18*E6,0) | H18: 248288 | I18: =H18/E18 | J18: =I18*G18 | K18: 19 | L18: =K18/E5 | M18: =ROUNDDOWN(L18*E6,0) | N18: 11863 | O18: =N18/K18 | P18: =M18*O18
B19: https://www.ic3.gov/Media/PDF/AnnualReport/2021State/StateReport.aspx#?s=47 | C19: Identity Theft | D19: State Victim Count | E19: 529 | F19: =E19/E5 | G19: =ROUNDDOWN(F19*E6,0) | H19: 2898060 | I19: =H19/E19 | J19: =I19*G19 | K19: 135 | L19: =K19/E5 | M19: =ROUNDDOWN(L19*E6,0) | N19: 942507 | O19: =N19/K19 | P19: =M19*O19
B20: https://www.ic3.gov/Media/PDF/AnnualReport/2021State/StateReport.aspx#?s=47 | C20: Investment | D20: State Victim Count | E20: 162 | F20: =E20/E5 | G20: =ROUNDDOWN(F20*E6,0) | H20: 7966687 | I20: =H20/E20 | J20: =I20*G20 | K20: 43 | L20: =K20/E5 | M20: =ROUNDDOWN(L20*E6,0) | N20: 808506 | O20: =N20/K20 | P20: =M20*O20
B21: https://www.ic3.gov/Media/PDF/AnnualReport/2021State/StateReport.aspx#?s=47 | C21: Lottery/Sweepstakes/Inheritance | D21: State Victim Count | E21: 90 | F21: =E21/E5 | G21: =ROUNDDOWN(F21*E6,0) | H21: 1157782 | I21: =H21/E21 | J21: =I21*G21 | K21: 18 | L21: =K21/E5 | M21: =ROUNDDOWN(L21*E6,0) | N21: 743890 | O21: =N21/K21 | P21: =M21*O21
B22: https://www.ic3.gov/Media/PDF/AnnualReport/2021State/StateReport.aspx#?s=47 | C22: Malware | D22: State Victim Count | E22: 11 | F22: =E22/E5 | G22: =ROUNDDOWN(F22*E6,0) | H22: 8000 | I22: =H22/E22 | J22: =I22*G22 | K22: 9 | L22: =K22/E5 | M22: =ROUNDDOWN(L22*E6,0) | N22: 0 | O22: =N22/K22 | P22: =M22*O22
B23: https://www.ic3.gov/Media/PDF/AnnualReport/2021State/StateReport.aspx#?s=47 | C23: NCDF | D23: State Victim Count | E23: NO MATCH | F23: =E23/E5 | G23: =ROUNDDOWN(F23*E6,0) | H23: NO MATCH | I23: =H23/E23 | J23: =I23*G23 | L23: =K23/E5 | M23: =ROUNDDOWN(L23*E6,0) | O23: =N23/K23 | P23: =M23*O23
B24: https://www.ic3.gov/Media/PDF/AnnualReport/2021State/StateReport.aspx#?s=47 | C24: NTOC | D24: State Victim Count | E24: NO MATCH | F24: =E24/E5 | G24: =ROUNDDOWN(F24*E6,0) | H24: NO MATCH | I24: =H24/E24 | J24: =I24*G24 | L24: =K24/E5 | M24: =ROUNDDOWN(L24*E6,0) | O24: =N24/K24 | P24: =M24*O24
B25: https://www.ic3.gov/Media/PDF/AnnualReport/2021State/StateReport.aspx#?s=47 | C25: No Lead Value | D25: State Victim Count | E25: 600 | F25: =E25/E5 | G25: =ROUNDDOWN(F25*E6,0) | I25: =H25/E25 | J25: =I25*G25 | K25: 471 | L25: =K25/E5 | M25: =ROUNDDOWN(L25*E6,0) | N25: 0 | O25: =N25/K25 | P25: =M25*O25
B26: https://www.ic3.gov/Media/PDF/AnnualReport/2021State/StateReport.aspx#?s=47 | C26: Non-Payable/Non-Delivery | D26: State Victim Count | E26: 1429 | F26: =E26/E5 | G26: =ROUNDDOWN(F26*E6,0) | H26: 3094120 | I26: =H26/E26 | J26: =I26*G26 | K26: 479 | L26: =K26/E5 | M26: =ROUNDDOWN(L26*E6,0) | N26: 1503558 | O26: =N26/K26 | P26: =M26*O26
B27: https://www.ic3.gov/Media/PDF/AnnualReport/2021State/StateReport.aspx#?s=47 | C27: Other | D27: State Victim Count | E27: 148 | F27: =E27/E5 | G27: =ROUNDDOWN(F27*E6,0) | H27: 1341046 | I27: =H27/E27 | J27: =I27*G27 | K27: 66 | L27: =K27/E5 | M27: =ROUNDDOWN(L27*E6,0) | N27: 100517 | O27: =N27/K27 | P27: =M27*O27
B28: https://www.ic3.gov/Media/PDF/AnnualReport/2021State/StateReport.aspx#?s=47 | C28: Overpayment | D28: State Victim Count | E28: 86 | F28: =E28/E5 | G28: =ROUNDDOWN(F28*E6,0) | H28: 2402040 | I28: =H28/E28 | J28: =I28*G28 | K28: 57 | L28: =K28/E5 | M28: =ROUNDDOWN(L28*E6,0) | N28: 1566851 | O28: =N28/K28 | P28: =M28*O28
B29: https://www.ic3.gov/Media/PDF/AnnualReport/2021State/StateReport.aspx#?s=47 | C29: Personal Data Breach | D29: State Victim Count | E29: 742 | F29: =E29/E5 | G29: =ROUNDDOWN(F29*E6,0) | H29: 8559707 | I29: =H29/E29 | J29: =I29*G29 | K29: 302 | L29: =K29/E5 | M29: =ROUNDDOWN(L29*E6,0) | N29: 698113 | O29: =N29/K29 | P29: =M29*O29
B30: https://www.ic3.gov/Media/PDF/AnnualReport/2021State/StateReport.aspx#?s=47 | C30: Phishing | D30: State Victim Count | E30: 438 | F30: =E30/E5 | G30: =ROUNDDOWN(F30*E6,0) | H30: 671637 | I30: =H30/E30 | J30: =I30*G30 | K30: 52 | L30: =K30/E5 | M30: =ROUNDDOWN(L30*E6,0) | N30: 119371 | O30: =N30/K30 | P30: =M30*O30
B31: https://www.ic3.gov/Media/PDF/AnnualReport/2021State/StateReport.aspx#?s=47 | C31: Ransomware | D31: State Victim Count | E31: 47 | F31: =E31/E5 | G31: =ROUNDDOWN(F31*E6,0) | H31: 206000 | I31: =H31/E31 | J31: =I31*G31 | K31: 1 | L31: =K31/E5 | M31: =ROUNDDOWN(L31*E6,0) | N31: 0 | O31: =N31/K31 | P31: =M31*O31
B32: https://www.ic3.gov/Media/PDF/AnnualReport/2021State/StateReport.aspx#?s=47 | C32: Real Estate | D32: State Victim Count | E32: 173 | F32: =E32/E5 | G32: =ROUNDDOWN(F32*E6,0) | H32: 3819229 | I32: =H32/E32 | J32: =I32*G32 | K32: 72 | L32: =K32/E5 | M32: =ROUNDDOWN(L32*E6,0) | N32: 775312 | O32: =N32/K32 | P32: =M32*O32
B33: https://www.ic3.gov/Media/PDF/AnnualReport/2021State/StateReport.aspx#?s=47 | C33: SIM Swap | D33: State Victim Count | E33: NO MATCH | F33: =E33/E5 | G33: =ROUNDDOWN(F33*E6,0) | H33: NO MATCH | I33: =H33/E33 | J33: =I33*G33 | L33: =K33/E5 | M33: =ROUNDDOWN(L33*E6,0) | O33: =N33/K33 | P33: =M33*O33
B34: https://www.ic3.gov/Media/PDF/AnnualReport/2021State/StateReport.aspx#?s=47 | C34: Spoofing | D34: State Victim Count | E34: 279 | F34: =E34/E5 | G34: =ROUNDDOWN(F34*E6,0) | H34: 1105303 | I34: =H34/E34 | J34: =I34*G34 | K34: 49 | L34: =K34/E5 | M34: =ROUNDDOWN(L34*E6,0) | N34: 138623 | O34: =N34/K34 | P34: =M34*O34
B35: https://www.ic3.gov/Media/PDF/AnnualReport/2021State/StateReport.aspx#?s=47 | C35: Tech Support | D35: State Victim Count | E35: 418 | F35: =E35/E5 | G35: =ROUNDDOWN(F35*E6,0) | H35: 15980875 | I35: =H35/E35 | J35: =I35*G35 | K35: 75 | L35: =K35/E5 | M35: =ROUNDDOWN(L35*E6,0) | N35: 511886 | O35: =N35/K35 | P35: =M35*O35
B36: https://www.ic3.gov/Media/PDF/AnnualReport/2021State/StateReport.aspx#?s=47 | C36: Threats of Violence | D36: State Victim Count | E36: 172 | F36: =E36/E5 | G36: =ROUNDDOWN(F36*E6,0) | H36: 228032 | I36: =H36/E36 | J36: =I36*G36 | K36: 101 | L36: =K36/E5 | M36: =ROUNDDOWN(L36*E6,0) | N36: 4104 | O36: =N36/K36 | P36: =M36*O36
J37: =I37*G37
E38: =SUM(E7:E36) | G38: =SUM(G8:G36) | I38: =H38/E38 | J38: =I38*G38
C39: Some category names changed from 2022 to 2021.
C40: If the names didn't line up with the later year, I dropped the data.
C41: A zero value on the input means 0;
C42: Trying to establish figures of confidence intervals.

Sheet City Summary
F3: System Intrusion Group | K3: Threat to Personnel via Network | N3: Theft of Data via Network
B4: Year | C4: City Population | E4: Crimes | F4: Data Breach | G4: Personal Data Breach | H4: Malware | I4: Phishing | J4: Ransomware | K4: Crimes Against Children | L4: Extortion | M4: Threats/Stalking/Harassment/Terrorism | N4: IPR/Counterfeit | O4: Identify Theft | P4: BEC
B5: 2016 | C5: ='2016_IC3 State to City'!$E$6 | F5: ='2016_IC3 State to City'!$G$13 | G5: ='2016_IC3 State to City'!$G$29 | H5: ='2016_IC3 State to City'!$G$22 | I5: ='2016_IC3 State to City'!$G$30 | J5: ='2016_IC3 State to City'!$G$31 | K5: ='2016_IC3 State to City'!$G$12 | L5: ='2016_IC3 State to City'!$G$15 | M5: ='2016_IC3 State to City'!$G$36 | N5: ='2016_IC3 State to City'!$G$18 | O5: ='2016_IC3 State to City'!$G$19 | P5: ='2016_IC3 State to City'!$G$8
B6: 2017 | C6: ='2017_IC3 State to City'!$E$6 | D6: =C6-C5 | F6: ='2017_IC3 State to City'!$G$13 | G6: ='2017_IC3 State to City'!$G$13 | H6: ='2017_IC3 State to City'!$G$22 | I6: ='2017_IC3 State to City'!$G$30 | J6: ='2017_IC3 State to City'!$G$31 | K6: ='2017_IC3 State to City'!$G$12 | L6: ='2017_IC3 State to City'!$G$15 | M6: ='2017_IC3 State to City'!$G$36 | N6: ='2017_IC3 State to City'!$G$18 | O6: ='2017_IC3 State to City'!$G$19 | P6: ='2017_IC3 State to City'!$G$8
B7: 2018 | C7: ='2018_IC3 State to City'!$E$6 | D7: =C7-C6 | F7: ='2018_IC3 State to City'!$G$13 | G7: ='2018_IC3 State to City'!$G$29 | H7: ='2018_IC3 State to City'!$G$22 | I7: ='2018_IC3 State to City'!$G$30 | J7: ='2018_IC3 State to City'!$G$31 | K7: ='2018_IC3 State to City'!$G$12 | L7: ='2018_IC3 State to City'!$G$15 | M7: ='2018_IC3 State to City'!$G$36 | N7: ='2018_IC3 State to City'!$G$18 | O7: ='2018_IC3 State to City'!$G$19 | P7: ='2018_IC3 State to City'!$G$8
B8: 2019 | C8: ='2019_IC3 State to City'!$E$6 | D8: =C8-C7 | F8: =ROUNDDOWN(E8*D1,0) | G8: ='2019_IC3 State to City'!$G$29 | H8: ='2019_IC3 State to City'!$G$22 | I8: ='2019_IC3 State to City'!$G$30 | J8: ='2019_IC3 State to City'!$G$31 | K8: ='2019_IC3 State to City'!$G$12 | L8: ='2019_IC3 State to City'!$G$15 | M8: ='2019_IC3 State to City'!$G$36 | N8: ='2019_IC3 State to City'!$G$18 | O8: ='2019_IC3 State to City'!$G$19 | P8: ='2019_IC3 State to City'!$G$8
B9: 2020 | C9: ='2020_IC3 State to City'!$E$6 | D9: =C9-C8 | F9: ='2020_IC3 State to City'!$G$13 | G9: ='2020_IC3 State to City'!$G$29 | H9: ='2020_IC3 State to City'!$G$22 | I9: ='2020_IC3 State to City'!$G$30 | J9: ='2020_IC3 State to City'!$G$31 | K9: ='2020_IC3 State to City'!$G$12 | L9: ='2020_IC3 State to City'!$G$15 | M9: ='2020_IC3 State to City'!$G$36 | N9: ='2020_IC3 State to City'!$G$18 | O9: ='2020_IC3 State to City'!$G$19 | P9: ='2020_IC3 State to City'!$G$8
B10: 2021 | C10: ='2021_IC3 State to City'!$E$6 | D10: =C10-C9 | F10: ='2021_IC3 State to City'!$G$13 | G10: ='2021_IC3 State to City'!$G$29 | H10: ='2021_IC3 State to City'!$G$22 | I10: ='2021_IC3 State to City'!$G$30 | J10: ='2021_IC3 State to City'!$G$31 | K10: ='2021_IC3 State to City'!$G$12 | L10: =ROUNDDOWN(K10*J1,0) | M10: ='2021_IC3 State to City'!$G$36 | N10: ='2021_IC3 State to City'!$G$18 | O10: ='2021_IC3 State to City'!$G$19 | P10: ='2021_IC3 State to City'!$G$8
B11: 2022 | C11: ='2022_IC3 State to City'!$E$6 | D11: =C11-C10 | F11: ='2022_IC3 State to City'!$H$13 | G11: ='2022_IC3 State to City'!$H$29 | H11: ='2022_IC3 State to City'!$H$22 | I11: ='2022_IC3 State to City'!$H$30 | J11: ='2022_IC3 State to City'!$H$31 | K11: ='2022_IC3 State to City'!$H$12 | L11: ='2022_IC3 State to City'!$H$15 | M11: ='2022_IC3 State to City'!$H$36 | N11: ='2022_IC3 State to City'!$H$18 | O11: ='2022_IC3 State to City'!$H$19 | P11: ='2022_IC3 State to City'!$H$8
A14: Average deviation | D14: =AVEDEV(C5:C11)
A15: Projected population | D15: =C11+D14
A16: Projected population High | D16: =ROUNDDOWN(C11+(D14*1.25),0)
A17: Projected poplulation Low | D17: =ROUNDDOWN(C11+(D14*0.75),0)
A19: Chance of decrease | D19: =2/6
D21: =MEDIAN(C5:C11)

Sheet 2022_IC3 State to City
B4: REF URL | C4: Decription | D4: Unit | E4: Value | F4: Value/State Population | G4: Estimated In-City Victims, 2022, As if IC3 Victim Complaint | H4: Estimated In-City Victims, 2022, As if IC3 Victim Complaint | I4: State Victim Loss | J4: Even Loss per State Victim Count | K4: Projected In-City Victim Loss | L4: State Subject (Perpetrator) Count | M4: Subject (Perpetrator) to State Population | N4: Estimated Subject to City Population | O4: State Subject Losses (Perpetrator gained X dollars) | P4: Even Loss per State Subject | Q4: Estimated In-City Subject Losses (Perpetrator Take from Victim)
B5: https://www.census.gov/quickfacts/fact/table/TN/PST045222 | C5: TN Population in 2022 | D5: Population Estimate | E5: 7051339 | F5: Raw Value | G5: (Victim Count/State Population ) * City Population | H5: (Victim Count/State Population ) * City Population Rounded Down | K5: Estimated In-City Victims * Even Loss per State Victim | Q5: Subject to City * Even Loss per State Subject
B6: https://www.census.gov/quickfacts/chattanoogacitytennessee | C6: Chattanooga Population in 2022 | D6: Population Estimate | E6: 184086
B7: https://www.ic3.gov/Media/PDF/AnnualReport/2022State/StateReport.aspx#?s=47 | C7: Advanced Fee | D7: State Victim Count | E7: 204 | F7: =E7/E5 | G7: =F7*E6 | H7: =ROUNDDOWN(F7*E6,0) | I7: 1807140 | J7: =I7/E7 | K7: =J7*H7 | L7: 61 | M7: =L7/E5 | N7: =ROUNDDOWN(M7*E6,0) | O7: 1129309 | P7: =O7/L7 | Q7: =N7*P7
B8: https://www.ic3.gov/Media/PDF/AnnualReport/2022State/StateReport.aspx#?s=47 | C8: Business Email Compromise | D8: State Victim Count | E8: 416 | F8: =E8/E5 | G8: =F8*E6 | H8: =ROUNDDOWN(F8*E6,0) | I8: 46637795 | J8: =I8/E8 | K8: =J8*H8 | L8: 60 | M8: =L8/E5 | N8: =ROUNDDOWN(M8*E6,0) | O8: 8204329 | P8: =O8/L8 | Q8: =N8*P8
B9: https://www.ic3.gov/Media/PDF/AnnualReport/2022State/StateReport.aspx#?s=47 | C9: Botnet | D9: State Victim Count | E9: 9 | F9: =E9/E5 | G9: =F9*E6 | H9: =ROUNDDOWN(F9*E6,0) | I9: 643 | J9: =I9/E9 | K9: =J9*H9 | L9: 7 | M9: =L9/E5 | N9: =ROUNDDOWN(M9*E6,0) | O9: 439 | P9: =O9/L9 | Q9: =N9*P9
B10: https://www.ic3.gov/Media/PDF/AnnualReport/2022State/StateReport.aspx#?s=47 | C10: Confidence/Romance | D10: State Victim Count | E10: 331 | F10: =E10/E5 | G10: =F10*E6 | H10: =ROUNDDOWN(F10*E6,0) | I10: 8892488 | J10: =I10/E10 | K10: =J10*H10 | L10: 146 | M10: =L10/E5 | N10: =ROUNDDOWN(M10*E6,0) | O10: 4323401 | P10: =O10/L10 | Q10: =N10*P10
B11: https://www.ic3.gov/Media/PDF/AnnualReport/2022State/StateReport.aspx#?s=47 | C11: Check Fraud | D11: State Victim Count | E11: 471 | F11: =E11/E5 | G11: =F11*E6 | H11: =ROUNDDOWN(F11*E6,0) | I11: 3879384 | J11: =I11/E11 | K11: =J11*H11 | L11: 196 | M11: =L11/E5 | N11: =ROUNDDOWN(M11*E6,0) | O11: 1537536 | P11: =O11/L11 | Q11: =N11*P11
B12: https://www.ic3.gov/Media/PDF/AnnualReport/2022State/StateReport.aspx#?s=47 | C12: Crimes Against Children | D12: State Victim Count | E12: 54 | F12: =E12/E5 | G12: =F12*E6 | H12: =ROUNDDOWN(F12*E6,0) | I12: 2681 | J12: =I12/E12 | K12: =J12*H12 | L12: 9 | M12: =L12/E5 | N12: =ROUNDDOWN(M12*E6,0) | O12: 566 | P12: =O12/L12 | Q12: =N12*P12
B13: https://www.ic3.gov/Media/PDF/AnnualReport/2022State/StateReport.aspx#?s=47 | C13: Data Breach | D13: State Victim Count | E13: 44 | F13: =E13/E5 | G13: =F13*E6 | H13: =ROUNDDOWN(F13*E6,0) | I13: 1499907 | J13: =I13/E13 | K13: =J13*H13 | L13: 35 | M13: =L13/E5 | N13: =ROUNDDOWN(M13*E6,0) | O13: 497487 | P13: =O13/L13 | Q13: =N13*P13
B14: https://www.ic3.gov/Media/PDF/AnnualReport/2022State/StateReport.aspx#?s=47 | C14: Employment | D14: State Victim Count | E14: 255 | F14: =E14/E5 | G14: =F14*E6 | H14: =ROUNDDOWN(F14*E6,0) | I14: 536631 | J14: =I14/E14 | K14: =J14*H14 | L14: 85 | M14: =L14/E5 | N14: =ROUNDDOWN(M14*E6,0) | O14: 84959 | P14: =O14/L14 | Q14: =N14*P14
B15: https://www.ic3.gov/Media/PDF/AnnualReport/2022State/StateReport.aspx#?s=47 | C15: Extortion | D15: State Victim Count | E15: 695 | F15: =E15/E5 | G15: =F15*E6 | H15: =ROUNDDOWN(F15*E6,0) | I15: 595359 | J15: =I15/E15 | K15: =J15*H15 | L15: 110 | M15: =L15/E5 | N15: =ROUNDDOWN(M15*E6,0) | O15: 131245 | P15: =O15/L15 | Q15: =N15*P15
B16: https://www.ic3.gov/Media/PDF/AnnualReport/2022State/StateReport.aspx#?s=47 | C16: Government Impersonation | D16: State Victim Count | E16: 195 | F16: =E16/E5 | G16: =F16*E6 | H16: =ROUNDDOWN(F16*E6,0) | I16: 2305283 | J16: =I16/E16 | K16: =J16*H16 | L16: 44 | M16: =L16/E5 | N16: =ROUNDDOWN(M16*E6,0) | O16: 665515 | P16: =O16/L16 | Q16: =N16*P16
B17: https://www.ic3.gov/Media/PDF/AnnualReport/2022State/StateReport.aspx#?s=47 | C17: Harassing/Stalking | D17: State Victim Count | E17: 173 | F17: =E17/E5 | G17: =F17*E6 | H17: =ROUNDDOWN(F17*E6,0) | I17: 1422 | J17: =I17/E17 | K17: =J17*H17 | L17: 77 | M17: =L17/E5 | N17: =ROUNDDOWN(M17*E6,0) | O17: 500 | P17: =O17/L17 | Q17: =N17*P17
B18: https://www.ic3.gov/Media/PDF/AnnualReport/2022State/StateReport.aspx#?s=47 | C18: IPR/Counterfeit | D18: State Victim Count | E18: 19 | F18: =E18/E5 | G18: =F18*E6 | H18: =ROUNDDOWN(F18*E6,0) | I18: 1322 | J18: =I18/E18 | K18: =J18*H18 | L18: 18 | M18: =L18/E5 | N18: =ROUNDDOWN(M18*E6,0) | O18: 74831 | P18: =O18/L18 | Q18: =N18*P18
B19: https://www.ic3.gov/Media/PDF/AnnualReport/2022State/StateReport.aspx#?s=47 | C19: Identity Theft | D19: State Victim Count | E19: 539 | F19: =E19/E5 | G19: =F19*E6 | H19: =ROUNDDOWN(F19*E6,0) | I19: 2057849 | J19: =I19/E19 | K19: =J19*H19 | L19: 154 | M19: =L19/E5 | N19: =ROUNDDOWN(M19*E6,0) | O19: 657767 | P19: =O19/L19 | Q19: =N19*P19
B20: https://www.ic3.gov/Media/PDF/AnnualReport/2022State/StateReport.aspx#?s=47 | C20: Investment | D20: State Victim Count | E20: 261 | F20: =E20/E5 | G20: =F20*E6 | H20: =ROUNDDOWN(F20*E6,0) | I20: 20869755 | J20: =I20/E20 | K20: =J20*H20 | L20: 56 | M20: =L20/E5 | N20: =ROUNDDOWN(M20*E6,0) | O20: 3607694 | P20: =O20/L20 | Q20: =N20*P20
B21: https://www.ic3.gov/Media/PDF/AnnualReport/2022State/StateReport.aspx#?s=47 | C21: Lottery/Sweepstakes/Inheritance | D21: State Victim Count | E21: 137 | F21: =E21/E5 | G21: =F21*E6 | H21: =ROUNDDOWN(F21*E6,0) | I21: 2235665 | J21: =I21/E21 | K21: =J21*H21 | L21: 29 | M21: =L21/E5 | N21: =ROUNDDOWN(M21*E6,0) | O21: 840629 | P21: =O21/L21 | Q21: =N21*P21
B22: https://www.ic3.gov/Media/PDF/AnnualReport/2022State/StateReport.aspx#?s=47 | C22: Malware | D22: State Victim Count | E22: 9 | F22: =E22/E5 | G22: =F22*E6 | H22: =ROUNDDOWN(F22*E6,0) | I22: 705506 | J22: =I22/E22 | K22: =J22*H22 | L22: 1 | M22: =L22/E5 | N22: =ROUNDDOWN(M22*E6,0) | O22: 0 | P22: =O22/L22 | Q22: =N22*P22
B23: https://www.ic3.gov/Media/PDF/AnnualReport/2022State/StateReport.aspx#?s=47 | C23: NCDF | D23: State Victim Count | E23: 0 | F23: =E23/E5 | G23: =F23*E6 | H23: =ROUNDDOWN(F23*E6,0) | I23: 0 | J23: =I23/E23 | K23: =J23*H23 | L23: 0 | M23: =L23/E5 | N23: =ROUNDDOWN(M23*E6,0) | O23: 0 | P23: =O23/L23 | Q23: =N23*P23
B24: https://www.ic3.gov/Media/PDF/AnnualReport/2022State/StateReport.aspx#?s=47 | C24: NTOC | D24: State Victim Count | E24: 0 | F24: =E24/E5 | G24: =F24*E6 | H24: =ROUNDDOWN(F24*E6,0) | I24: 0 | J24: =I24/E24 | K24: =J24*H24 | L24: 0 | M24: =L24/E5 | N24: =ROUNDDOWN(M24*E6,0) | O24: 0 | P24: =O24/L24 | Q24: =N24*P24
B25: https://www.ic3.gov/Media/PDF/AnnualReport/2022State/StateReport.aspx#?s=47 | C25: No Lead Value | D25: State Victim Count | E25: 514 | F25: =E25/E5 | G25: =F25*E6 | H25: =ROUNDDOWN(F25*E6,0) | I25: 0 | J25: =I25/E25 | K25: =J25*H25 | L25: 892 | M25: =L25/E5 | N25: =ROUNDDOWN(M25*E6,0) | O25: 0 | P25: =O25/L25 | Q25: =N25*P25
B26: https://www.ic3.gov/Media/PDF/AnnualReport/2022State/StateReport.aspx#?s=47 | C26: Non-Payable/Non-Delivery | D26: State Victim Count | E26: 849 | F26: =E26/E5 | G26: =F26*E6 | H26: =ROUNDDOWN(F26*E6,0) | I26: 3830326 | J26: =I26/E26 | K26: =J26*H26 | L26: 365 | M26: =L26/E5 | N26: =ROUNDDOWN(M26*E6,0) | O26: 2183461 | P26: =O26/L26 | Q26: =N26*P26
B27: https://www.ic3.gov/Media/PDF/AnnualReport/2022State/StateReport.aspx#?s=47 | C27: Other | D27: State Victim Count | E27: 147 | F27: =E27/E5 | G27: =F27*E6 | H27: =ROUNDDOWN(F27*E6,0) | I27: 1291750 | J27: =I27/E27 | K27: =J27*H27 | L27: 53 | M27: =L27/E5 | N27: =ROUNDDOWN(M27*E6,0) | O27: 1131997 | P27: =O27/L27 | Q27: =N27*P27
B28: https://www.ic3.gov/Media/PDF/AnnualReport/2022State/StateReport.aspx#?s=47 | C28: Overpayment | D28: State Victim Count | E28: 119 | F28: =E28/E5 | G28: =F28*E6 | H28: =ROUNDDOWN(F28*E6,0) | I28: 669941 | J28: =I28/E28 | K28: =J28*H28 | L28: 38 | M28: =L28/E5 | N28: =ROUNDDOWN(M28*E6,0) | O28: 577476 | P28: =O28/L28 | Q28: =N28*P28
B29: https://www.ic3.gov/Media/PDF/AnnualReport/2022State/StateReport.aspx#?s=47 | C29: Personal Data Breach | D29: State Victim Count | E29: 903 | F29: =E29/E5 | G29: =F29*E6 | H29: =ROUNDDOWN(F29*E6,0) | I29: 6376097 | J29: =I29/E29 | K29: =J29*H29 | L29: 305 | M29: =L29/E5 | N29: =ROUNDDOWN(M29*E6,0) | O29: 935734 | P29: =O29/L29 | Q29: =N29*P29
B30: https://www.ic3.gov/Media/PDF/AnnualReport/2022State/StateReport.aspx#?s=47 | C30: Phishing | D30: State Victim Count | E30: 296 | F30: =E30/E5 | G30: =F30*E6 | H30: =ROUNDDOWN(F30*E6,0) | I30: 279475 | J30: =I30/E30 | K30: =J30*H30 | L30: 43 | M30: =L30/E5 | N30: =ROUNDDOWN(M30*E6,0) | O30: 109027 | P30: =O30/L30 | Q30: =N30*P30
B31: https://www.ic3.gov/Media/PDF/AnnualReport/2022State/StateReport.aspx#?s=47 | C31: Ransomware | D31: State Victim Count | E31: 31 | F31: =E31/E5 | G31: =F31*E6 | H31: =ROUNDDOWN(F31*E6,0) | I31: 110000 | J31: =I31/E31 | K31: =J31*H31 | L31: 0 | M31: =L31/E5 | N31: =ROUNDDOWN(M31*E6,0) | O31: 0 | P31: =O31/L31 | Q31: =N31*P31
B32: https://www.ic3.gov/Media/PDF/AnnualReport/2022State/StateReport.aspx#?s=47 | C32: Real Estate | D32: State Victim Count | E32: 174 | F32: =E32/E5 | G32: =F32*E6 | H32: =ROUNDDOWN(F32*E6,0) | I32: 7314288 | J32: =I32/E32 | K32: =J32*H32 | L32: 63 | M32: =L32/E5 | N32: =ROUNDDOWN(M32*E6,0) | O32: 2917722 | P32: =O32/L32 | Q32: =N32*P32
B33: https://www.ic3.gov/Media/PDF/AnnualReport/2022State/StateReport.aspx#?s=47 | C33: SIM Swap | D33: State Victim Count | E33: 25 | F33: =E33/E5 | G33: =F33*E6 | H33: =ROUNDDOWN(F33*E6,0) | I33: 630219 | J33: =I33/E33 | K33: =J33*H33 | L33: 4 | M33: =L33/E5 | N33: =ROUNDDOWN(M33*E6,0) | O33: 180 | P33: =O33/L33 | Q33: =N33*P33
B34: https://www.ic3.gov/Media/PDF/AnnualReport/2022State/StateReport.aspx#?s=47 | C34: Spoofing | D34: State Victim Count | E34: 320 | F34: =E34/E5 | G34: =F34*E6 | H34: =ROUNDDOWN(F34*E6,0) | I34: 517094 | J34: =I34/E34 | K34: =J34*H34 | L34: 52 | M34: =L34/E5 | N34: =ROUNDDOWN(M34*E6,0) | O34: 37720 | P34: =O34/L34 | Q34: =N34*P34
B35: https://www.ic3.gov/Media/PDF/AnnualReport/2022State/StateReport.aspx#?s=47 | C35: Tech Support | D35: State Victim Count | E35: 609 | F35: =E35/E5 | G35: =F35*E6 | H35: =ROUNDDOWN(F35*E6,0) | I35: 12760219 | J35: =I35/E35 | K35: =J35*H35 | L35: 99 | M35: =L35/E5 | N35: =ROUNDDOWN(M35*E6,0) | O35: 2028988 | P35: =O35/L35 | Q35: =N35*P35
B36: https://www.ic3.gov/Media/PDF/AnnualReport/2022State/StateReport.aspx#?s=47 | C36: Threats of Violence | D36: State Victim Count | E36: 28 | F36: =E36/E5 | G36: =F36*E6 | H36: =ROUNDDOWN(F36*E6,0) | I36: 1100 | J36: =I36/E36 | K36: =J36*H36 | L36: 12 | M36: =L36/E5 | N36: =ROUNDDOWN(M36*E6,0) | O36: 0 | P36: =O36/L36 | Q36: =N36*P36
G37: =F37*E6 | K37: =J37*H37
E38: =SUM(E7:E36) | G38: =SUM(G7:G36) | H38: =SUM(H8:H36) | I38: =SUM(I7:I36) | J38: =I38/E38 | K38: =J38*H38

Sheet BLANK_IC3 State to City
B4: REF URL | C4: Decription | D4: Unit | E4: Value | F4: Value/State Population | G4: Estimated In-City Victims, 2022, As if IC3 Victim Complaint | H4: State Victim Loss | I4: Even Loss per State Victim Count | J4: Projected In-City Victim Loss | K4: State Subject (Perpetrator) Count | L4: Subject (Perpetrator) to State Population | M4: Estimated Subject to City Population | N4: State Subject Losses (Perpetrator gained X dollars) | O4: Even Loss per State Subject | P4: Estimated In-City Subject Losses (Perpetrator Take from Victim)
B5: https://www.census.gov/quickfacts/fact/table/TN/PST045222 | C5: TN Population in 20 | D5: Population Estimate | F5: Raw Value | G5: (Victim Count/State Population ) * City Population | J5: Estimated In-City Victims * Even Loss per State Victim | P5: Subject to City * Even Loss per State Subject
B6: https://www.census.gov/quickfacts/chattanoogacitytennessee | C6: Chattanooga Population in 20 | D6: Population Estimate
B7: https://www.ic3.gov/Media/PDF/AnnualReport/2022State/StateReport.aspx#?s=47 | C7: Advanced Fee | D7: State Victim Count | F7: =E7/E5 | G7: =ROUNDDOWN(F7*E6,0) | I7: =H7/E7 | J7: =I7*G7 | L7: =K7/E5 | M7: =ROUNDDOWN(L7*E6,0) | O7: =N7/K7 | P7: =M7*O7
B8: https://www.ic3.gov/Media/PDF/AnnualReport/2022State/StateReport.aspx#?s=47 | C8: Business Email Compromise | D8: State Victim Count | F8: =E8/E5 | G8: =ROUNDDOWN(F8*E6,0) | I8: =H8/E8 | J8: =I8*G8 | L8: =K8/E5 | M8: =ROUNDDOWN(L8*E6,0) | O8: =N8/K8 | P8: =M8*O8
B9: https://www.ic3.gov/Media/PDF/AnnualReport/2022State/StateReport.aspx#?s=47 | C9: Botnet | D9: State Victim Count | F9: =E9/E5 | G9: =ROUNDDOWN(F9*E6,0) | I9: =H9/E9 | J9: =I9*G9 | L9: =K9/E5 | M9: =ROUNDDOWN(L9*E6,0) | O9: =N9/K9 | P9: =M9*O9
B10: https://www.ic3.gov/Media/PDF/AnnualReport/2022State/StateReport.aspx#?s=47 | C10: Confidence/Romance | D10: State Victim Count | F10: =E10/E5 | G10: =ROUNDDOWN(F10*E6,0) | I10: =H10/E10 | J10: =I10*G10 | L10: =K10/E5 | M10: =ROUNDDOWN(L10*E6,0) | O10: =N10/K10 | P10: =M10*O10
B11: https://www.ic3.gov/Media/PDF/AnnualReport/2022State/StateReport.aspx#?s=47 | C11: Check Fraud | D11: State Victim Count | F11: =E11/E5 | G11: =ROUNDDOWN(F11*E6,0) | I11: =H11/E11 | J11: =I11*G11 | L11: =K11/E5 | M11: =ROUNDDOWN(L11*E6,0) | O11: =N11/K11 | P11: =M11*O11
B12: https://www.ic3.gov/Media/PDF/AnnualReport/2022State/StateReport.aspx#?s=47 | C12: Crimes Against Children | D12: State Victim Count | F12: =E12/E5 | G12: =ROUNDDOWN(F12*E6,0) | I12: =H12/E12 | J12: =I12*G12 | L12: =K12/E5 | M12: =ROUNDDOWN(L12*E6,0) | O12: =N12/K12 | P12: =M12*O12
B13: https://www.ic3.gov/Media/PDF/AnnualReport/2022State/StateReport.aspx#?s=47 | C13: Data Breach | D13: State Victim Count | F13: =E13/E5 | G13: =ROUNDDOWN(F13*E6,0) | I13: =H13/E13 | J13: =I13*G13 | L13: =K13/E5 | M13: =ROUNDDOWN(L13*E6,0) | O13: =N13/K13 | P13: =M13*O13
B14: https://www.ic3.gov/Media/PDF/AnnualReport/2022State/StateReport.aspx#?s=47 | C14: Employment | D14: State Victim Count | F14: =E14/E5 | G14: =ROUNDDOWN(F14*E6,0) | I14: =H14/E14 | J14: =I14*G14 | L14: =K14/E5 | M14: =ROUNDDOWN(L14*E6,0) | O14: =N14/K14 | P14: =M14*O14
B15: https://www.ic3.gov/Media/PDF/AnnualReport/2022State/StateReport.aspx#?s=47 | C15: Extortion | D15: State Victim Count | F15: =E15/E5 | G15: =ROUNDDOWN(F15*E6,0) | I15: =H15/E15 | J15: =I15*G15 | L15: =K15/E5 | M15: =ROUNDDOWN(L15*E6,0) | O15: =N15/K15 | P15: =M15*O15
B16: https://www.ic3.gov/Media/PDF/AnnualReport/2022State/StateReport.aspx#?s=47 | C16: Government Impersonation | D16: State Victim Count | F16: =E16/E5 | G16: =ROUNDDOWN(F16*E6,0) | I16: =H16/E16 | J16: =I16*G16 | L16: =K16/E5 | M16: =ROUNDDOWN(L16*E6,0) | O16: =N16/K16 | P16: =M16*O16
B17: https://www.ic3.gov/Media/PDF/AnnualReport/2022State/StateReport.aspx#?s=47 | C17: Harassing/Stalking | D17: State Victim Count | F17: =E17/E5 | G17: =ROUNDDOWN(F17*E6,0) | I17: =H17/E17 | J17: =I17*G17 | L17: =K17/E5 | M17: =ROUNDDOWN(L17*E6,0) | O17: =N17/K17 | P17: =M17*O17
B18: https://www.ic3.gov/Media/PDF/AnnualReport/2022State/StateReport.aspx#?s=47 | C18: IPR/Counterfeit | D18: State Victim Count | F18: =E18/E5 | G18: =ROUNDDOWN(F18*E6,0) | I18: =H18/E18 | J18: =I18*G18 | L18: =K18/E5 | M18: =ROUNDDOWN(L18*E6,0) | O18: =N18/K18 | P18: =M18*O18
B19: https://www.ic3.gov/Media/PDF/AnnualReport/2022State/StateReport.aspx#?s=47 | C19: Identity Theft | D19: State Victim Count | F19: =E19/E5 | G19: =ROUNDDOWN(F19*E6,0) | I19: =H19/E19 | J19: =I19*G19 | L19: =K19/E5 | M19: =ROUNDDOWN(L19*E6,0) | O19: =N19/K19 | P19: =M19*O19
B20: https://www.ic3.gov/Media/PDF/AnnualReport/2022State/StateReport.aspx#?s=47 | C20: Investment | D20: State Victim Count | F20: =E20/E5 | G20: =ROUNDDOWN(F20*E6,0) | I20: =H20/E20 | J20: =I20*G20 | L20: =K20/E5 | M20: =ROUNDDOWN(L20*E6,0) | O20: =N20/K20 | P20: =M20*O20
B21: https://www.ic3.gov/Media/PDF/AnnualReport/2022State/StateReport.aspx#?s=47 | C21: Lottery/Sweepstakes/Inheritance | D21: State Victim Count | F21: =E21/E5 | G21: =ROUNDDOWN(F21*E6,0) | I21: =H21/E21 | J21: =I21*G21 | L21: =K21/E5 | M21: =ROUNDDOWN(L21*E6,0) | O21: =N21/K21 | P21: =M21*O21
B22: https://www.ic3.gov/Media/PDF/AnnualReport/2022State/StateReport.aspx#?s=47 | C22: Malware | D22: State Victim Count | F22: =E22/E5 | G22: =ROUNDDOWN(F22*E6,0) | I22: =H22/E22 | J22: =I22*G22 | L22: =K22/E5 | M22: =ROUNDDOWN(L22*E6,0) | O22: =N22/K22 | P22: =M22*O22
B23: https://www.ic3.gov/Media/PDF/AnnualReport/2022State/StateReport.aspx#?s=47 | C23: NCDF | D23: State Victim Count | F23: =E23/E5 | G23: =ROUNDDOWN(F23*E6,0) | I23: =H23/E23 | J23: =I23*G23 | L23: =K23/E5 | M23: =ROUNDDOWN(L23*E6,0) | O23: =N23/K23 | P23: =M23*O23
B24: https://www.ic3.gov/Media/PDF/AnnualReport/2022State/StateReport.aspx#?s=47 | C24: NTOC | D24: State Victim Count | F24: =E24/E5 | G24: =ROUNDDOWN(F24*E6,0) | I24: =H24/E24 | J24: =I24*G24 | L24: =K24/E5 | M24: =ROUNDDOWN(L24*E6,0) | O24: =N24/K24 | P24: =M24*O24
B25: https://www.ic3.gov/Media/PDF/AnnualReport/2022State/StateReport.aspx#?s=47 | C25: No Lead Value | D25: State Victim Count | F25: =E25/E5 | G25: =ROUNDDOWN(F25*E6,0) | I25: =H25/E25 | J25: =I25*G25 | L25: =K25/E5 | M25: =ROUNDDOWN(L25*E6,0) | O25: =N25/K25 | P25: =M25*O25
B26: https://www.ic3.gov/Media/PDF/AnnualReport/2022State/StateReport.aspx#?s=47 | C26: Non-Payable/Non-Delivery | D26: State Victim Count | F26: =E26/E5 | G26: =ROUNDDOWN(F26*E6,0) | I26: =H26/E26 | J26: =I26*G26 | L26: =K26/E5 | M26: =ROUNDDOWN(L26*E6,0) | O26: =N26/K26 | P26: =M26*O26
B27: https://www.ic3.gov/Media/PDF/AnnualReport/2022State/StateReport.aspx#?s=47 | C27: Other | D27: State Victim Count | F27: =E27/E5 | G27: =ROUNDDOWN(F27*E6,0) | I27: =H27/E27 | J27: =I27*G27 | L27: =K27/E5 | M27: =ROUNDDOWN(L27*E6,0) | O27: =N27/K27 | P27: =M27*O27
B28: https://www.ic3.gov/Media/PDF/AnnualReport/2022State/StateReport.aspx#?s=47 | C28: Overpayment | D28: State Victim Count | F28: =E28/E5 | G28: =ROUNDDOWN(F28*E6,0) | I28: =H28/E28 | J28: =I28*G28 | L28: =K28/E5 | M28: =ROUNDDOWN(L28*E6,0) | O28: =N28/K28 | P28: =M28*O28
B29: https://www.ic3.gov/Media/PDF/AnnualReport/2022State/StateReport.aspx#?s=47 | C29: Personal Data Breach | D29: State Victim Count | F29: =E29/E5 | G29: =ROUNDDOWN(F29*E6,0) | I29: =H29/E29 | J29: =I29*G29 | L29: =K29/E5 | M29: =ROUNDDOWN(L29*E6,0) | O29: =N29/K29 | P29: =M29*O29
B30: https://www.ic3.gov/Media/PDF/AnnualReport/2022State/StateReport.aspx#?s=47 | C30: Phishing | D30: State Victim Count | F30: =E30/E5 | G30: =ROUNDDOWN(F30*E6,0) | I30: =H30/E30 | J30: =I30*G30 | L30: =K30/E5 | M30: =ROUNDDOWN(L30*E6,0) | O30: =N30/K30 | P30: =M30*O30
B31: https://www.ic3.gov/Media/PDF/AnnualReport/2022State/StateReport.aspx#?s=47 | C31: Ransomware | D31: State Victim Count | F31: =E31/E5 | G31: =ROUNDDOWN(F31*E6,0) | I31: =H31/E31 | J31: =I31*G31 | L31: =K31/E5 | M31: =ROUNDDOWN(L31*E6,0) | O31: =N31/K31 | P31: =M31*O31
B32: https://www.ic3.gov/Media/PDF/AnnualReport/2022State/StateReport.aspx#?s=47 | C32: Real Estate | D32: State Victim Count | F32: =E32/E5 | G32: =ROUNDDOWN(F32*E6,0) | I32: =H32/E32 | J32: =I32*G32 | L32: =K32/E5 | M32: =ROUNDDOWN(L32*E6,0) | O32: =N32/K32 | P32: =M32*O32
B33: https://www.ic3.gov/Media/PDF/AnnualReport/2022State/StateReport.aspx#?s=47 | C33: SIM Swap | D33: State Victim Count | F33: =E33/E5 | G33: =ROUNDDOWN(F33*E6,0) | I33: =H33/E33 | J33: =I33*G33 | L33: =K33/E5 | M33: =ROUNDDOWN(L33*E6,0) | O33: =N33/K33 | P33: =M33*O33
B34: https://www.ic3.gov/Media/PDF/AnnualReport/2022State/StateReport.aspx#?s=47 | C34: Spoofing | D34: State Victim Count | F34: =E34/E5 | G34: =ROUNDDOWN(F34*E6,0) | I34: =H34/E34 | J34: =I34*G34 | L34: =K34/E5 | M34: =ROUNDDOWN(L34*E6,0) | O34: =N34/K34 | P34: =M34*O34
B35: https://www.ic3.gov/Media/PDF/AnnualReport/2022State/StateReport.aspx#?s=47 | C35: Tech Support | D35: State Victim Count | F35: =E35/E5 | G35: =ROUNDDOWN(F35*E6,0) | I35: =H35/E35 | J35: =I35*G35 | L35: =K35/E5 | M35: =ROUNDDOWN(L35*E6,0) | O35: =N35/K35 | P35: =M35*O35
B36: https://www.ic3.gov/Media/PDF/AnnualReport/2022State/StateReport.aspx#?s=47 | C36: Threats of Violence | D36: State Victim Count | F36: =E36/E5 | G36: =ROUNDDOWN(F36*E6,0) | I36: =H36/E36 | J36: =I36*G36 | L36: =K36/E5 | M36: =ROUNDDOWN(L36*E6,0) | O36: =N36/K36 | P36: =M36*O36
J37: =I37*G37
E38: =SUM(E7:E36) | G38: =SUM(G8:G36) | I38: =H38/E38 | J38: =I38*G38

Sheet BLANK_IC3 State to City (2)
B4: REF URL | C4: Decription | D4: Unit | E4: Value | F4: Value/State Population | G4: Estimated In-City Victims, 2022, As if IC3 Victim Complaint | H4: State Victim Loss | I4: Even Loss per State Victim Count | J4: Projected In-City Victim Loss | K4: State Subject (Perpetrator) Count | L4: Subject (Perpetrator) to State Population | M4: Estimated Subject to City Population | N4: State Subject Losses (Perpetrator gained X dollars) | O4: Even Loss per State Subject | P4: Estimated In-City Subject Losses (Perpetrator Take from Victim)
B5: https://www.census.gov/quickfacts/fact/table/TN/PST045222 | C5: TN Population in 20 | D5: Population Estimate | F5: Raw Value | G5: (Victim Count/State Population ) * City Population | J5: Estimated In-City Victims * Even Loss per State Victim | P5: Subject to City * Even Loss per State Subject
B6: https://www.census.gov/quickfacts/chattanoogacitytennessee | C6: Chattanooga Population in 20 | D6: Population Estimate
B7: https://www.ic3.gov/Media/PDF/AnnualReport/2022State/StateReport.aspx#?s=47 | C7: Advanced Fee | D7: State Victim Count | F7: =E7/E5 | G7: =ROUNDDOWN(F7*E6,0) | I7: =H7/E7 | J7: =I7*G7 | L7: =K7/E5 | M7: =ROUNDDOWN(L7*E6,0) | O7: =N7/K7 | P7: =M7*O7
B8: https://www.ic3.gov/Media/PDF/AnnualReport/2022State/StateReport.aspx#?s=47 | C8: Business Email Compromise | D8: State Victim Count | F8: =E8/E5 | G8: =ROUNDDOWN(F8*E6,0) | I8: =H8/E8 | J8: =I8*G8 | L8: =K8/E5 | M8: =ROUNDDOWN(L8*E6,0) | O8: =N8/K8 | P8: =M8*O8
B9: https://www.ic3.gov/Media/PDF/AnnualReport/2022State/StateReport.aspx#?s=47 | C9: Botnet | D9: State Victim Count | F9: =E9/E5 | G9: =ROUNDDOWN(F9*E6,0) | I9: =H9/E9 | J9: =I9*G9 | L9: =K9/E5 | M9: =ROUNDDOWN(L9*E6,0) | O9: =N9/K9 | P9: =M9*O9
B10: https://www.ic3.gov/Media/PDF/AnnualReport/2022State/StateReport.aspx#?s=47 | C10: Confidence/Romance | D10: State Victim Count | F10: =E10/E5 | G10: =ROUNDDOWN(F10*E6,0) | I10: =H10/E10 | J10: =I10*G10 | L10: =K10/E5 | M10: =ROUNDDOWN(L10*E6,0) | O10: =N10/K10 | P10: =M10*O10
B11: https://www.ic3.gov/Media/PDF/AnnualReport/2022State/StateReport.aspx#?s=47 | C11: Check Fraud | D11: State Victim Count | F11: =E11/E5 | G11: =ROUNDDOWN(F11*E6,0) | I11: =H11/E11 | J11: =I11*G11 | L11: =K11/E5 | M11: =ROUNDDOWN(L11*E6,0) | O11: =N11/K11 | P11: =M11*O11
B12: https://www.ic3.gov/Media/PDF/AnnualReport/2022State/StateReport.aspx#?s=47 | C12: Crimes Against Children | D12: State Victim Count | F12: =E12/E5 | G12: =ROUNDDOWN(F12*E6,0) | I12: =H12/E12 | J12: =I12*G12 | L12: =K12/E5 | M12: =ROUNDDOWN(L12*E6,0) | O12: =N12/K12 | P12: =M12*O12
B13: https://www.ic3.gov/Media/PDF/AnnualReport/2022State/StateReport.aspx#?s=47 | C13: Data Breach | D13: State Victim Count | F13: =E13/E5 | G13: =ROUNDDOWN(F13*E6,0) | I13: =H13/E13 | J13: =I13*G13 | L13: =K13/E5 | M13: =ROUNDDOWN(L13*E6,0) | O13: =N13/K13 | P13: =M13*O13
B14: https://www.ic3.gov/Media/PDF/AnnualReport/2022State/StateReport.aspx#?s=47 | C14: Employment | D14: State Victim Count | F14: =E14/E5 | G14: =ROUNDDOWN(F14*E6,0) | I14: =H14/E14 | J14: =I14*G14 | L14: =K14/E5 | M14: =ROUNDDOWN(L14*E6,0) | O14: =N14/K14 | P14: =M14*O14
B15: https://www.ic3.gov/Media/PDF/AnnualReport/2022State/StateReport.aspx#?s=47 | C15: Extortion | D15: State Victim Count | F15: =E15/E5 | G15: =ROUNDDOWN(F15*E6,0) | I15: =H15/E15 | J15: =I15*G15 | L15: =K15/E5 | M15: =ROUNDDOWN(L15*E6,0) | O15: =N15/K15 | P15: =M15*O15
B16: https://www.ic3.gov/Media/PDF/AnnualReport/2022State/StateReport.aspx#?s=47 | C16: Government Impersonation | D16: State Victim Count | F16: =E16/E5 | G16: =ROUNDDOWN(F16*E6,0) | I16: =H16/E16 | J16: =I16*G16 | L16: =K16/E5 | M16: =ROUNDDOWN(L16*E6,0) | O16: =N16/K16 | P16: =M16*O16
B17: https://www.ic3.gov/Media/PDF/AnnualReport/2022State/StateReport.aspx#?s=47 | C17: Harassing/Stalking | D17: State Victim Count | F17: =E17/E5 | G17: =ROUNDDOWN(F17*E6,0) | I17: =H17/E17 | J17: =I17*G17 | L17: =K17/E5 | M17: =ROUNDDOWN(L17*E6,0) | O17: =N17/K17 | P17: =M17*O17
B18: https://www.ic3.gov/Media/PDF/AnnualReport/2022State/StateReport.aspx#?s=47 | C18: IPR/Counterfeit | D18: State Victim Count | F18: =E18/E5 | G18: =ROUNDDOWN(F18*E6,0) | I18: =H18/E18 | J18: =I18*G18 | L18: =K18/E5 | M18: =ROUNDDOWN(L18*E6,0) | O18: =N18/K18 | P18: =M18*O18
B19: https://www.ic3.gov/Media/PDF/AnnualReport/2022State/StateReport.aspx#?s=47 | C19: Identity Theft | D19: State Victim Count | F19: =E19/E5 | G19: =ROUNDDOWN(F19*E6,0) | I19: =H19/E19 | J19: =I19*G19 | L19: =K19/E5 | M19: =ROUNDDOWN(L19*E6,0) | O19: =N19/K19 | P19: =M19*O19
B20: https://www.ic3.gov/Media/PDF/AnnualReport/2022State/StateReport.aspx#?s=47 | C20: Investment | D20: State Victim Count | F20: =E20/E5 | G20: =ROUNDDOWN(F20*E6,0) | I20: =H20/E20 | J20: =I20*G20 | L20: =K20/E5 | M20: =ROUNDDOWN(L20*E6,0) | O20: =N20/K20 | P20: =M20*O20
B21: https://www.ic3.gov/Media/PDF/AnnualReport/2022State/StateReport.aspx#?s=47 | C21: Lottery/Sweepstakes/Inheritance | D21: State Victim Count | F21: =E21/E5 | G21: =ROUNDDOWN(F21*E6,0) | I21: =H21/E21 | J21: =I21*G21 | L21: =K21/E5 | M21: =ROUNDDOWN(L21*E6,0) | O21: =N21/K21 | P21: =M21*O21
B22: https://www.ic3.gov/Media/PDF/AnnualReport/2022State/StateReport.aspx#?s=47 | C22: Malware | D22: State Victim Count | F22: =E22/E5 | G22: =ROUNDDOWN(F22*E6,0) | I22: =H22/E22 | J22: =I22*G22 | L22: =K22/E5 | M22: =ROUNDDOWN(L22*E6,0) | O22: =N22/K22 | P22: =M22*O22
B23: https://www.ic3.gov/Media/PDF/AnnualReport/2022State/StateReport.aspx#?s=47 | C23: NCDF | D23: State Victim Count | F23: =E23/E5 | G23: =ROUNDDOWN(F23*E6,0) | I23: =H23/E23 | J23: =I23*G23 | L23: =K23/E5 | M23: =ROUNDDOWN(L23*E6,0) | O23: =N23/K23 | P23: =M23*O23
B24: https://www.ic3.gov/Media/PDF/AnnualReport/2022State/StateReport.aspx#?s=47 | C24: NTOC | D24: State Victim Count | F24: =E24/E5 | G24: =ROUNDDOWN(F24*E6,0) | I24: =H24/E24 | J24: =I24*G24 | L24: =K24/E5 | M24: =ROUNDDOWN(L24*E6,0) | O24: =N24/K24 | P24: =M24*O24
B25: https://www.ic3.gov/Media/PDF/AnnualReport/2022State/StateReport.aspx#?s=47 | C25: No Lead Value | D25: State Victim Count | F25: =E25/E5 | G25: =ROUNDDOWN(F25*E6,0) | I25: =H25/E25 | J25: =I25*G25 | L25: =K25/E5 | M25: =ROUNDDOWN(L25*E6,0) | O25: =N25/K25 | P25: =M25*O25
B26: https://www.ic3.gov/Media/PDF/AnnualReport/2022State/StateReport.aspx#?s=47 | C26: Non-Payable/Non-Delivery | D26: State Victim Count | F26: =E26/E5 | G26: =ROUNDDOWN(F26*E6,0) | I26: =H26/E26 | J26: =I26*G26 | L26: =K26/E5 | M26: =ROUNDDOWN(L26*E6,0) | O26: =N26/K26 | P26: =M26*O26
B27: https://www.ic3.gov/Media/PDF/AnnualReport/2022State/StateReport.aspx#?s=47 | C27: Other | D27: State Victim Count | F27: =E27/E5 | G27: =ROUNDDOWN(F27*E6,0) | I27: =H27/E27 | J27: =I27*G27 | L27: =K27/E5 | M27: =ROUNDDOWN(L27*E6,0) | O27: =N27/K27 | P27: =M27*O27
B28: https://www.ic3.gov/Media/PDF/AnnualReport/2022State/StateReport.aspx#?s=47 | C28: Overpayment | D28: State Victim Count | F28: =E28/E5 | G28: =ROUNDDOWN(F28*E6,0) | I28: =H28/E28 | J28: =I28*G28 | L28: =K28/E5 | M28: =ROUNDDOWN(L28*E6,0) | O28: =N28/K28 | P28: =M28*O28
B29: https://www.ic3.gov/Media/PDF/AnnualReport/2022State/StateReport.aspx#?s=47 | C29: Personal Data Breach | D29: State Victim Count | F29: =E29/E5 | G29: =ROUNDDOWN(F29*E6,0) | I29: =H29/E29 | J29: =I29*G29 | L29: =K29/E5 | M29: =ROUNDDOWN(L29*E6,0) | O29: =N29/K29 | P29: =M29*O29
B30: https://www.ic3.gov/Media/PDF/AnnualReport/2022State/StateReport.aspx#?s=47 | C30: Phishing | D30: State Victim Count | F30: =E30/E5 | G30: =ROUNDDOWN(F30*E6,0) | I30: =H30/E30 | J30: =I30*G30 | L30: =K30/E5 | M30: =ROUNDDOWN(L30*E6,0) | O30: =N30/K30 | P30: =M30*O30
B31: https://www.ic3.gov/Media/PDF/AnnualReport/2022State/StateReport.aspx#?s=47 | C31: Ransomware | D31: State Victim Count | F31: =E31/E5 | G31: =ROUNDDOWN(F31*E6,0) | I31: =H31/E31 | J31: =I31*G31 | L31: =K31/E5 | M31: =ROUNDDOWN(L31*E6,0) | O31: =N31/K31 | P31: =M31*O31
B32: https://www.ic3.gov/Media/PDF/AnnualReport/2022State/StateReport.aspx#?s=47 | C32: Real Estate | D32: State Victim Count | F32: =E32/E5 | G32: =ROUNDDOWN(F32*E6,0) | I32: =H32/E32 | J32: =I32*G32 | L32: =K32/E5 | M32: =ROUNDDOWN(L32*E6,0) | O32: =N32/K32 | P32: =M32*O32
B33: https://www.ic3.gov/Media/PDF/AnnualReport/2022State/StateReport.aspx#?s=47 | C33: SIM Swap | D33: State Victim Count | F33: =E33/E5 | G33: =ROUNDDOWN(F33*E6,0) | I33: =H33/E33 | J33: =I33*G33 | L33: =K33/E5 | M33: =ROUNDDOWN(L33*E6,0) | O33: =N33/K33 | P33: =M33*O33
B34: https://www.ic3.gov/Media/PDF/AnnualReport/2022State/StateReport.aspx#?s=47 | C34: Spoofing | D34: State Victim Count | F34: =E34/E5 | G34: =ROUNDDOWN(F34*E6,0) | I34: =H34/E34 | J34: =I34*G34 | L34: =K34/E5 | M34: =ROUNDDOWN(L34*E6,0) | O34: =N34/K34 | P34: =M34*O34
B35: https://www.ic3.gov/Media/PDF/AnnualReport/2022State/StateReport.aspx#?s=47 | C35: Tech Support | D35: State Victim Count | F35: =E35/E5 | G35: =ROUNDDOWN(F35*E6,0) | I35: =H35/E35 | J35: =I35*G35 | L35: =K35/E5 | M35: =ROUNDDOWN(L35*E6,0) | O35: =N35/K35 | P35: =M35*O35
B36: https://www.ic3.gov/Media/PDF/AnnualReport/2022State/StateReport.aspx#?s=47 | C36: Threats of Violence | D36: State Victim Count | F36: =E36/E5 | G36: =ROUNDDOWN(F36*E6,0) | I36: =H36/E36 | J36: =I36*G36 | L36: =K36/E5 | M36: =ROUNDDOWN(L36*E6,0) | O36: =N36/K36 | P36: =M36*O36
J37: =I37*G37
E38: =SUM(E7:E36) | G38: =SUM(G8:G36) | I38: =H38/E38 | J38: =I38*G38

Sheet State Summary Graphs CALIFORNIA
B2: State IC3 Data
H3: System Intrusion Group | M3: Threat to Personnel via Network | P3: Theft of Data via Network
B4: Year | C4: City Population | D4: Column1 | E4: Column2 | F4: Column3 | G4: Crimes | H4: Data Breach | I4: Personal Data Breach | J4: Malware | K4: Phishing | L4: Ransomware | M4: Crimes Against Children | N4: Extortion | O4: Threats/Stalking/Harassment/Terrorism | P4: IPR/Counterfeit | Q4: Identify Theft | R4: BEC
B5: 2016 | C5: 177746 | H5: 53 | I5: 429 | J5: 60 | K5: 298 | L5: 49 | M5: 14 | N5: 361 | O5: 276 | P5: 44 | Q5: 281 | R5: 161
B6: 2017 | C6: 179530 | H6: 53 | I6: 490 | J6: 43 | K6: 347 | L6: 33 | M6: 19 | N6: 290 | O6: 230 | P6: 38 | Q6: 332 | R6: 184
B7: 2018 | C7: 181918 | H7: 28 | I7: 697 | J7: 23 | K7: 311 | L7: 20 | M7: 28 | N7: 759 | O7: 262 | P7: 25 | Q7: 407 | R7: 297
B8: 2019 | C8: 182799 | H8: 21 | I8: 507 | J8: 46 | K8: 310 | L8: 34 | M8: 23 | N8: 725 | O8: 199 | P8: 58 | Q8: 289 | R8: 331
B9: 2020 | C9: 181560 | H9: 29 | I9: 714 | J9: 18 | K9: 379 | L9: 34 | M9: 60 | N9: 1185 | O9: 267 | P9: 75 | Q9: 419 | R9: 249
B10: 2021 | C10: 181163 | H10: 21 | I10: 742 | J10: 11 | K10: 438 | L10: 47 | M10: 29 | N10: 628 | O10: 172 | P10: 60 | Q10: 529 | R10: 321
B11: 2022 | C11: 184086 | H11: 44 | I11: 903 | J11: 9 | K11: 296 | L11: 31 | M11: 54 | N11: 695 | O11: 28 | P11: 19 | Q11: 539 | R11: 3269

Sheet 2016_IC3 State CALIFORNIA
B4: REF URL | C4: Decription | D4: Unit | E4: Value | F4: Value/State Population | G4: Estimated In-City Victims, 2022, As if IC3 Victim Complaint | H4: State Victim Loss | I4: Even Loss per State Victim Count | J4: Projected In-City Victim Loss | K4: State Subject (Perpetrator) Count | L4: Subject (Perpetrator) to State Population | M4: Estimated Subject to City Population | N4: State Subject Losses (Perpetrator gained X dollars) | O4: Even Loss per State Subject | P4: Estimated In-City Subject Losses (Perpetrator Take from Victim)
B5: https://fred.stlouisfed.org/series/CAPOP# | C5: CA Population in 2016 | D5: Population Estimate | E5: 39149186 | F5: Raw Value | G5: (Victim Count/State Population ) * City Population | J5: Estimated In-City Victims * Even Loss per State Victim | P5: Subject to City * Even Loss per State Subject
B6: https://www.census.gov/quickfacts/chattanoogacitytennessee | C6: Chattanooga Population in 2016 | D6: Population Estimate | E6: 177746
B7: https://www.ic3.gov/annualreport/Reports/2016State/?s=6 | C7: Advanced Fee | D7: State Victim Count | E7: 1772 | F7: =E7/E5 | G7: =ROUNDDOWN(F7*E6,0) | H7: 6842054 | I7: =H7/E7 | J7: =I7*G7 | K7: 981 | L7: =K7/E5 | M7: =ROUNDDOWN(L7*E6,0) | N7: 2826614 | O7: =N7/K7 | P7: =M7*O7
B8: https://www.ic3.gov/annualreport/Reports/2016State/?s=6 | C8: Business Email Compromise | D8: State Victim Count | E8: 2155 | F8: =E8/E5 | G8: =ROUNDDOWN(F8*E6,0) | H8: 69208381 | I8: =H8/E8 | J8: =I8*G8 | K8: 362 | L8: =K8/E5 | M8: =ROUNDDOWN(L8*E6,0) | N8: 7685800 | O8: =N8/K8 | P8: =M8*O8
B9: https://www.ic3.gov/annualreport/Reports/2016State/?s=6 | C9: Botnet | D9: State Victim Count | F9: =E9/E5 | G9: =ROUNDDOWN(F9*E6,0) | I9: =H9/E9 | J9: =I9*G9 | L9: =K9/E5 | M9: =ROUNDDOWN(L9*E6,0) | O9: =N9/K9 | P9: =M9*O9
B10: https://www.ic3.gov/annualreport/Reports/2016State/?s=6 | C10: Confidence/Romance | D10: State Victim Count | E10: 1595 | F10: =E10/E5 | G10: =ROUNDDOWN(F10*E6,0) | H10: 30496552 | I10: =H10/E10 | J10: =I10*G10 | K10: 837 | L10: =K10/E5 | M10: =ROUNDDOWN(L10*E6,0) | N10: 18178156 | O10: =N10/K10 | P10: =M10*O10
B11: https://www.ic3.gov/annualreport/Reports/2016State/?s=6 | C11: Check Fraud | D11: State Victim Count | E11: 2296 | F11: =E11/E5 | G11: =ROUNDDOWN(F11*E6,0) | H11: 8421491 | I11: =H11/E11 | J11: =I11*G11 | K11: 977 | L11: =K11/E5 | M11: =ROUNDDOWN(L11*E6,0) | N11: 4021797 | O11: =N11/K11 | P11: =M11*O11
B12: https://www.ic3.gov/annualreport/Reports/2016State/?s=6 | C12: Crimes Against Children | D12: State Victim Count | E12: 142 | F12: =E12/E5 | G12: =ROUNDDOWN(F12*E6,0) | H12: 2764 | I12: =H12/E12 | J12: =I12*G12 | K12: 34 | L12: =K12/E5 | M12: =ROUNDDOWN(L12*E6,0) | N12: 2030 | O12: =N12/K12 | P12: =M12*O12
B13: https://www.ic3.gov/annualreport/Reports/2016State/?s=6 | C13: Data Breach | D13: State Victim Count | E13: 568 | F13: =E13/E5 | G13: =ROUNDDOWN(F13*E6,0) | H13: 9769361 | I13: =H13/E13 | J13: =I13*G13 | K13: 141 | L13: =K13/E5 | M13: =ROUNDDOWN(L13*E6,0) | N13: 5175617 | P13: =M13*O13
B14: https://www.ic3.gov/annualreport/Reports/2016State/?s=6 | C14: Employment | D14: State Victim Count | E14: 2122 | F14: =E14/E5 | G14: =ROUNDDOWN(F14*E6,0) | H14: 5123371 | I14: =H14/E14 | J14: =I14*G14 | K14: 872 | L14: =K14/E5 | M14: =ROUNDDOWN(L14*E6,0) | N14: 2423611 | O14: =N14/K14 | P14: =M14*O14
B15: https://www.ic3.gov/annualreport/Reports/2016State/?s=6 | C15: Extortion | D15: State Victim Count | E15: 2257 | F15: =E15/E5 | G15: =ROUNDDOWN(F15*E6,0) | H15: 2413243 | I15: =H15/E15 | J15: =I15*G15 | K15: 579 | L15: =K15/E5 | M15: =ROUNDDOWN(L15*E6,0) | N15: 691139 | O15: =N15/K15 | P15: =M15*O15
B16: https://www.ic3.gov/annualreport/Reports/2016State/?s=6 | C16: Government Impersonation | D16: State Victim Count | E16: 1408 | F16: =E16/E5 | G16: =ROUNDDOWN(F16*E6,0) | H16: 2220574 | J16: =I16*G16 | K16: 205 | L16: =K16/E5 | M16: =ROUNDDOWN(L16*E6,0) | N16: 308363 | O16: =N16/K16 | P16: =M16*O16
B17: https://www.ic3.gov/annualreport/Reports/2016State/?s=6 | C17: Harassing/Stalking | D17: State Victim Count | F17: =E17/E5 | G17: =ROUNDDOWN(F17*E6,0) | I17: =H17/E17 | J17: =I17*G17 | L17: =K17/E5 | M17: =ROUNDDOWN(L17*E6,0) | O17: =N17/K17 | P17: =M17*O17
B18: https://www.ic3.gov/annualreport/Reports/2016State/?s=6 | C18: IPR/Counterfeit | D18: State Victim Count | E18: 383 | F18: =E18/E5 | G18: =ROUNDDOWN(F18*E6,0) | H18: 1946413 | I18: =H18/E18 | J18: =I18*G18 | K18: 176 | L18: =K18/E5 | M18: =ROUNDDOWN(L18*E6,0) | N18: 1437731 | O18: =N18/K18 | P18: =M18*O18
B19: https://www.ic3.gov/annualreport/Reports/2016State/?s=6 | C19: Identity Theft | D19: State Victim Count | E19: 2368 | F19: =E19/E5 | G19: =ROUNDDOWN(F19*E6,0) | H19: 17862807 | I19: =H19/E19 | J19: =I19*G19 | K19: 734 | L19: =K19/E5 | M19: =ROUNDDOWN(L19*E6,0) | N19: 2859749 | O19: =N19/K19 | P19: =M19*O19
B20: https://www.ic3.gov/annualreport/Reports/2016State/?s=6 | C20: Investment | D20: State Victim Count | E20: 178 | F20: =E20/E5 | G20: =ROUNDDOWN(F20*E6,0) | H20: 12656865 | I20: =H20/E20 | J20: =I20*G20 | K20: 194 | L20: =K20/E5 | M20: =ROUNDDOWN(L20*E6,0) | N20: 10676727 | O20: =N20/K20 | P20: =M20*O20
B21: https://www.ic3.gov/annualreport/Reports/2016State/?s=6 | C21: Lottery/Sweepstakes/Inheritance | D21: State Victim Count | E21: 310 | F21: =E21/E5 | G21: =ROUNDDOWN(F21*E6,0) | H21: 2890676 | I21: =H21/E21 | J21: =I21*G21 | K21: 313 | L21: =K21/E5 | M21: =ROUNDDOWN(L21*E6,0) | N21: 1268658 | O21: =N21/K21 | P21: =M21*O21
B22: https://www.ic3.gov/annualreport/Reports/2016State/?s=6 | C22: Malware | D22: State Victim Count | E22: 347 | F22: =E22/E5 | G22: =ROUNDDOWN(F22*E6,0) | H22: 1617528 | I22: =H22/E22 | J22: =I22*G22 | K22: 109 | L22: =K22/E5 | M22: =ROUNDDOWN(L22*E6,0) | N22: 83182 | O22: =N22/K22 | P22: =M22*O22
B23: https://www.ic3.gov/annualreport/Reports/2016State/?s=6 | C23: NCDF | D23: State Victim Count | F23: =E23/E5 | G23: =ROUNDDOWN(F23*E6,0) | I23: =H23/E23 | J23: =I23*G23 | L23: =K23/E5 | M23: =ROUNDDOWN(L23*E6,0) | O23: =N23/K23 | P23: =M23*O23
B24: https://www.ic3.gov/annualreport/Reports/2016State/?s=6 | C24: NTOC | D24: State Victim Count | F24: =E24/E5 | G24: =ROUNDDOWN(F24*E6,0) | I24: =H24/E24 | J24: =I24*G24 | L24: =K24/E5 | M24: =ROUNDDOWN(L24*E6,0) | O24: =N24/K24 | P24: =M24*O24
B25: https://www.ic3.gov/annualreport/Reports/2016State/?s=6 | C25: No Lead Value | D25: State Victim Count | E25: 1994 | F25: =E25/E5 | G25: =ROUNDDOWN(F25*E6,0) | H25: 0 | I25: =H25/E25 | J25: =I25*G25 | K25: 743 | L25: =K25/E5 | M25: =ROUNDDOWN(L25*E6,0) | N25: 0 | O25: =N25/K25 | P25: =M25*O25
B26: https://www.ic3.gov/annualreport/Reports/2016State/?s=6 | C26: Non-Payable/Non-Delivery | D26: State Victim Count | E26: 10780 | F26: =E26/E5 | G26: =ROUNDDOWN(F26*E6,0) | H26: 18745947 | I26: =H26/E26 | J26: =I26*G26 | K26: 4329 | L26: =K26/E5 | M26: =ROUNDDOWN(L26*E6,0) | N26: 10357087 | O26: =N26/K26 | P26: =M26*O26
B27: https://www.ic3.gov/annualreport/Reports/2016State/?s=6 | C27: Other | D27: State Victim Count | E27: 1780 | F27: =E27/E5 | G27: =ROUNDDOWN(F27*E6,0) | H27: 20280039 | I27: =H27/E27 | J27: =I27*G27 | K27: 488 | L27: =K27/E5 | M27: =ROUNDDOWN(L27*E6,0) | N27: 4609617 | O27: =N27/K27 | P27: =M27*O27
B28: https://www.ic3.gov/annualreport/Reports/2016State/?s=6 | C28: Overpayment | D28: State Victim Count | F28: =E28/E5 | G28: =ROUNDDOWN(F28*E6,0) | H28: NO MATCH | I28: =H28/E28 | J28: =I28*G28 | L28: =K28/E5 | M28: =ROUNDDOWN(L28*E6,0) | O28: =N28/K28 | P28: =M28*O28
B29: https://www.ic3.gov/annualreport/Reports/2016State/?s=6 | C29: Personal Data Breach | D29: State Victim Count | E29: 4031 | F29: =E29/E5 | G29: =ROUNDDOWN(F29*E6,0) | H29: 8808240 | I29: =H29/E29 | J29: =I29*G29 | K29: 1569 | L29: =K29/E5 | M29: =ROUNDDOWN(L29*E6,0) | N29: 7062269 | O29: =N29/K29 | P29: =M29*O29
B30: https://www.ic3.gov/annualreport/Reports/2016State/?s=6 | C30: Phishing | D30: State Victim Count | E30: 2059 | F30: =E30/E5 | G30: =ROUNDDOWN(F30*E6,0) | H30: 11073447 | I30: =H30/E30 | J30: =I30*G30 | K30: 618 | L30: =K30/E5 | M30: =ROUNDDOWN(L30*E6,0) | N30: 617610 | O30: =N30/K30 | P30: =M30*O30
B31: https://www.ic3.gov/annualreport/Reports/2016State/?s=6 | C31: Ransomware | D31: State Victim Count | E31: 336 | F31: =E31/E5 | G31: =ROUNDDOWN(F31*E6,0) | H31: 260331 | I31: =H31/E31 | J31: =I31*G31 | K31: 32 | L31: =K31/E5 | M31: =ROUNDDOWN(L31*E6,0) | N31: 65864 | O31: =N31/K31 | P31: =M31*O31
B32: https://www.ic3.gov/annualreport/Reports/2016State/?s=6 | C32: Real Estate | D32: State Victim Count | E32: 2333 | F32: =E32/E5 | G32: =ROUNDDOWN(F32*E6,0) | H32: 6314255 | I32: =H32/E32 | J32: =I32*G32 | K32: 934 | L32: =K32/E5 | M32: =ROUNDDOWN(L32*E6,0) | N32: 3545224 | O32: =N32/K32 | P32: =M32*O32
B33: https://www.ic3.gov/annualreport/Reports/2016State/?s=6 | C33: SIM Swap | D33: State Victim Count | F33: =E33/E5 | G33: =ROUNDDOWN(F33*E6,0) | H33: NO MATCH | I33: =H33/E33 | J33: =I33*G33 | L33: =K33/E5 | M33: =ROUNDDOWN(L33*E6,0) | O33: =N33/K33 | P33: =M33*O33
B34: https://www.ic3.gov/annualreport/Reports/2016State/?s=6 | C34: Spoofing | D34: State Victim Count | F34: =E34/E5 | G34: =ROUNDDOWN(F34*E6,0) | H34: NO MATCH | I34: =H34/E34 | J34: =I34*G34 | K34: 11 | L34: =K34/E5 | M34: =ROUNDDOWN(L34*E6,0) | O34: =N34/K34 | P34: =M34*O34
B35: https://www.ic3.gov/annualreport/Reports/2016State/?s=6 | C35: Tech Support | D35: State Victim Count | E35: 1434 | F35: =E35/E5 | G35: =ROUNDDOWN(F35*E6,0) | H35: 812196 | I35: =H35/E35 | J35: =I35*G35 | K35: 491 | L35: =K35/E5 | M35: =ROUNDDOWN(L35*E6,0) | N35: 536262 | O35: =N35/K35 | P35: =M35*O35
B36: https://www.ic3.gov/annualreport/Reports/2016State/?s=6 | C36: Threats of Violence | D36: State Victim Count | E36: 2229 | F36: =E36/E5 | G36: =ROUNDDOWN(F36*E6,0) | H36: 2139776 | I36: =H36/E36 | J36: =I36*G36 | K36: 1163 | L36: =K36/E5 | M36: =ROUNDDOWN(L36*E6,0) | N36: 1445511 | O36: =N36/K36 | P36: =M36*O36
B37: https://www.ic3.gov/annualreport/Reports/2016State/?s=6 | J37: =I37*G37
B38: https://www.ic3.gov/annualreport/Reports/2016State/?s=6 | E38: 44877 | G38: =SUM(G8:G36) | I38: =H38/E38 | J38: =I38*G38
B39: https://www.ic3.gov/annualreport/Reports/2016State/?s=6 | C39: Malware + Virus
B40: https://www.ic3.gov/annualreport/Reports/2016State/?s=6 | C40: Harassment, Stalking, Threats of Violence and Terrorism all combined

Sheet 2017_IC3 State CALIFORNIA
B4: REF URL | C4: Decription | D4: Unit | E4: Value | F4: Value/State Population | G4: Estimated In-City Victims, 2022, As if IC3 Victim Complaint | H4: State Victim Loss | I4: Even Loss per State Victim Count | J4: Projected In-City Victim Loss | K4: State Subject (Perpetrator) Count | L4: Subject (Perpetrator) to State Population | M4: Estimated Subject to City Population | N4: State Subject Losses (Perpetrator gained X dollars) | O4: Even Loss per State Subject | P4: Estimated In-City Subject Losses (Perpetrator Take from Victim)
B5: https://fred.stlouisfed.org/series/CAPOP# | C5: CA Population in 2017 | D5: Population Estimate | E5: 39337785 | F5: Raw Value | G5: (Victim Count/State Population ) * City Population | J5: Estimated In-City Victims * Even Loss per State Victim | P5: Subject to City * Even Loss per State Subject
B6: https://www.census.gov/quickfacts/chattanoogacitytennessee | C6: Chattanooga Population in 2017 | D6: Population Estimate | E6: 179530
B7: https://www.ic3.gov/annualreport/Reports/2017State/?s=6 | C7: Advanced Fee | D7: State Victim Count | E7: 1913 | F7: =E7/E5 | G7: =ROUNDDOWN(F7*E6,0) | H7: 7201726 | I7: =H7/E7 | J7: =I7*G7 | K7: 1011 | L7: =K7/E5 | M7: =ROUNDDOWN(L7*E6,0) | N7: 4418144 | O7: =N7/K7 | P7: =M7*O7
B8: https://www.ic3.gov/annualreport/Reports/2017State/?s=6 | C8: Business Email Compromise | D8: State Victim Count | E8: 2429 | F8: =E8/E5 | G8: =ROUNDDOWN(F8*E6,0) | H8: 106225791 | I8: =H8/E8 | J8: =I8*G8 | K8: 357 | L8: =K8/E5 | M8: =ROUNDDOWN(L8*E6,0) | N8: 15991994 | O8: =N8/K8 | P8: =M8*O8
B9: https://www.ic3.gov/annualreport/Reports/2017State/?s=6 | C9: Botnet | D9: State Victim Count | F9: =E9/E5 | G9: =ROUNDDOWN(F9*E6,0) | I9: =H9/E9 | J9: =I9*G9 | L9: =K9/E5 | M9: =ROUNDDOWN(L9*E6,0) | O9: =N9/K9 | P9: =M9*O9
B10: https://www.ic3.gov/annualreport/Reports/2017State/?s=6 | C10: Confidence/Romance | D10: State Victim Count | E10: 1761 | F10: =E10/E5 | G10: =ROUNDDOWN(F10*E6,0) | H10: 31622647 | I10: =H10/E10 | J10: =I10*G10 | K10: 818 | L10: =K10/E5 | M10: =ROUNDDOWN(L10*E6,0) | N10: 18645188 | O10: =N10/K10 | P10: =M10*O10
B11: https://www.ic3.gov/annualreport/Reports/2017State/?s=6 | C11: Check Fraud | D11: State Victim Count | E11: 2329 | F11: =E11/E5 | G11: =ROUNDDOWN(F11*E6,0) | H11: 11485551 | I11: =H11/E11 | J11: =I11*G11 | K11: 980 | L11: =K11/E5 | M11: =ROUNDDOWN(L11*E6,0) | N11: 7489248 | O11: =N11/K11 | P11: =M11*O11
B12: https://www.ic3.gov/annualreport/Reports/2017State/?s=6 | C12: Crimes Against Children | D12: State Victim Count | E12: 125 | F12: =E12/E5 | G12: =ROUNDDOWN(F12*E6,0) | H12: 1050 | I12: =H12/E12 | J12: =I12*G12 | K12: 36 | L12: =K12/E5 | M12: =ROUNDDOWN(L12*E6,0) | N12: 250 | O12: =N12/K12 | P12: =M12*O12
B13: https://www.ic3.gov/annualreport/Reports/2017State/?s=6 | C13: Data Breach | D13: State Victim Count | E13: 632 | F13: =E13/E5 | G13: =ROUNDDOWN(F13*E6,0) | H13: 7805797 | I13: =H13/E13 | J13: =I13*G13 | K13: 135 | L13: =K13/E5 | M13: =ROUNDDOWN(L13*E6,0) | N13: 1828376 | O13: =N13/K13 | P13: =M13*O13
B14: https://www.ic3.gov/annualreport/Reports/2017State/?s=6 | C14: Employment | D14: State Victim Count | E14: 2111 | F14: =E14/E5 | G14: =ROUNDDOWN(F14*E6,0) | H14: 7048026 | I14: =H14/E14 | J14: =I14*G14 | K14: 890 | L14: =K14/E5 | M14: =ROUNDDOWN(L14*E6,0) | N14: 3546359 | O14: =N14/K14 | P14: =M14*O14
B15: https://www.ic3.gov/annualreport/Reports/2017State/?s=6 | C15: Extortion | D15: State Victim Count | E15: 2054 | F15: =E15/E5 | G15: =ROUNDDOWN(F15*E6,0) | H15: 1725544 | I15: =H15/E15 | J15: =I15*G15 | K15: 428 | L15: =K15/E5 | M15: =ROUNDDOWN(L15*E6,0) | N15: 1159802 | O15: =N15/K15 | P15: =M15*O15
B16: https://www.ic3.gov/annualreport/Reports/2017State/?s=6 | C16: Government Impersonation | D16: State Victim Count | E16: 1033 | F16: =E16/E5 | G16: =ROUNDDOWN(F16*E6,0) | H16: 1332356 | I16: =H16/E16 | J16: =I16*G16 | K16: 160 | L16: =K16/E5 | M16: =ROUNDDOWN(L16*E6,0) | N16: 997544 | O16: =N16/K16 | P16: =M16*O16
B17: https://www.ic3.gov/annualreport/Reports/2017State/?s=6 | C17: Harassing/Stalking | D17: State Victim Count | F17: =E17/E5 | G17: =ROUNDDOWN(F17*E6,0) | I17: =H17/E17 | J17: =I17*G17 | L17: =K17/E5 | M17: =ROUNDDOWN(L17*E6,0) | O17: =N17/K17 | P17: =M17*O17
B18: https://www.ic3.gov/annualreport/Reports/2017State/?s=6 | C18: IPR/Counterfeit | D18: State Victim Count | E18: 399 | F18: =E18/E5 | G18: =ROUNDDOWN(F18*E6,0) | H18: 1750437 | I18: =H18/E18 | J18: =I18*G18 | K18: 167 | L18: =K18/E5 | M18: =ROUNDDOWN(L18*E6,0) | N18: 887091 | O18: =N18/K18 | P18: =M18*O18
B19: https://www.ic3.gov/annualreport/Reports/2017State/?s=6 | C19: Identity Theft | D19: State Victim Count | E19: 2609 | F19: =E19/E5 | G19: =ROUNDDOWN(F19*E6,0) | H19: 10216795 | I19: =H19/E19 | J19: =I19*G19 | K19: 808 | L19: =K19/E5 | M19: =ROUNDDOWN(L19*E6,0) | N19: 9086325 | O19: =N19/K19 | P19: =M19*O19
B20: https://www.ic3.gov/annualreport/Reports/2017State/?s=6 | C20: Investment | D20: State Victim Count | E20: 312 | F20: =E20/E5 | G20: =ROUNDDOWN(F20*E6,0) | H20: 9720720 | I20: =H20/E20 | J20: =I20*G20 | K20: 235 | L20: =K20/E5 | M20: =ROUNDDOWN(L20*E6,0) | N20: 9277143 | O20: =N20/K20 | P20: =M20*O20
B21: https://www.ic3.gov/annualreport/Reports/2017State/?s=6 | C21: Lottery/Sweepstakes/Inheritance | D21: State Victim Count | E21: 280 | F21: =E21/E5 | G21: =ROUNDDOWN(F21*E6,0) | H21: 2861498 | I21: =H21/E21 | J21: =I21*G21 | K21: 156 | L21: =K21/E5 | M21: =ROUNDDOWN(L21*E6,0) | N21: 1755460 | O21: =N21/K21 | P21: =M21*O21
B22: https://www.ic3.gov/annualreport/Reports/2017State/?s=6 | C22: Malware | D22: State Victim Count | E22: 408 | F22: =E22/E5 | G22: =ROUNDDOWN(F22*E6,0) | H22: 400701 | I22: =H22/E22 | J22: =I22*G22 | K22: 113 | L22: =K22/E5 | M22: =ROUNDDOWN(L22*E6,0) | N22: 62271 | O22: =N22/K22 | P22: =M22*O22
B23: https://www.ic3.gov/annualreport/Reports/2017State/?s=6 | C23: NCDF | D23: State Victim Count | F23: =E23/E5 | G23: =ROUNDDOWN(F23*E6,0) | I23: =H23/E23 | J23: =I23*G23 | L23: =K23/E5 | M23: =ROUNDDOWN(L23*E6,0) | O23: =N23/K23 | P23: =M23*O23
B24: https://www.ic3.gov/annualreport/Reports/2017State/?s=6 | C24: NTOC | D24: State Victim Count | F24: =E24/E5 | G24: =ROUNDDOWN(F24*E6,0) | I24: =H24/E24 | J24: =I24*G24 | L24: =K24/E5 | M24: =ROUNDDOWN(L24*E6,0) | O24: =N24/K24 | P24: =M24*O24
B25: https://www.ic3.gov/annualreport/Reports/2017State/?s=6 | C25: No Lead Value | D25: State Victim Count | E25: 3048 | F25: =E25/E5 | G25: =ROUNDDOWN(F25*E6,0) | H25: 0 | I25: =H25/E25 | J25: =I25*G25 | K25: 974 | L25: =K25/E5 | M25: =ROUNDDOWN(L25*E6,0) | N25: 0 | O25: =N25/K25 | P25: =M25*O25
B26: https://www.ic3.gov/annualreport/Reports/2017State/?s=6 | C26: Non-Payable/Non-Delivery | D26: State Victim Count | E26: 11209 | F26: =E26/E5 | G26: =ROUNDDOWN(F26*E6,0) | H26: 21235593 | I26: =H26/E26 | J26: =I26*G26 | K26: 4371 | L26: =K26/E5 | M26: =ROUNDDOWN(L26*E6,0) | N26: 15422359 | O26: =N26/K26 | P26: =M26*O26
B27: https://www.ic3.gov/annualreport/Reports/2017State/?s=6 | C27: Other | D27: State Victim Count | E27: 2558 | F27: =E27/E5 | G27: =ROUNDDOWN(F27*E6,0) | H27: 3945903 | I27: =H27/E27 | J27: =I27*G27 | K27: 612 | L27: =K27/E5 | M27: =ROUNDDOWN(L27*E6,0) | N27: 1634576 | O27: =N27/K27 | P27: =M27*O27
B28: https://www.ic3.gov/annualreport/Reports/2017State/?s=6 | C28: Overpayment | D28: State Victim Count | E28: 2802 | F28: =E28/E5 | G28: =ROUNDDOWN(F28*E6,0) | H28: 7226026 | I28: =H28/E28 | J28: =I28*G28 | K28: 1118 | L28: =K28/E5 | M28: =ROUNDDOWN(L28*E6,0) | N28: 2666116 | O28: =N28/K28 | P28: =M28*O28
B29: https://www.ic3.gov/annualreport/Reports/2017State/?s=6 | C29: Personal Data Breach | D29: State Victim Count | E29: 4764 | F29: =E29/E5 | G29: =ROUNDDOWN(F29*E6,0) | H29: 9355626 | I29: =H29/E29 | J29: =I29*G29 | K29: 1721 | L29: =K29/E5 | M29: =ROUNDDOWN(L29*E6,0) | N29: 3160050 | O29: =N29/K29 | P29: =M29*O29
B30: https://www.ic3.gov/annualreport/Reports/2017State/?s=6 | C30: Phishing | D30: State Victim Count | E30: 3098 | F30: =E30/E5 | G30: =ROUNDDOWN(F30*E6,0) | H30: 3032022 | I30: =H30/E30 | J30: =I30*G30 | K30: 708 | L30: =K30/E5 | M30: =ROUNDDOWN(L30*E6,0) | N30: 1789122 | O30: =N30/K30 | P30: =M30*O30
B31: https://www.ic3.gov/annualreport/Reports/2017State/?s=6 | C31: Ransomware | D31: State Victim Count | E31: 222 | F31: =E31/E5 | G31: =ROUNDDOWN(F31*E6,0) | H31: 600727 | I31: =H31/E31 | J31: =I31*G31 | K31: 18 | L31: =K31/E5 | M31: =ROUNDDOWN(L31*E6,0) | N31: 304799 | O31: =N31/K31 | P31: =M31*O31
B32: https://www.ic3.gov/annualreport/Reports/2017State/?s=6 | C32: Real Estate | D32: State Victim Count | E32: 1940 | F32: =E32/E5 | G32: =ROUNDDOWN(F32*E6,0) | H32: 9192862 | I32: =H32/E32 | J32: =I32*G32 | K32: 783 | L32: =K32/E5 | M32: =ROUNDDOWN(L32*E6,0) | N32: 5935941 | O32: =N32/K32 | P32: =M32*O32
B33: https://www.ic3.gov/annualreport/Reports/2017State/?s=6 | C33: SIM Swap | D33: State Victim Count | F33: =E33/E5 | G33: =ROUNDDOWN(F33*E6,0) | I33: =H33/E33 | J33: =I33*G33 | L33: =K33/E5 | M33: =ROUNDDOWN(L33*E6,0) | O33: =N33/K33 | P33: =M33*O33
B34: https://www.ic3.gov/annualreport/Reports/2017State/?s=6 | C34: Spoofing | D34: State Victim Count | E34: 0 | F34: =E34/E5 | G34: =ROUNDDOWN(F34*E6,0) | H34: 0 | I34: =H34/E34 | J34: =I34*G34 | K34: 0 | L34: =K34/E5 | M34: =ROUNDDOWN(L34*E6,0) | N34: 0 | O34: =N34/K34 | P34: =M34*O34
B35: https://www.ic3.gov/annualreport/Reports/2017State/?s=6 | C35: Tech Support | D35: State Victim Count | E35: 1627 | F35: =E35/E5 | G35: =ROUNDDOWN(F35*E6,0) | H35: 3121081 | I35: =H35/E35 | J35: =I35*G35 | K35: 521 | L35: =K35/E5 | M35: =ROUNDDOWN(L35*E6,0) | N35: 2008047 | O35: =N35/K35 | P35: =M35*O35
B36: https://www.ic3.gov/annualreport/Reports/2017State/?s=6 | C36: Threats of Violence | D36: State Victim Count | E36: 2441 | F36: =E36/E5 | G36: =ROUNDDOWN(F36*E6,0) | H36: 1578405 | I36: =H36/E36 | J36: =I36*G36 | K36: 1161 | L36: =K36/E5 | M36: =ROUNDDOWN(L36*E6,0) | N36: 1064747 | O36: =N36/K36 | P36: =M36*O36
B37: https://www.ic3.gov/annualreport/Reports/2017State/?s=6 | J37: =I37*G37
B38: https://www.ic3.gov/annualreport/Reports/2017State/?s=6 | E38: 52104 | G38: =SUM(G8:G36) | I38: =H38/E38 | J38: =I38*G38
B39: https://www.ic3.gov/annualreport/Reports/2017State/?s=6
B40: https://www.ic3.gov/annualreport/Reports/2017State/?s=6 | C40: Harassment, Stalking, Threats of Violence and Terrorism all combined
B41: https://www.ic3.gov/annualreport/Reports/2017State/?s=6 | C41: Had 2 Terrorism this year

Sheet 2018_IC3 State CALIFORNIA
B4: REF URL | C4: Decription | D4: Unit | E4: Value | F4: Value/State Population | G4: Estimated In-City Victims, 2022, As if IC3 Victim Complaint | H4: State Victim Loss | I4: Even Loss per State Victim Count | J4: Projected In-City Victim Loss | K4: State Subject (Perpetrator) Count | L4: Subject (Perpetrator) to State Population | M4: Estimated Subject to City Population | N4: State Subject Losses (Perpetrator gained X dollars) | O4: Even Loss per State Subject | P4: Estimated In-City Subject Losses (Perpetrator Take from Victim)
B5: https://fred.stlouisfed.org/series/CAPOP# | C5: CA Population in 2018 | D5: Population Estimate | E5: 39437463 | F5: Raw Value | G5: (Victim Count/State Population ) * City Population | J5: Estimated In-City Victims * Even Loss per State Victim | P5: Subject to City * Even Loss per State Subject
B6: https://www.census.gov/quickfacts/chattanoogacitytennessee | C6: Chattanooga Population in 2018 | D6: Population Estimate | E6: 181918
B7: https://www.ic3.gov/annualreport/Reports/2018State/?s=6 | C7: Advanced Fee | D7: State Victim Count | E7: 1854 | F7: =E7/E5 | G7: =ROUNDDOWN(F7*E6,0) | H7: 16244343 | I7: =H7/E7 | J7: =I7*G7 | K7: 1134 | L7: =K7/E5 | M7: =ROUNDDOWN(L7*E6,0) | N7: 6225472 | O7: =N7/K7 | P7: =M7*O7
B8: https://www.ic3.gov/annualreport/Reports/2018State/?s=6 | C8: Business Email Compromise | D8: State Victim Count | E8: 3032 | F8: =E8/E5 | G8: =ROUNDDOWN(F8*E6,0) | H8: 190033205 | I8: =H8/E8 | J8: =I8*G8 | K8: 464 | L8: =K8/E5 | M8: =ROUNDDOWN(L8*E6,0) | N8: 32314208 | O8: =N8/K8 | P8: =M8*O8
B9: https://www.ic3.gov/annualreport/Reports/2018State/?s=6 | C9: Botnet | D9: State Victim Count | F9: =E9/E5 | G9: =ROUNDDOWN(F9*E6,0) | I9: =H9/E9 | J9: =I9*G9 | L9: =K9/E5 | M9: =ROUNDDOWN(L9*E6,0) | O9: =N9/K9 | P9: =M9*O9
B10: https://www.ic3.gov/annualreport/Reports/2018State/?s=6 | C10: Confidence/Romance | D10: State Victim Count | E10: 2105 | F10: =E10/E5 | G10: =ROUNDDOWN(F10*E6,0) | H10: 72355475 | I10: =H10/E10 | J10: =I10*G10 | K10: 1045 | L10: =K10/E5 | M10: =ROUNDDOWN(L10*E6,0) | N10: 44632796 | O10: =N10/K10 | P10: =M10*O10
B11: https://www.ic3.gov/annualreport/Reports/2018State/?s=6 | C11: Check Fraud | D11: State Victim Count | F11: =E11/E5 | G11: =ROUNDDOWN(F11*E6,0) | H11: 16616018 | I11: =H11/E11 | J11: =I11*G11 | K11: 861 | L11: =K11/E5 | M11: =ROUNDDOWN(L11*E6,0) | N11: 9737494 | O11: =N11/K11 | P11: =M11*O11
B12: https://www.ic3.gov/annualreport/Reports/2018State/?s=6 | C12: Crimes Against Children | D12: State Victim Count | E12: 134 | F12: =E12/E5 | G12: =ROUNDDOWN(F12*E6,0) | H12: 11540 | I12: =H12/E12 | J12: =I12*G12 | K12: 46 | L12: =K12/E5 | M12: =ROUNDDOWN(L12*E6,0) | N12: 247032 | O12: =N12/K12 | P12: =M12*O12
B13: https://www.ic3.gov/annualreport/Reports/2018State/?s=6 | C13: Data Breach | D13: State Victim Count | E13: 385 | F13: =E13/E5 | G13: =ROUNDDOWN(F13*E6,0) | H13: 12907998 | I13: =H13/E13 | J13: =I13*G13 | K13: 98 | L13: =K13/E5 | M13: =ROUNDDOWN(L13*E6,0) | N13: 126300 | O13: =N13/K13 | P13: =M13*O13
B14: https://www.ic3.gov/annualreport/Reports/2018State/?s=6 | C14: Employment | D14: State Victim Count | E14: 2153 | F14: =E14/E5 | G14: =ROUNDDOWN(F14*E6,0) | H14: 8608720 | I14: =H14/E14 | J14: =I14*G14 | K14: 1017 | L14: =K14/E5 | M14: =ROUNDDOWN(L14*E6,0) | N14: 4429941 | P14: =M14*O14
B15: https://www.ic3.gov/annualreport/Reports/2018State/?s=6 | C15: Extortion | D15: State Victim Count | E15: 8193 | F15: =E15/E5 | G15: =ROUNDDOWN(F15*E6,0) | H15: 24641667 | I15: =H15/E15 | J15: =I15*G15 | K15: 875 | L15: =K15/E5 | M15: =ROUNDDOWN(L15*E6,0) | N15: 1008949 | P15: =M15*O15
B16: https://www.ic3.gov/annualreport/Reports/2018State/?s=6 | C16: Government Impersonation | D16: State Victim Count | E16: 1389 | F16: =E16/E5 | G16: =ROUNDDOWN(F16*E6,0) | H16: 19356458 | J16: =I16*G16 | K16: 252 | L16: =K16/E5 | M16: =ROUNDDOWN(L16*E6,0) | N16: 3276305 | O16: =N16/K16 | P16: =M16*O16
B17: https://www.ic3.gov/annualreport/Reports/2018State/?s=6 | C17: Harassing/Stalking | D17: State Victim Count | F17: =E17/E5 | G17: =ROUNDDOWN(F17*E6,0) | I17: =H17/E17 | J17: =I17*G17 | L17: =K17/E5 | M17: =ROUNDDOWN(L17*E6,0) | O17: =N17/K17 | P17: =M17*O17
B18: https://www.ic3.gov/annualreport/Reports/2018State/?s=6 | C18: IPR/Counterfeit | D18: State Victim Count | E18: 337 | F18: =E18/E5 | G18: =ROUNDDOWN(F18*E6,0) | H18: 1644275 | I18: =H18/E18 | J18: =I18*G18 | K18: 167 | L18: =K18/E5 | M18: =ROUNDDOWN(L18*E6,0) | N18: 758287 | P18: =M18*O18
B19: https://www.ic3.gov/annualreport/Reports/2018State/?s=6 | C19: Identity Theft | D19: State Victim Count | E19: 2102 | F19: =E19/E5 | G19: =ROUNDDOWN(F19*E6,0) | H19: 25815846 | I19: =H19/E19 | J19: =I19*G19 | K19: 731 | L19: =K19/E5 | M19: =ROUNDDOWN(L19*E6,0) | N19: 9105375 | O19: =N19/K19 | P19: =M19*O19
B20: https://www.ic3.gov/annualreport/Reports/2018State/?s=6 | C20: Investment | D20: State Victim Count | E20: 379 | F20: =E20/E5 | G20: =ROUNDDOWN(F20*E6,0) | H20: 33707734 | I20: =H20/E20 | J20: =I20*G20 | K20: 246 | L20: =K20/E5 | M20: =ROUNDDOWN(L20*E6,0) | N20: 38192346 | O20: =N20/K20 | P20: =M20*O20
B21: https://www.ic3.gov/annualreport/Reports/2018State/?s=6 | C21: Lottery/Sweepstakes/Inheritance | D21: State Victim Count | E21: 635 | F21: =E21/E5 | G21: =ROUNDDOWN(F21*E6,0) | H21: 35007 | I21: =H21/E21 | J21: =I21*G21 | K21: 256 | L21: =K21/E5 | M21: =ROUNDDOWN(L21*E6,0) | N21: 3818887 | O21: =N21/K21 | P21: =M21*O21
B22: https://www.ic3.gov/annualreport/Reports/2018State/?s=6 | C22: Malware | D22: State Victim Count | E22: 414 | F22: =E22/E5 | G22: =ROUNDDOWN(F22*E6,0) | H22: 269097 | I22: =H22/E22 | J22: =I22*G22 | K22: 5 | L22: =K22/E5 | M22: =ROUNDDOWN(L22*E6,0) | N22: 35732 | O22: =N22/K22 | P22: =M22*O22
B23: https://www.ic3.gov/annualreport/Reports/2018State/?s=6 | C23: NCDF | D23: State Victim Count | F23: =E23/E5 | G23: =ROUNDDOWN(F23*E6,0) | I23: =H23/E23 | J23: =I23*G23 | L23: =K23/E5 | M23: =ROUNDDOWN(L23*E6,0) | O23: =N23/K23 | P23: =M23*O23
B24: https://www.ic3.gov/annualreport/Reports/2018State/?s=6 | C24: NTOC | D24: State Victim Count | F24: =E24/E5 | G24: =ROUNDDOWN(F24*E6,0) | I24: =H24/E24 | J24: =I24*G24 | L24: =K24/E5 | M24: =ROUNDDOWN(L24*E6,0) | O24: =N24/K24 | P24: =M24*O24
B25: https://www.ic3.gov/annualreport/Reports/2018State/?s=6 | C25: No Lead Value | D25: State Victim Count | E25: 5868 | F25: =E25/E5 | G25: =ROUNDDOWN(F25*E6,0) | H25: 70150 | I25: =H25/E25 | J25: =I25*G25 | K25: 820 | L25: =K25/E5 | M25: =ROUNDDOWN(L25*E6,0) | N25: 0 | O25: =N25/K25 | P25: =M25*O25
B26: https://www.ic3.gov/annualreport/Reports/2018State/?s=6 | C26: Non-Payable/Non-Delivery | D26: State Victim Count | E26: 8676 | F26: =E26/E5 | G26: =ROUNDDOWN(F26*E6,0) | H26: 26046807 | I26: =H26/E26 | J26: =I26*G26 | K26: 3924 | L26: =K26/E5 | M26: =ROUNDDOWN(L26*E6,0) | N26: 18266248 | O26: =N26/K26 | P26: =M26*O26
B27: https://www.ic3.gov/annualreport/Reports/2018State/?s=6 | C27: Other | D27: State Victim Count | E27: 1297 | F27: =E27/E5 | G27: =ROUNDDOWN(F27*E6,0) | H27: 4841038 | I27: =H27/E27 | J27: =I27*G27 | K27: 826 | L27: =K27/E5 | M27: =ROUNDDOWN(L27*E6,0) | N27: 2300320 | O27: =N27/K27 | P27: =M27*O27
B28: https://www.ic3.gov/annualreport/Reports/2018State/?s=6 | C28: Overpayment | D28: State Victim Count | E28: 2325 | F28: =E28/E5 | G28: =ROUNDDOWN(F28*E6,0) | H28: 9649604 | I28: =H28/E28 | J28: =I28*G28 | K28: 1028 | L28: =K28/E5 | M28: =ROUNDDOWN(L28*E6,0) | N28: 4946650 | O28: =N28/K28 | P28: =M28*O28
B29: https://www.ic3.gov/annualreport/Reports/2018State/?s=6 | C29: Personal Data Breach | D29: State Victim Count | E29: 7985 | F29: =E29/E5 | G29: =ROUNDDOWN(F29*E6,0) | H29: 26974510 | I29: =H29/E29 | J29: =I29*G29 | K29: 2068 | L29: =K29/E5 | M29: =ROUNDDOWN(L29*E6,0) | N29: 12780450 | O29: =N29/K29 | P29: =M29*O29
B30: https://www.ic3.gov/annualreport/Reports/2018State/?s=6 | C30: Phishing | D30: State Victim Count | E30: 2757 | F30: =E30/E5 | G30: =ROUNDDOWN(F30*E6,0) | H30: 7177488 | I30: =H30/E30 | J30: =I30*G30 | K30: 800 | L30: =K30/E5 | M30: =ROUNDDOWN(L30*E6,0) | N30: 1064673 | O30: =N30/K30 | P30: =M30*O30
B31: https://www.ic3.gov/annualreport/Reports/2018State/?s=6 | C31: Ransomware | D31: State Victim Count | E31: 211 | F31: =E31/E5 | G31: =ROUNDDOWN(F31*E6,0) | H31: 127862 | I31: =H31/E31 | J31: =I31*G31 | K31: 19 | L31: =K31/E5 | M31: =ROUNDDOWN(L31*E6,0) | N31: 146 | O31: =N31/K31 | P31: =M31*O31
B32: https://www.ic3.gov/annualreport/Reports/2018State/?s=6 | C32: Real Estate | D32: State Victim Count | E32: 2234 | F32: =E32/E5 | G32: =ROUNDDOWN(F32*E6,0) | H32: 24961906 | I32: =H32/E32 | J32: =I32*G32 | K32: 894 | L32: =K32/E5 | M32: =ROUNDDOWN(L32*E6,0) | N32: 10620224 | O32: =N32/K32 | P32: =M32*O32
B33: https://www.ic3.gov/annualreport/Reports/2018State/?s=6 | C33: SIM Swap | D33: State Victim Count | F33: =E33/E5 | G33: =ROUNDDOWN(F33*E6,0) | I33: =H33/E33 | J33: =I33*G33 | L33: =K33/E5 | M33: =ROUNDDOWN(L33*E6,0) | O33: =N33/K33 | P33: =M33*O33
B34: https://www.ic3.gov/annualreport/Reports/2018State/?s=6 | C34: Spoofing | D34: State Victim Count | E34: 1614 | F34: =E34/E5 | G34: =ROUNDDOWN(F34*E6,0) | H34: 14684620 | I34: =H34/E34 | J34: =I34*G34 | K34: 497 | L34: =K34/E5 | M34: =ROUNDDOWN(L34*E6,0) | N34: 3938008 | O34: =N34/K34 | P34: =M34*O34
B35: https://www.ic3.gov/annualreport/Reports/2018State/?s=6 | C35: Tech Support | D35: State Victim Count | E35: 1974 | F35: =E35/E5 | G35: =ROUNDDOWN(F35*E6,0) | H35: 6815758 | I35: =H35/E35 | J35: =I35*G35 | K35: 752 | L35: =K35/E5 | M35: =ROUNDDOWN(L35*E6,0) | N35: 3258451 | O35: =N35/K35 | P35: =M35*O35
B36: https://www.ic3.gov/annualreport/Reports/2018State/?s=6 | C36: Threats of Violence | D36: State Victim Count | E36: 2704 | F36: =E36/E5 | G36: =ROUNDDOWN(F36*E6,0) | H36: 3946923 | I36: =H36/E36 | J36: =I36*G36 | K36: 1189 | L36: =K36/E5 | M36: =ROUNDDOWN(L36*E6,0) | N36: 637271 | O36: =N36/K36 | P36: =M36*O36
B37: https://www.ic3.gov/annualreport/Reports/2018State/?s=6 | J37: =I37*G37
B38: https://www.ic3.gov/annualreport/Reports/2018State/?s=6 | E38: 60757 | G38: =SUM(G8:G36) | I38: =H38/E38 | J38: =I38*G38
B39: https://www.ic3.gov/annualreport/Reports/2018State/?s=6 | C39: Harassment/Stalking/Threats of Violence/Terrorism combined

Sheet 2019_IC3 State CALIFORNIA
B4: REF URL | C4: Decription | D4: Unit | E4: Value | F4: Value/State Population | G4: Estimated In-City Victims, 2022, As if IC3 Victim Complaint | H4: State Victim Loss | I4: Even Loss per State Victim Count | J4: Projected In-City Victim Loss | K4: State Subject (Perpetrator) Count | L4: Subject (Perpetrator) to State Population | M4: Estimated Subject to City Population | N4: State Subject Losses (Perpetrator gained X dollars) | O4: Even Loss per State Subject | P4: Estimated In-City Subject Losses (Perpetrator Take from Victim)
B5: https://fred.stlouisfed.org/series/CAPOP# | C5: CA Population in 2019 | D5: Population Estimate | E5: 39437610 | F5: Raw Value | G5: (Victim Count/State Population ) * City Population | J5: Estimated In-City Victims * Even Loss per State Victim | P5: Subject to City * Even Loss per State Subject
B6: https://www2.census.gov/programs-surveys/popest/tables/2010-2019/cities/totals/SUB-IP-EST2019-ANNRES-47.xlsx | C6: Chattanooga Population in 2019 | D6: Population Estimate | E6: 182799
B7: https://www.ic3.gov/annualreport/Reports/2019State/?s=6 | C7: Advanced Fee | D7: State Victim Count | E7: 1561 | F7: =E7/E5 | G7: =ROUNDDOWN(F7*E6,0) | H7: 13542429 | I7: =H7/E7 | J7: =I7*G7 | K7: 896 | L7: =K7/E5 | M7: =ROUNDDOWN(L7*E6,0) | N7: 7547188 | O7: =N7/K7 | P7: =M7*O7
B8: https://www.ic3.gov/annualreport/Reports/2019State/?s=6 | C8: Business Email Compromise | D8: State Victim Count | E8: 3523 | F8: =E8/E5 | G8: =ROUNDDOWN(F8*E6,0) | H8: 12938403 | I8: =H8/E8 | J8: =I8*G8 | K8: 562 | L8: =K8/E5 | M8: =ROUNDDOWN(L8*E6,0) | N8: 31095390 | O8: =N8/K8 | P8: =M8*O8
B9: https://www.ic3.gov/annualreport/Reports/2019State/?s=6 | C9: Botnet | D9: State Victim Count | F9: =E9/E5 | G9: =ROUNDDOWN(F9*E6,0) | I9: =H9/E9 | J9: =I9*G9 | L9: =K9/E5 | M9: =ROUNDDOWN(L9*E6,0) | O9: =N9/K9 | P9: =M9*O9
B10: https://www.ic3.gov/annualreport/Reports/2019State/?s=6 | C10: Confidence/Romance | D10: State Victim Count | E10: 2206 | F10: =E10/E5 | G10: =ROUNDDOWN(F10*E6,0) | H10: 107853977 | I10: =H10/E10 | J10: =I10*G10 | K10: 1110 | L10: =K10/E5 | M10: =ROUNDDOWN(L10*E6,0) | N10: 46198807 | O10: =N10/K10 | P10: =M10*O10
B11: https://www.ic3.gov/annualreport/Reports/2019State/?s=6 | C11: Check Fraud | D11: State Victim Count | E11: 1966 | F11: =E11/E5 | G11: =ROUNDDOWN(F11*E6,0) | H11: 17519988 | I11: =H11/E11 | J11: =I11*G11 | K11: 906 | L11: =K11/E5 | M11: =ROUNDDOWN(L11*E6,0) | N11: 7637627 | O11: =N11/K11 | P11: =M11*O11
B12: https://www.ic3.gov/annualreport/Reports/2019State/?s=6 | C12: Crimes Against Children | D12: State Victim Count | E12: 161 | F12: =E12/E5 | G12: =ROUNDDOWN(F12*E6,0) | H12: 793 | I12: =H12/E12 | J12: =I12*G12 | K12: 46 | L12: =K12/E5 | M12: =ROUNDDOWN(L12*E6,0) | N12: 200 | O12: =N12/K12 | P12: =M12*O12
B13: https://www.ic3.gov/annualreport/Reports/2019State/?s=6 | C13: Data Breach | D13: State Victim Count | E13: 235 | F13: =E13/E5 | G13: =ROUNDDOWN(F13*E6,0) | H13: 6064748 | I13: =H13/E13 | J13: =I13*G13 | K13: 71 | L13: =K13/E5 | M13: =ROUNDDOWN(L13*E6,0) | N13: 3326746 | O13: =N13/K13 | P13: =M13*O13
B14: https://www.ic3.gov/annualreport/Reports/2019State/?s=6 | C14: Employment | D14: State Victim Count | E14: 1983 | F14: =E14/E5 | G14: =ROUNDDOWN(F14*E6,0) | H14: 6440960 | I14: =H14/E14 | J14: =I14*G14 | K14: 983 | L14: =K14/E5 | M14: =ROUNDDOWN(L14*E6,0) | N14: 4485530 | O14: =N14/K14 | P14: =M14*O14
B15: https://www.ic3.gov/annualreport/Reports/2019State/?s=6 | C15: Extortion | D15: State Victim Count | E15: 6612 | F15: =E15/E5 | G15: =ROUNDDOWN(F15*E6,0) | H15: 26675566 | J15: =I15*G15 | K15: 783 | L15: =K15/E5 | M15: =ROUNDDOWN(L15*E6,0) | N15: 3572557 | O15: =N15/K15 | P15: =M15*O15
B16: https://www.ic3.gov/annualreport/Reports/2019State/?s=6 | C16: Government Impersonation | D16: State Victim Count | E16: 1928 | F16: =E16/E5 | G16: =ROUNDDOWN(F16*E6,0) | H16: 29053752 | I16: =H16/E16 | J16: =I16*G16 | K16: 300 | L16: =K16/E5 | M16: =ROUNDDOWN(L16*E6,0) | N16: 6622540 | O16: =N16/K16 | P16: =M16*O16
B17: https://www.ic3.gov/annualreport/Reports/2019State/?s=6 | C17: Harassing/Stalking | D17: State Victim Count | F17: =E17/E5 | G17: =ROUNDDOWN(F17*E6,0) | I17: =H17/E17 | J17: =I17*G17 | L17: =K17/E5 | M17: =ROUNDDOWN(L17*E6,0) | O17: =N17/K17 | P17: =M17*O17
B18: https://www.ic3.gov/annualreport/Reports/2019State/?s=6 | C18: IPR/Counterfeit | D18: State Victim Count | E18: 392 | F18: =E18/E5 | G18: =ROUNDDOWN(F18*E6,0) | H18: 3617279 | I18: =H18/E18 | J18: =I18*G18 | K18: 199 | L18: =K18/E5 | M18: =ROUNDDOWN(L18*E6,0) | N18: 2398648 | O18: =N18/K18 | P18: =M18*O18
B19: https://www.ic3.gov/annualreport/Reports/2019State/?s=6 | C19: Identity Theft | D19: State Victim Count | E19: 1937 | F19: =E19/E5 | G19: =ROUNDDOWN(F19*E6,0) | H19: 32127429 | I19: =H19/E19 | J19: =I19*G19 | K19: 699 | L19: =K19/E5 | M19: =ROUNDDOWN(L19*E6,0) | N19: 11709827 | O19: =N19/K19 | P19: =M19*O19
B20: https://www.ic3.gov/annualreport/Reports/2019State/?s=6 | C20: Investment | D20: State Victim Count | E20: 400 | F20: =E20/E5 | G20: =ROUNDDOWN(F20*E6,0) | H20: 7667267 | I20: =H20/E20 | J20: =I20*G20 | K20: 318 | L20: =K20/E5 | M20: =ROUNDDOWN(L20*E6,0) | N20: 21721653 | O20: =N20/K20 | P20: =M20*O20
B21: https://www.ic3.gov/annualreport/Reports/2019State/?s=6 | C21: Lottery/Sweepstakes/Inheritance | D21: State Victim Count | E21: 593 | F21: =E21/E5 | G21: =ROUNDDOWN(F21*E6,0) | H21: 7871344 | I21: =H21/E21 | J21: =I21*G21 | K21: 18 | L21: =K21/E5 | M21: =ROUNDDOWN(L21*E6,0) | N21: 2190447 | O21: =N21/K21 | P21: =M21*O21
B22: https://www.ic3.gov/annualreport/Reports/2019State/?s=6 | C22: Malware | D22: State Victim Count | E22: 271 | F22: =E22/E5 | G22: =ROUNDDOWN(F22*E6,0) | H22: 215843 | I22: =H22/E22 | J22: =I22*G22 | K22: 60 | L22: =K22/E5 | M22: =ROUNDDOWN(L22*E6,0) | N22: 0 | O22: =N22/K22 | P22: =M22*O22
B23: https://www.ic3.gov/annualreport/Reports/2019State/?s=6 | C23: NCDF | D23: State Victim Count | F23: =E23/E5 | G23: =ROUNDDOWN(F23*E6,0) | I23: =H23/E23 | J23: =I23*G23 | L23: =K23/E5 | M23: =ROUNDDOWN(L23*E6,0) | O23: =N23/K23 | P23: =M23*O23
B24: https://www.ic3.gov/annualreport/Reports/2019State/?s=6 | C24: NTOC | D24: State Victim Count | F24: =E24/E5 | G24: =ROUNDDOWN(F24*E6,0) | I24: =H24/E24 | J24: =I24*G24 | L24: =K24/E5 | M24: =ROUNDDOWN(L24*E6,0) | O24: =N24/K24 | P24: =M24*O24
B25: https://www.ic3.gov/annualreport/Reports/2019State/?s=6 | C25: No Lead Value | D25: State Victim Count | E25: 5476 | F25: =E25/E5 | G25: =ROUNDDOWN(F25*E6,0) | H25: 0 | I25: =H25/E25 | J25: =I25*G25 | K25: 1743 | L25: =K25/E5 | M25: =ROUNDDOWN(L25*E6,0) | N25: 0 | O25: =N25/K25 | P25: =M25*O25
B26: https://www.ic3.gov/annualreport/Reports/2019State/?s=6 | C26: Non-Payable/Non-Delivery | D26: State Victim Count | E26: 8018 | F26: =E26/E5 | G26: =ROUNDDOWN(F26*E6,0) | H26: 26755670 | I26: =H26/E26 | J26: =I26*G26 | K26: 4074 | L26: =K26/E5 | M26: =ROUNDDOWN(L26*E6,0) | N26: 27009645 | O26: =N26/K26 | P26: =M26*O26
B27: https://www.ic3.gov/annualreport/Reports/2019State/?s=6 | C27: Other | D27: State Victim Count | E27: 2186 | F27: =E27/E5 | G27: =ROUNDDOWN(F27*E6,0) | H27: 5480991 | I27: =H27/E27 | J27: =I27*G27 | K27: 691 | L27: =K27/E5 | M27: =ROUNDDOWN(L27*E6,0) | N27: 1821853 | O27: =N27/K27 | P27: =M27*O27
B28: https://www.ic3.gov/annualreport/Reports/2019State/?s=6 | C28: Overpayment | D28: State Victim Count | E28: 2325 | F28: =E28/E5 | G28: =ROUNDDOWN(F28*E6,0) | H28: 9715527 | I28: =H28/E28 | J28: =I28*G28 | K28: 1057 | L28: =K28/E5 | M28: =ROUNDDOWN(L28*E6,0) | N28: 5440103 | O28: =N28/K28 | P28: =M28*O28
B29: https://www.ic3.gov/annualreport/Reports/2019State/?s=6 | C29: Personal Data Breach | D29: State Victim Count | E29: 5377 | F29: =E29/E5 | G29: =ROUNDDOWN(F29*E6,0) | H29: 17672566 | I29: =H29/E29 | J29: =I29*G29 | K29: 1711 | L29: =K29/E5 | M29: =ROUNDDOWN(L29*E6,0) | N29: 7700878 | O29: =N29/K29 | P29: =M29*O29
B30: https://www.ic3.gov/annualreport/Reports/2019State/?s=6 | C30: Phishing | D30: State Victim Count | E30: 2707 | F30: =E30/E5 | G30: =ROUNDDOWN(F30*E6,0) | H30: 6005044 | I30: =H30/E30 | J30: =I30*G30 | K30: 750 | L30: =K30/E5 | M30: =ROUNDDOWN(L30*E6,0) | N30: 2345166 | O30: =N30/K30 | P30: =M30*O30
B31: https://www.ic3.gov/annualreport/Reports/2019State/?s=6 | C31: Ransomware | D31: State Victim Count | E31: 303 | F31: =E31/E5 | G31: =ROUNDDOWN(F31*E6,0) | H31: 1448357 | I31: =H31/E31 | J31: =I31*G31 | K31: 25 | L31: =K31/E5 | M31: =ROUNDDOWN(L31*E6,0) | N31: 76345 | O31: =N31/K31 | P31: =M31*O31
B32: https://www.ic3.gov/annualreport/Reports/2019State/?s=6 | C32: Real Estate | D32: State Victim Count | E32: 2376 | F32: =E32/E5 | G32: =ROUNDDOWN(F32*E6,0) | H32: 56285319 | I32: =H32/E32 | J32: =I32*G32 | K32: 909 | L32: =K32/E5 | M32: =ROUNDDOWN(L32*E6,0) | N32: 9413584 | O32: =N32/K32 | P32: =M32*O32
B33: https://www.ic3.gov/annualreport/Reports/2019State/?s=6 | C33: SIM Swap | D33: State Victim Count | F33: =E33/E5 | G33: =ROUNDDOWN(F33*E6,0) | I33: =H33/E33 | J33: =I33*G33 | L33: =K33/E5 | M33: =ROUNDDOWN(L33*E6,0) | O33: =N33/K33 | P33: =M33*O33
B34: https://www.ic3.gov/annualreport/Reports/2019State/?s=6 | C34: Spoofing | D34: State Victim Count | E34: 2890 | F34: =E34/E5 | G34: =ROUNDDOWN(F34*E6,0) | H34: 58875334 | I34: =H34/E34 | J34: =I34*G34 | K34: 802 | L34: =K34/E5 | M34: =ROUNDDOWN(L34*E6,0) | N34: 12050817 | O34: =N34/K34 | P34: =M34*O34
B35: https://www.ic3.gov/annualreport/Reports/2019State/?s=6 | C35: Tech Support | D35: State Victim Count | E35: 1775 | F35: =E35/E5 | G35: =ROUNDDOWN(F35*E6,0) | H35: 7706581 | I35: =H35/E35 | J35: =I35*G35 | K35: 856 | L35: =K35/E5 | M35: =ROUNDDOWN(L35*E6,0) | N35: 6511664 | O35: =N35/K35 | P35: =M35*O35
B36: https://www.ic3.gov/annualreport/Reports/2019State/?s=6 | C36: Threats of Violence | D36: State Victim Count | E36: 2174 | F36: =E36/E5 | G36: =ROUNDDOWN(F36*E6,0) | H36: 2703704 | I36: =H36/E36 | J36: =I36*G36 | K36: 954 | L36: =K36/E5 | M36: =ROUNDDOWN(L36*E6,0) | N36: 1180858 | O36: =N36/K36 | P36: =M36*O36
B37: https://www.ic3.gov/annualreport/Reports/2019State/?s=6 | J37: =I37*G37
B38: https://www.ic3.gov/annualreport/Reports/2019State/?s=6 | E38: 59375 | G38: =SUM(G8:G36) | I38: =H38/E38 | J38: =I38*G38
B39: https://www.ic3.gov/annualreport/Reports/2019State/?s=6
B40: https://www.ic3.gov/annualreport/Reports/2019State/?s=6 | C40: Stalking/Harassment and Threats of violence were combined with Terrorism
B41: https://www.ic3.gov/annualreport/Reports/2019State/?s=6 | C41: Shown here as Threats of Violence, as with others.

Sheet 2020_IC3 State CALIFORNIA
B4: REF URL | C4: Decription | D4: Unit | E4: Value | F4: Value/State Population | G4: Estimated In-City Victims, 2022, As if IC3 Victim Complaint | H4: State Victim Loss | I4: Even Loss per State Victim Count | J4: Projected In-City Victim Loss | K4: State Subject (Perpetrator) Count | L4: Subject (Perpetrator) to State Population | M4: Estimated Subject to City Population | N4: State Subject Losses (Perpetrator gained X dollars) | O4: Even Loss per State Subject | P4: Estimated In-City Subject Losses (Perpetrator Take from Victim)
B5: https://fred.stlouisfed.org/series/CAPOP# | C5: CA Population in 2020 | D5: Population Estimate | E5: 39538223 | F5: Raw Value | G5: (Victim Count/State Population ) * City Population | J5: Estimated In-City Victims * Even Loss per State Victim | P5: Subject to City * Even Loss per State Subject
B6: https://www.census.gov/data/tables/time-series/demo/popest/2020s-total-cities-and-towns.html | C6: Chattanooga Population in 2020 | D6: Population Estimate | E6: 181560
B7: https://www.ic3.gov/annualreport/Reports/2020State/?s=6 | C7: Advanced Fee | D7: State Victim Count | E7: 1497 | F7: =E7/E5 | G7: =ROUNDDOWN(F7*E6,0) | H7: 19531058 | I7: =H7/E7 | J7: =I7*G7 | K7: 778 | L7: =K7/E5 | M7: =ROUNDDOWN(L7*E6,0) | N7: 8991086 | O7: =N7/K7 | P7: =M7*O7
B8: https://www.ic3.gov/annualreport/Reports/2020State/?s=6 | C8: Business Email Compromise | D8: State Victim Count | E8: 2924 | F8: =E8/E5 | G8: =ROUNDDOWN(F8*E6,0) | H8: 20831147 | I8: =H8/E8 | J8: =I8*G8 | K8: 428 | L8: =K8/E5 | M8: =ROUNDDOWN(L8*E6,0) | N8: 31866447 | O8: =N8/K8 | P8: =M8*O8
B9: https://www.ic3.gov/annualreport/Reports/2020State/?s=6 | C9: Botnet | D9: State Victim Count | E9: NO MATCH | F9: =E9/E5 | G9: =ROUNDDOWN(F9*E6,0) | I9: =H9/E9 | J9: =I9*G9 | L9: =K9/E5 | M9: =ROUNDDOWN(L9*E6,0) | O9: =N9/K9 | P9: =M9*O9
B10: https://www.ic3.gov/annualreport/Reports/2020State/?s=6 | C10: Confidence/Romance | D10: State Victim Count | E10: 3110 | F10: =E10/E5 | G10: =ROUNDDOWN(F10*E6,0) | H10: 120492182 | I10: =H10/E10 | J10: =I10*G10 | K10: 1384 | L10: =K10/E5 | M10: =ROUNDDOWN(L10*E6,0) | N10: 69686021 | O10: =N10/K10 | P10: =M10*O10
B11: https://www.ic3.gov/annualreport/Reports/2020State/?s=6 | C11: Check Fraud | D11: State Victim Count | E11: 2637 | F11: =E11/E5 | G11: =ROUNDDOWN(F11*E6,0) | H11: 15484731 | I11: =H11/E11 | J11: =I11*G11 | K11: 1128 | L11: =K11/E5 | M11: =ROUNDDOWN(L11*E6,0) | N11: 9640764 | O11: =N11/K11 | P11: =M11*O11
B12: https://www.ic3.gov/annualreport/Reports/2020State/?s=6 | C12: Crimes Against Children | D12: State Victim Count | E12: 408 | F12: =E12/E5 | G12: =ROUNDDOWN(F12*E6,0) | H12: 434348 | I12: =H12/E12 | J12: =I12*G12 | K12: 85 | L12: =K12/E5 | M12: =ROUNDDOWN(L12*E6,0) | N12: 11989 | O12: =N12/K12 | P12: =M12*O12
B13: https://www.ic3.gov/annualreport/Reports/2020State/?s=6 | C13: Data Breach | D13: State Victim Count | E13: 367 | F13: =E13/E5 | G13: =ROUNDDOWN(F13*E6,0) | H13: 26713249 | I13: =H13/E13 | J13: =I13*G13 | K13: 96 | L13: =K13/E5 | M13: =ROUNDDOWN(L13*E6,0) | N13: 5226532 | O13: =N13/K13 | P13: =M13*O13
B14: https://www.ic3.gov/annualreport/Reports/2020State/?s=6 | C14: Employment | D14: State Victim Count | E14: 2355 | F14: =E14/E5 | G14: =ROUNDDOWN(F14*E6,0) | H14: 12826945 | I14: =H14/E14 | J14: =I14*G14 | K14: 1067 | L14: =K14/E5 | M14: =ROUNDDOWN(L14*E6,0) | N14: 7805888 | O14: =N14/K14 | P14: =M14*O14
B15: https://www.ic3.gov/annualreport/Reports/2020State/?s=6 | C15: Extortion | D15: State Victim Count | E15: 11089 | F15: =E15/E5 | G15: =ROUNDDOWN(F15*E6,0) | H15: 16283934 | I15: =H15/E15 | J15: =I15*G15 | K15: 1154 | L15: =K15/E5 | M15: =ROUNDDOWN(L15*E6,0) | N15: 3408726 | O15: =N15/K15 | P15: =M15*O15
B16: https://www.ic3.gov/annualreport/Reports/2020State/?s=6 | C16: Government Impersonation | D16: State Victim Count | E16: 1439 | F16: =E16/E5 | G16: =ROUNDDOWN(F16*E6,0) | H16: 28344200 | I16: =H16/E16 | J16: =I16*G16 | K16: 296 | L16: =K16/E5 | M16: =ROUNDDOWN(L16*E6,0) | N16: 3835156 | O16: =N16/K16 | P16: =M16*O16
B17: https://www.ic3.gov/annualreport/Reports/2020State/?s=6 | C17: Harassing/Stalking | D17: State Victim Count | E17: NO MATCH | F17: =E17/E5 | G17: =ROUNDDOWN(F17*E6,0) | I17: =H17/E17 | J17: =I17*G17 | L17: =K17/E5 | M17: =ROUNDDOWN(L17*E6,0) | O17: =N17/K17 | P17: =M17*O17
B18: https://www.ic3.gov/annualreport/Reports/2020State/?s=6 | C18: IPR/Counterfeit | D18: State Victim Count | E18: 501 | F18: =E18/E5 | G18: =ROUNDDOWN(F18*E6,0) | H18: 1669155 | I18: =H18/E18 | J18: =I18*G18 | K18: 226 | L18: =K18/E5 | M18: =ROUNDDOWN(L18*E6,0) | N18: 1560816 | O18: =N18/K18 | P18: =M18*O18
B19: https://www.ic3.gov/annualreport/Reports/2020State/?s=6 | C19: Identity Theft | D19: State Victim Count | E19: 3370 | F19: =E19/E5 | G19: =ROUNDDOWN(F19*E6,0) | H19: 23011137 | I19: =H19/E19 | J19: =I19*G19 | K19: 1112 | L19: =K19/E5 | M19: =ROUNDDOWN(L19*E6,0) | N19: 9552167 | O19: =N19/K19 | P19: =M19*O19
B20: https://www.ic3.gov/annualreport/Reports/2020State/?s=6 | C20: Investment | D20: State Victim Count | E20: 1026 | F20: =E20/E5 | G20: =ROUNDDOWN(F20*E6,0) | H20: 4465348 | I20: =H20/E20 | J20: =I20*G20 | K20: 762 | L20: =K20/E5 | M20: =ROUNDDOWN(L20*E6,0) | N20: 36608176 | O20: =N20/K20 | P20: =M20*O20
B21: https://www.ic3.gov/annualreport/Reports/2020State/?s=6 | C21: Lottery/Sweepstakes/Inheritance | D21: State Victim Count | E21: 725 | F21: =E21/E5 | G21: =ROUNDDOWN(F21*E6,0) | H21: 13169635 | I21: =H21/E21 | J21: =I21*G21 | K21: 19 | L21: =K21/E5 | M21: =ROUNDDOWN(L21*E6,0) | N21: 6481705 | O21: =N21/K21 | P21: =M21*O21
B22: https://www.ic3.gov/annualreport/Reports/2020State/?s=6 | C22: Malware | D22: State Victim Count | E22: 185 | F22: =E22/E5 | G22: =ROUNDDOWN(F22*E6,0) | H22: 1645813 | I22: =H22/E22 | J22: =I22*G22 | K22: 73 | L22: =K22/E5 | M22: =ROUNDDOWN(L22*E6,0) | N22: 0 | O22: =N22/K22 | P22: =M22*O22
B23: https://www.ic3.gov/annualreport/Reports/2020State/?s=6 | C23: NCDF | D23: State Victim Count | E23: NO MATCH | F23: =E23/E5 | G23: =ROUNDDOWN(F23*E6,0) | I23: =H23/E23 | J23: =I23*G23 | L23: =K23/E5 | M23: =ROUNDDOWN(L23*E6,0) | O23: =N23/K23 | P23: =M23*O23
B24: https://www.ic3.gov/annualreport/Reports/2020State/?s=6 | C24: NTOC | D24: State Victim Count | E24: NO MATCH | F24: =E24/E5 | G24: =ROUNDDOWN(F24*E6,0) | I24: =H24/E24 | J24: =I24*G24 | L24: =K24/E5 | M24: =ROUNDDOWN(L24*E6,0) | O24: =N24/K24 | P24: =M24*O24
B25: https://www.ic3.gov/annualreport/Reports/2020State/?s=6 | C25: No Lead Value | D25: State Victim Count | E25: 5692 | F25: =E25/E5 | G25: =ROUNDDOWN(F25*E6,0) | H25: 0 | I25: =H25/E25 | J25: =I25*G25 | K25: 3293 | L25: =K25/E5 | M25: =ROUNDDOWN(L25*E6,0) | N25: 0 | O25: =N25/K25 | P25: =M25*O25
B26: https://www.ic3.gov/annualreport/Reports/2020State/?s=6 | C26: Non-Payable/Non-Delivery | D26: State Victim Count | E26: 13151 | F26: =E26/E5 | G26: =ROUNDDOWN(F26*E6,0) | H26: 26912115 | I26: =H26/E26 | J26: =I26*G26 | K26: 6358 | L26: =K26/E5 | M26: =ROUNDDOWN(L26*E6,0) | N26: 19874738 | O26: =N26/K26 | P26: =M26*O26
B27: https://www.ic3.gov/annualreport/Reports/2020State/?s=6 | C27: Other | D27: State Victim Count | E27: 1147 | F27: =E27/E5 | G27: =ROUNDDOWN(F27*E6,0) | H27: 12314110 | I27: =H27/E27 | J27: =I27*G27 | K27: 1607 | L27: =K27/E5 | M27: =ROUNDDOWN(L27*E6,0) | N27: 6679784 | O27: =N27/K27 | P27: =M27*O27
B28: https://www.ic3.gov/annualreport/Reports/2020State/?s=6 | C28: Overpayment | D28: State Victim Count | E28: 1532 | F28: =E28/E5 | G28: =ROUNDDOWN(F28*E6,0) | H28: 8602104 | I28: =H28/E28 | J28: =I28*G28 | K28: 654 | L28: =K28/E5 | M28: =ROUNDDOWN(L28*E6,0) | N28: 3296636 | O28: =N28/K28 | P28: =M28*O28
B29: https://www.ic3.gov/annualreport/Reports/2020State/?s=6 | C29: Personal Data Breach | D29: State Victim Count | E29: 6372 | F29: =E29/E5 | G29: =ROUNDDOWN(F29*E6,0) | H29: 23133897 | I29: =H29/E29 | J29: =I29*G29 | K29: 2480 | L29: =K29/E5 | M29: =ROUNDDOWN(L29*E6,0) | N29: 8417839 | O29: =N29/K29 | P29: =M29*O29
B30: https://www.ic3.gov/annualreport/Reports/2020State/?s=6 | C30: Phishing | D30: State Victim Count | E30: 3302 | F30: =E30/E5 | G30: =ROUNDDOWN(F30*E6,0) | H30: 8864419 | I30: =H30/E30 | J30: =I30*G30 | K30: 774 | L30: =K30/E5 | M30: =ROUNDDOWN(L30*E6,0) | N30: 2366193 | O30: =N30/K30 | P30: =M30*O30
B31: https://www.ic3.gov/annualreport/Reports/2020State/?s=6 | C31: Ransomware | D31: State Victim Count | E31: 323 | F31: =E31/E5 | G31: =ROUNDDOWN(F31*E6,0) | H31: 1123833 | I31: =H31/E31 | J31: =I31*G31 | K31: 23 | L31: =K31/E5 | M31: =ROUNDDOWN(L31*E6,0) | N31: 3364 | O31: =N31/K31 | P31: =M31*O31
B32: https://www.ic3.gov/annualreport/Reports/2020State/?s=6 | C32: Real Estate | D32: State Victim Count | E32: 2493 | F32: =E32/E5 | G32: =ROUNDDOWN(F32*E6,0) | H32: 34381477 | I32: =H32/E32 | J32: =I32*G32 | K32: 1017 | L32: =K32/E5 | M32: =ROUNDDOWN(L32*E6,0) | N32: 15458352 | O32: =N32/K32 | P32: =M32*O32
B33: https://www.ic3.gov/annualreport/Reports/2020State/?s=6 | C33: SIM Swap | D33: State Victim Count | E33: NO MATCH | F33: =E33/E5 | G33: =ROUNDDOWN(F33*E6,0) | I33: =H33/E33 | J33: =I33*G33 | L33: =K33/E5 | M33: =ROUNDDOWN(L33*E6,0) | O33: =N33/K33 | P33: =M33*O33
B34: https://www.ic3.gov/annualreport/Reports/2020State/?s=6 | C34: Spoofing | D34: State Victim Count | E34: 3204 | F34: =E34/E5 | G34: =ROUNDDOWN(F34*E6,0) | H34: 33552417 | I34: =H34/E34 | J34: =I34*G34 | K34: 972 | L34: =K34/E5 | M34: =ROUNDDOWN(L34*E6,0) | N34: 13355303 | O34: =N34/K34 | P34: =M34*O34
B35: https://www.ic3.gov/annualreport/Reports/2020State/?s=6 | C35: Tech Support | D35: State Victim Count | E35: 2164 | F35: =E35/E5 | G35: =ROUNDDOWN(F35*E6,0) | H35: 25355911 | I35: =H35/E35 | J35: =I35*G35 | K35: 967 | L35: =K35/E5 | M35: =ROUNDDOWN(L35*E6,0) | N35: 13821124 | O35: =N35/K35 | P35: =M35*O35
B36: https://www.ic3.gov/annualreport/Reports/2020State/?s=6 | C36: Threats of Violence | D36: State Victim Count | E36: 2923 | F36: =E36/E5 | G36: =ROUNDDOWN(F36*E6,0) | H36: 1182816 | I36: =H36/E36 | J36: =I36*G36 | K36: 1291 | L36: =K36/E5 | M36: =ROUNDDOWN(L36*E6,0) | N36: 849931 | O36: =N36/K36 | P36: =M36*O36
B37: https://www.ic3.gov/annualreport/Reports/2020State/?s=6 | J37: =I37*G37
B38: https://www.ic3.gov/annualreport/Reports/2020State/?s=6 | E38: 73936 | G38: =SUM(G8:G36) | I38: =H38/E38 | J38: =I38*G38
B39: https://www.ic3.gov/annualreport/Reports/2020State/?s=6 | C39: Reported harassment and threats of violence together
B40: https://www.ic3.gov/annualreport/Reports/2020State/?s=6 | C40: Put the value under threats of violence
B41: https://www.ic3.gov/annualreport/Reports/2020State/?s=6 | O41: Looking at these numbers on local losses,
B42: https://www.ic3.gov/annualreport/Reports/2020State/?s=6 | O42: It seems that in order to make millions,
B43: https://www.ic3.gov/annualreport/Reports/2020State/?s=6 | O43: cybercriminals might have to work globally.

Sheet 2021_IC3 State CALIFORNIA
B4: REF URL | C4: Decription | D4: Unit | E4: Value | F4: Value/State Population | G4: Estimated In-City Victims, 2022, As if IC3 Victim Complaint | H4: State Victim Loss | I4: Even Loss per State Victim Count | J4: Projected In-City Victim Loss | K4: State Subject (Perpetrator) Count | L4: Subject (Perpetrator) to State Population | M4: Estimated Subject to City Population | N4: State Subject Losses (Perpetrator gained X dollars) | O4: Even Loss per State Subject | P4: Estimated In-City Subject Losses (Perpetrator Take from Victim)
B5: https://fred.stlouisfed.org/series/CAPOP# | C5: CA Population in 2021 | D5: Population Estimate | E5: 39152927 | F5: Raw Value | G5: (Victim Count/State Population ) * City Population | J5: Estimated In-City Victims * Even Loss per State Victim | P5: Subject to City * Even Loss per State Subject
B6: https://www.census.gov/data/tables/time-series/demo/popest/2020s-total-cities-and-towns.html | C6: Chattanooga Population in 2021 | D6: Population Estimate | E6: 181163
B7: https://www.ic3.gov/annualreport/Reports/2021State/?s=6 | C7: Advanced Fee | D7: State Victim Count | E7: 1434 | F7: =E7/E5 | G7: =ROUNDDOWN(F7*E6,0) | H7: 16072685 | I7: =H7/E7 | J7: =I7*G7 | K7: 586 | L7: =K7/E5 | M7: =ROUNDDOWN(L7*E6,0) | N7: 7486935 | O7: =N7/K7 | P7: =M7*O7
B8: https://www.ic3.gov/annualreport/Reports/2021State/?s=6 | C8: Business Email Compromise | D8: State Victim Count | E8: 3017 | F8: =E8/E5 | G8: =ROUNDDOWN(F8*E6,0) | H8: 403661227 | I8: =H8/E8 | J8: =I8*G8 | K8: 519 | L8: =K8/E5 | M8: =ROUNDDOWN(L8*E6,0) | N8: 56658307 | O8: =N8/K8 | P8: =M8*O8
B9: https://www.ic3.gov/annualreport/Reports/2021State/?s=6 | C9: Botnet | D9: State Victim Count | E9: NO MATCH | F9: =E9/E5 | G9: =ROUNDDOWN(F9*E6,0) | H9: NO MATCH | I9: =H9/E9 | J9: =I9*G9 | L9: =K9/E5 | M9: =ROUNDDOWN(L9*E6,0) | O9: =N9/K9 | P9: =M9*O9
B10: https://www.ic3.gov/annualreport/Reports/2021State/?s=6 | C10: Confidence/Romance | D10: State Victim Count | E10: 3023 | F10: =E10/E5 | G10: =ROUNDDOWN(F10*E6,0) | H10: 183928230 | I10: =H10/E10 | J10: =I10*G10 | K10: 1378 | L10: =K10/E5 | M10: =ROUNDDOWN(L10*E6,0) | N10: 93927669 | O10: =N10/K10 | P10: =M10*O10
B11: https://www.ic3.gov/annualreport/Reports/2021State/?s=6 | C11: Check Fraud | D11: State Victim Count | E11: 2455 | F11: =E11/E5 | G11: =ROUNDDOWN(F11*E6,0) | H11: 38545383 | I11: =H11/E11 | J11: =I11*G11 | L11: =K11/E5 | M11: =ROUNDDOWN(L11*E6,0) | N11: 19822357 | O11: =N11/K11 | P11: =M11*O11
B12: https://www.ic3.gov/annualreport/Reports/2021State/?s=6 | C12: Crimes Against Children | D12: State Victim Count | E12: 262 | F12: =E12/E5 | G12: =ROUNDDOWN(F12*E6,0) | H12: 6639 | I12: =H12/E12 | J12: =I12*G12 | K12: 55 | L12: =K12/E5 | M12: =ROUNDDOWN(L12*E6,0) | N12: 120 | O12: =N12/K12 | P12: =M12*O12
B13: https://www.ic3.gov/annualreport/Reports/2021State/?s=6 | C13: Data Breach | D13: State Victim Count | E13: 188 | F13: =E13/E5 | G13: =ROUNDDOWN(F13*E6,0) | H13: 27521424 | I13: =H13/E13 | J13: =I13*G13 | K13: 58 | L13: =K13/E5 | M13: =ROUNDDOWN(L13*E6,0) | N13: 1802512 | O13: =N13/K13 | P13: =M13*O13
B14: https://www.ic3.gov/annualreport/Reports/2021State/?s=6 | C14: Employment | D14: State Victim Count | E14: 1944 | F14: =E14/E5 | G14: =ROUNDDOWN(F14*E6,0) | H14: 7769432 | I14: =H14/E14 | J14: =I14*G14 | K14: 921 | L14: =K14/E5 | M14: =ROUNDDOWN(L14*E6,0) | N14: 3832132 | O14: =N14/K14 | P14: =M14*O14
B15: https://www.ic3.gov/annualreport/Reports/2021State/?s=6 | C15: Extortion | D15: State Victim Count | E15: 5838 | F15: =E15/E5 | G15: =ROUNDDOWN(F15*E6,0) | H15: 11613542 | I15: =H15/E15 | J15: =I15*G15 | K15: 870 | L15: =K15/E5 | M15: =ROUNDDOWN(L15*E6,0) | N15: 4535685 | O15: =N15/K15 | P15: =M15*O15
B16: https://www.ic3.gov/annualreport/Reports/2021State/?s=6 | C16: Government Impersonation | D16: State Victim Count | E16: 1347 | F16: =E16/E5 | G16: =ROUNDDOWN(F16*E6,0) | H16: 29149623 | I16: =H16/E16 | J16: =I16*G16 | K16: 248 | L16: =K16/E5 | M16: =ROUNDDOWN(L16*E6,0) | N16: 125849 | O16: =N16/K16 | P16: =M16*O16
B17: https://www.ic3.gov/annualreport/Reports/2021State/?s=6 | C17: Harassing/Stalking | D17: State Victim Count | E17: NO MATCH | F17: =E17/E5 | G17: =ROUNDDOWN(F17*E6,0) | H17: NO MATCH | I17: =H17/E17 | J17: =I17*G17 | L17: =K17/E5 | M17: =ROUNDDOWN(L17*E6,0) | O17: =N17/K17 | P17: =M17*O17
B18: https://www.ic3.gov/annualreport/Reports/2021State/?s=6 | C18: IPR/Counterfeit | D18: State Victim Count | E18: 618 | F18: =E18/E5 | G18: =ROUNDDOWN(F18*E6,0) | H18: 1675402 | I18: =H18/E18 | J18: =I18*G18 | K18: 254 | L18: =K18/E5 | M18: =ROUNDDOWN(L18*E6,0) | N18: 1124517 | O18: =N18/K18 | P18: =M18*O18
B19: https://www.ic3.gov/annualreport/Reports/2021State/?s=6 | C19: Identity Theft | D19: State Victim Count | E19: 3759 | F19: =E19/E5 | G19: =ROUNDDOWN(F19*E6,0) | H19: 53179827 | I19: =H19/E19 | J19: =I19*G19 | K19: 1292 | L19: =K19/E5 | M19: =ROUNDDOWN(L19*E6,0) | N19: 23891606 | O19: =N19/K19 | P19: =M19*O19
B20: https://www.ic3.gov/annualreport/Reports/2021State/?s=6 | C20: Investment | D20: State Victim Count | E20: 3153 | F20: =E20/E5 | G20: =ROUNDDOWN(F20*E6,0) | H20: 292951498 | I20: =H20/E20 | J20: =I20*G20 | K20: 1312 | L20: =K20/E5 | M20: =ROUNDDOWN(L20*E6,0) | N20: 115015665 | O20: =N20/K20 | P20: =M20*O20
B21: https://www.ic3.gov/annualreport/Reports/2021State/?s=6 | C21: Lottery/Sweepstakes/Inheritance | D21: State Victim Count | E21: 547 | F21: =E21/E5 | G21: =ROUNDDOWN(F21*E6,0) | H21: 12612922 | I21: =H21/E21 | J21: =I21*G21 | K21: 184 | L21: =K21/E5 | M21: =ROUNDDOWN(L21*E6,0) | N21: 6781074 | O21: =N21/K21 | P21: =M21*O21
B22: https://www.ic3.gov/annualreport/Reports/2021State/?s=6 | C22: Malware | D22: State Victim Count | E22: 118 | F22: =E22/E5 | G22: =ROUNDDOWN(F22*E6,0) | H22: 528695 | I22: =H22/E22 | J22: =I22*G22 | K22: 52 | L22: =K22/E5 | M22: =ROUNDDOWN(L22*E6,0) | N22: 136679 | O22: =N22/K22 | P22: =M22*O22
B23: https://www.ic3.gov/annualreport/Reports/2021State/?s=6 | C23: NCDF | D23: State Victim Count | E23: NO MATCH | F23: =E23/E5 | G23: =ROUNDDOWN(F23*E6,0) | H23: NO MATCH | I23: =H23/E23 | J23: =I23*G23 | L23: =K23/E5 | M23: =ROUNDDOWN(L23*E6,0) | O23: =N23/K23 | P23: =M23*O23
B24: https://www.ic3.gov/annualreport/Reports/2021State/?s=6 | C24: NTOC | D24: State Victim Count | E24: NO MATCH | F24: =E24/E5 | G24: =ROUNDDOWN(F24*E6,0) | H24: NO MATCH | I24: =H24/E24 | J24: =I24*G24 | L24: =K24/E5 | M24: =ROUNDDOWN(L24*E6,0) | O24: =N24/K24 | P24: =M24*O24
B25: https://www.ic3.gov/annualreport/Reports/2021State/?s=6 | C25: No Lead Value | D25: State Victim Count | E25: 11004 | F25: =E25/E5 | G25: =ROUNDDOWN(F25*E6,0) | H25: 601 | I25: =H25/E25 | J25: =I25*G25 | K25: 6394 | L25: =K25/E5 | M25: =ROUNDDOWN(L25*E6,0) | N25: 0 | O25: =N25/K25 | P25: =M25*O25
B26: https://www.ic3.gov/annualreport/Reports/2021State/?s=6 | C26: Non-Payable/Non-Delivery | D26: State Victim Count | E26: 9942 | F26: =E26/E5 | G26: =ROUNDDOWN(F26*E6,0) | H26: 51478257 | I26: =H26/E26 | J26: =I26*G26 | K26: 5462 | L26: =K26/E5 | M26: =ROUNDDOWN(L26*E6,0) | N26: 33406518 | O26: =N26/K26 | P26: =M26*O26
B27: https://www.ic3.gov/annualreport/Reports/2021State/?s=6 | C27: Other | D27: State Victim Count | E27: 1538 | F27: =E27/E5 | G27: =ROUNDDOWN(F27*E6,0) | H27: 6020695 | I27: =H27/E27 | J27: =I27*G27 | K27: 1125 | L27: =K27/E5 | M27: =ROUNDDOWN(L27*E6,0) | N27: 4631542 | O27: =N27/K27 | P27: =M27*O27
B28: https://www.ic3.gov/annualreport/Reports/2021State/?s=6 | C28: Overpayment | D28: State Victim Count | E28: 862 | F28: =E28/E5 | G28: =ROUNDDOWN(F28*E6,0) | H28: 4889344 | I28: =H28/E28 | J28: =I28*G28 | K28: 57 | L28: =K28/E5 | M28: =ROUNDDOWN(L28*E6,0) | N28: 2472096 | O28: =N28/K28 | P28: =M28*O28
B29: https://www.ic3.gov/annualreport/Reports/2021State/?s=6 | C29: Personal Data Breach | D29: State Victim Count | E29: 7244 | F29: =E29/E5 | G29: =ROUNDDOWN(F29*E6,0) | H29: 86298197 | I29: =H29/E29 | J29: =I29*G29 | K29: 2853 | L29: =K29/E5 | M29: =ROUNDDOWN(L29*E6,0) | N29: 21961851 | O29: =N29/K29 | P29: =M29*O29
B30: https://www.ic3.gov/annualreport/Reports/2021State/?s=6 | C30: Phishing | D30: State Victim Count | E30: 2942 | F30: =E30/E5 | G30: =ROUNDDOWN(F30*E6,0) | H30: 12884518 | I30: =H30/E30 | J30: =I30*G30 | K30: 580 | L30: =K30/E5 | M30: =ROUNDDOWN(L30*E6,0) | N30: 4483537 | O30: =N30/K30 | P30: =M30*O30
B31: https://www.ic3.gov/annualreport/Reports/2021State/?s=6 | C31: Ransomware | D31: State Victim Count | E31: 441 | F31: =E31/E5 | G31: =ROUNDDOWN(F31*E6,0) | H31: 6398442 | I31: =H31/E31 | J31: =I31*G31 | K31: 39 | L31: =K31/E5 | M31: =ROUNDDOWN(L31*E6,0) | N31: 424623 | O31: =N31/K31 | P31: =M31*O31
B32: https://www.ic3.gov/annualreport/Reports/2021State/?s=6 | C32: Real Estate | D32: State Victim Count | E32: 2322 | F32: =E32/E5 | G32: =ROUNDDOWN(F32*E6,0) | H32: 51648483 | I32: =H32/E32 | J32: =I32*G32 | K32: 936 | L32: =K32/E5 | M32: =ROUNDDOWN(L32*E6,0) | N32: 33672648 | O32: =N32/K32 | P32: =M32*O32
B33: https://www.ic3.gov/annualreport/Reports/2021State/?s=6 | C33: SIM Swap | D33: State Victim Count | E33: NO MATCH | F33: =E33/E5 | G33: =ROUNDDOWN(F33*E6,0) | H33: NO MATCH | I33: =H33/E33 | J33: =I33*G33 | L33: =K33/E5 | M33: =ROUNDDOWN(L33*E6,0) | O33: =N33/K33 | P33: =M33*O33
B34: https://www.ic3.gov/annualreport/Reports/2021State/?s=6 | C34: Spoofing | D34: State Victim Count | E34: 2419 | F34: =E34/E5 | G34: =ROUNDDOWN(F34*E6,0) | H34: 15397564 | I34: =H34/E34 | J34: =I34*G34 | K34: 642 | L34: =K34/E5 | M34: =ROUNDDOWN(L34*E6,0) | N34: 138623 | O34: =N34/K34 | P34: =M34*O34
B35: https://www.ic3.gov/annualreport/Reports/2021State/?s=6 | C35: Tech Support | D35: State Victim Count | E35: 3408 | F35: =E35/E5 | G35: =ROUNDDOWN(F35*E6,0) | H35: 54843257 | I35: =H35/E35 | J35: =I35*G35 | K35: 1231 | L35: =K35/E5 | M35: =ROUNDDOWN(L35*E6,0) | N35: 16112922 | O35: =N35/K35 | P35: =M35*O35
B36: https://www.ic3.gov/annualreport/Reports/2021State/?s=6 | C36: Threats of Violence | D36: State Victim Count | E36: 1913 | F36: =E36/E5 | G36: =ROUNDDOWN(F36*E6,0) | H36: 557421 | I36: =H36/E36 | J36: =I36*G36 | K36: 965 | L36: =K36/E5 | M36: =ROUNDDOWN(L36*E6,0) | N36: 326868 | O36: =N36/K36 | P36: =M36*O36
B37: https://www.ic3.gov/annualreport/Reports/2021State/?s=6 | J37: =I37*G37
B38: https://www.ic3.gov/annualreport/Reports/2021State/?s=6 | E38: 71738 | G38: =SUM(G8:G36) | I38: =H38/E38 | J38: =I38*G38
B39: https://www.ic3.gov/annualreport/Reports/2021State/?s=6 | C39: Some category names changed from 2022 to 2021.
B40: https://www.ic3.gov/annualreport/Reports/2021State/?s=6 | C40: If the names didn't line up with the later year, I dropped the data.
B41: https://www.ic3.gov/annualreport/Reports/2021State/?s=6 | C41: A zero value on the input means 0;
B42: https://www.ic3.gov/annualreport/Reports/2021State/?s=6 | C42: Trying to establish figures of confidence intervals.

Sheet City Summary CALIFORNIA
F3: System Intrusion Group | K3: Threat to Personnel via Network | N3: Theft of Data via Network
B4: Year | C4: City Population | E4: Crimes | F4: Data Breach | G4: Personal Data Breach | H4: Malware | I4: Phishing | J4: Ransomware | K4: Crimes Against Children | L4: Extortion | M4: Threats/Stalking/Harassment/Terrorism | N4: IPR/Counterfeit | O4: Identify Theft | P4: BEC
B5: 2016 | C5: 177746 | F5: 2 | G5: 18 | H5: 1 | I5: 9 | J5: 1 | K5: 0 | L5: 10 | M5: #REF! | N5: 1 | O5: 10 | P5: 9
B6: 2017 | C6: 179530 | D6: 1784 | F6: 2 | G6: 2 | H6: 1 | I6: 14 | J6: 1 | K6: 0 | L6: 9 | M6: 11 | N6: 1 | O6: 11 | P6: 11
B7: 2018 | C7: 181918 | D7: 2388 | F7: 1 | G7: 36 | H7: 1 | I7: 12 | J7: 0 | K7: 0 | L7: 37 | M7: 12 | N7: 1 | O7: 9 | P7: 13
B8: 2019 | C8: 182799 | D8: 881 | F8: 0 | G8: 24 | H8: 1 | I8: 12 | J8: 1 | K8: 0 | L8: 30 | M8: 10 | N8: 1 | O8: 8 | P8: 16
B9: 2020 | C9: 181560 | D9: -1239 | F9: 1 | G9: 29 | H9: 0 | I9: 15 | J9: 1 | K9: 1 | L9: 50 | M9: 13 | N9: 2 | O9: 15 | P9: 13
B10: 2021 | C10: 181163 | D10: -397 | F10: 0 | G10: 33 | H10: 0 | I10: 13 | J10: 2 | K10: 1 | L10: 0 | M10: 8 | N10: 2 | O10: 17 | P10: 13
B11: 2022 | C11: 184086 | D11: 2923 | F11: 1 | G11: 38 | H11: 0 | I11: 9 | J11: 1 | K11: 1 | L11: 22 | M11: 1 | N11: 1 | O11: 13 | P11: 15
A14: Average deviation | D14: 1523.7959
A15: Projected population | D15: 185609.8
A16: Projected population High | D16: 185990
A17: Projected poplulation Low | D17: 185228
A19: Chance of decrease | D19: 0.33333333
D21: 181560

Sheet 2022_IC3 State CALIFORNIA
B4: REF URL | C4: Decription | D4: Unit | E4: Value | F4: Value/State Population | G4: Estimated In-City Victims, 2022, As if IC3 Victim Complaint | H4: Estimated In-City Victims, 2022, As if IC3 Victim Complaint | I4: State Victim Loss | J4: Even Loss per State Victim Count | K4: Projected In-City Victim Loss | L4: State Subject (Perpetrator) Count | M4: Subject (Perpetrator) to State Population | N4: Estimated Subject to City Population | O4: State Subject Losses (Perpetrator gained X dollars) | P4: Even Loss per State Subject | Q4: Estimated In-City Subject Losses (Perpetrator Take from Victim)
B5: https://fred.stlouisfed.org/series/CAPOP# | C5: CA Population in 2022 | D5: Population Estimate | E5: 39125347 | F5: Raw Value | G5: (Victim Count/State Population ) * City Population | H5: (Victim Count/State Population ) * City Population Rounded Down | K5: Estimated In-City Victims * Even Loss per State Victim | Q5: Subject to City * Even Loss per State Subject
B6: https://www.census.gov/quickfacts/chattanoogacitytennessee | C6: Chattanooga Population in 2022 | D6: Population Estimate | E6: 184086
B7: https://www.ic3.gov/annualreport/Reports/2021State/?s=6 | C7: Advanced Fee | D7: State Victim Count | E7: 1368 | F7: =E7/E5 | G7: =F7*E6 | H7: =ROUNDDOWN(F7*E6,0) | I7: 14557751 | J7: =I7/E7 | K7: =J7*H7 | L7: 618 | M7: =L7/E5 | N7: =ROUNDDOWN(M7*E6,0) | O7: 6790738 | P7: =O7/L7 | Q7: =N7*P7
B8: https://www.ic3.gov/annualreport/Reports/2021State/?s=6 | C8: Business Email Compromise | D8: State Victim Count | E8: 3269 | F8: =E8/E5 | G8: =F8*E6 | H8: =ROUNDDOWN(F8*E6,0) | I8: 439425357 | J8: =I8/E8 | K8: =J8*H8 | L8: 616 | M8: =L8/E5 | N8: =ROUNDDOWN(M8*E6,0) | O8: 96631599 | P8: =O8/L8 | Q8: =N8*P8
B9: https://www.ic3.gov/annualreport/Reports/2021State/?s=6 | C9: Botnet | D9: State Victim Count | E9: 74 | F9: =E9/E5 | G9: =F9*E6 | H9: =ROUNDDOWN(F9*E6,0) | I9: 9207962 | J9: =I9/E9 | K9: =J9*H9 | L9: 15 | M9: =L9/E5 | N9: =ROUNDDOWN(M9*E6,0) | O9: 103540 | P9: =O9/L9 | Q9: =N9*P9
B10: https://www.ic3.gov/annualreport/Reports/2021State/?s=6 | C10: Confidence/Romance | D10: State Victim Count | E10: 2189 | F10: =E10/E5 | G10: =F10*E6 | H10: =ROUNDDOWN(F10*E6,0) | I10: 158131770 | J10: =I10/E10 | K10: =J10*H10 | L10: 1109 | M10: =L10/E5 | N10: =ROUNDDOWN(M10*E6,0) | O10: 79233267 | P10: =O10/L10 | Q10: =N10*P10
B11: https://www.ic3.gov/annualreport/Reports/2021State/?s=6 | C11: Check Fraud | D11: State Victim Count | E11: 2933 | F11: =E11/E5 | G11: =F11*E6 | H11: =ROUNDDOWN(F11*E6,0) | I11: 3879384 | J11: =I11/E11 | K11: =J11*H11 | L11: 1495 | M11: =L11/E5 | N11: =ROUNDDOWN(M11*E6,0) | O11: 19681014 | P11: =O11/L11 | Q11: =N11*P11
B12: https://www.ic3.gov/annualreport/Reports/2021State/?s=6 | C12: Crimes Against Children | D12: State Victim Count | E12: 256 | F12: =E12/E5 | G12: =F12*E6 | H12: =ROUNDDOWN(F12*E6,0) | I12: 87258 | J12: =I12/E12 | K12: =J12*H12 | L12: 78 | M12: =L12/E5 | N12: =ROUNDDOWN(M12*E6,0) | O12: 41012 | P12: =O12/L12 | Q12: =N12*P12
B13: https://www.ic3.gov/annualreport/Reports/2021State/?s=6 | C13: Data Breach | D13: State Victim Count | E13: 381 | F13: =E13/E5 | G13: =F13*E6 | H13: =ROUNDDOWN(F13*E6,0) | I13: 46132944 | J13: =I13/E13 | K13: =J13*H13 | L13: 131 | M13: =L13/E5 | N13: =ROUNDDOWN(M13*E6,0) | O13: 16578414 | P13: =O13/L13 | Q13: =N13*P13
B14: https://www.ic3.gov/annualreport/Reports/2021State/?s=6 | C14: Employment | D14: State Victim Count | E14: 1879 | F14: =E14/E5 | G14: =F14*E6 | H14: =ROUNDDOWN(F14*E6,0) | I14: 6352139 | J14: =I14/E14 | K14: =J14*H14 | L14: 931 | M14: =L14/E5 | N14: =ROUNDDOWN(M14*E6,0) | O14: 4734064 | P14: =O14/L14 | Q14: =N14*P14
B15: https://www.ic3.gov/annualreport/Reports/2021State/?s=6 | C15: Extortion | D15: State Victim Count | E15: 4746 | F15: =E15/E5 | G15: =F15*E6 | H15: =ROUNDDOWN(F15*E6,0) | I15: 11064375 | J15: =I15/E15 | K15: =J15*H15 | L15: 943 | M15: =L15/E5 | N15: =ROUNDDOWN(M15*E6,0) | O15: 1746260 | P15: =O15/L15 | Q15: =N15*P15
B16: https://www.ic3.gov/annualreport/Reports/2021State/?s=6 | C16: Government Impersonation | D16: State Victim Count | E16: 1285 | F16: =E16/E5 | G16: =F16*E6 | H16: =ROUNDDOWN(F16*E6,0) | I16: 32297210 | J16: =I16/E16 | K16: =J16*H16 | L16: 255 | M16: =L16/E5 | N16: =ROUNDDOWN(M16*E6,0) | O16: 5168082 | P16: =O16/L16 | Q16: =N16*P16
B17: https://www.ic3.gov/annualreport/Reports/2021State/?s=6 | C17: Harassing/Stalking | D17: State Victim Count | E17: 1693 | F17: =E17/E5 | G17: =F17*E6 | H17: =ROUNDDOWN(F17*E6,0) | I17: 1726392 | J17: =I17/E17 | K17: =J17*H17 | L17: 77 | M17: =L17/E5 | N17: =ROUNDDOWN(M17*E6,0) | O17: 219659 | P17: =O17/L17 | Q17: =N17*P17
B18: https://www.ic3.gov/annualreport/Reports/2021State/?s=6 | C18: IPR/Counterfeit | D18: State Victim Count | E18: 318 | F18: =E18/E5 | G18: =F18*E6 | H18: =ROUNDDOWN(F18*E6,0) | I18: 233333 | J18: =I18/E18 | K18: =J18*H18 | L18: 158 | M18: =L18/E5 | N18: =ROUNDDOWN(M18*E6,0) | O18: 108269 | P18: =O18/L18 | Q18: =N18*P18
B19: https://www.ic3.gov/annualreport/Reports/2021State/?s=6 | C19: Identity Theft | D19: State Victim Count | E19: 2854 | F19: =E19/E5 | G19: =F19*E6 | H19: =ROUNDDOWN(F19*E6,0) | I19: 27903539 | J19: =I19/E19 | K19: =J19*H19 | L19: 1075 | M19: =L19/E5 | N19: =ROUNDDOWN(M19*E6,0) | O19: 13936804 | P19: =O19/L19 | Q19: =N19*P19
B20: https://www.ic3.gov/annualreport/Reports/2021State/?s=6 | C20: Investment | D20: State Victim Count | E20: 4928 | F20: =E20/E5 | G20: =F20*E6 | H20: =ROUNDDOWN(F20*E6,0) | I20: 869614022 | J20: =I20/E20 | K20: =J20*H20 | L20: 2308 | M20: =L20/E5 | N20: =ROUNDDOWN(M20*E6,0) | O20: 396181523 | P20: =O20/L20 | Q20: =N20*P20
B21: https://www.ic3.gov/annualreport/Reports/2021State/?s=6 | C21: Lottery/Sweepstakes/Inheritance | D21: State Victim Count | E21: 453 | F21: =E21/E5 | G21: =F21*E6 | H21: =ROUNDDOWN(F21*E6,0) | I21: 12243710 | J21: =I21/E21 | K21: =J21*H21 | L21: 201 | M21: =L21/E5 | N21: =ROUNDDOWN(M21*E6,0) | O21: 6236377 | P21: =O21/L21 | Q21: =N21*P21
B22: https://www.ic3.gov/annualreport/Reports/2021State/?s=6 | C22: Malware | D22: State Victim Count | E22: 94 | F22: =E22/E5 | G22: =F22*E6 | H22: =ROUNDDOWN(F22*E6,0) | I22: 138325 | J22: =I22/E22 | K22: =J22*H22 | L22: 25 | M22: =L22/E5 | N22: =ROUNDDOWN(M22*E6,0) | O22: 178696 | P22: =O22/L22 | Q22: =N22*P22
B23: https://www.ic3.gov/annualreport/Reports/2021State/?s=6 | C23: NCDF | D23: State Victim Count | E23: 1 | F23: =E23/E5 | G23: =F23*E6 | H23: =ROUNDDOWN(F23*E6,0) | I23: 0 | J23: =I23/E23 | K23: =J23*H23 | L23: 0 | M23: =L23/E5 | N23: =ROUNDDOWN(M23*E6,0) | O23: 0 | P23: =O23/L23 | Q23: =N23*P23
B24: https://www.ic3.gov/annualreport/Reports/2021State/?s=6 | C24: NTOC | D24: State Victim Count | E24: 0 | F24: =E24/E5 | G24: =F24*E6 | H24: =ROUNDDOWN(F24*E6,0) | I24: 0 | J24: =I24/E24 | K24: =J24*H24 | L24: 0 | M24: =L24/E5 | N24: =ROUNDDOWN(M24*E6,0) | O24: 0 | P24: =O24/L24 | Q24: =N24*P24
B25: https://www.ic3.gov/annualreport/Reports/2021State/?s=6 | C25: No Lead Value | D25: State Victim Count | E25: 28232 | F25: =E25/E5 | G25: =F25*E6 | H25: =ROUNDDOWN(F25*E6,0) | I25: 0 | J25: =I25/E25 | K25: =J25*H25 | L25: 23222 | M25: =L25/E5 | N25: =ROUNDDOWN(M25*E6,0) | O25: 0 | P25: =O25/L25 | Q25: =N25*P25
B26: https://www.ic3.gov/annualreport/Reports/2021State/?s=6 | C26: Non-Payable/Non-Delivery | D26: State Victim Count | E26: 6624 | F26: =E26/E5 | G26: =F26*E6 | H26: =ROUNDDOWN(F26*E6,0) | I26: 41025991 | J26: =I26/E26 | K26: =J26*H26 | L26: 3503 | M26: =L26/E5 | N26: =ROUNDDOWN(M26*E6,0) | O26: 23858715 | P26: =O26/L26 | Q26: =N26*P26
B27: https://www.ic3.gov/annualreport/Reports/2021State/?s=6 | C27: Other | D27: State Victim Count | E27: 1173 | F27: =E27/E5 | G27: =F27*E6 | H27: =ROUNDDOWN(F27*E6,0) | I27: 18755779 | J27: =I27/E27 | K27: =J27*H27 | L27: 723 | M27: =L27/E5 | N27: =ROUNDDOWN(M27*E6,0) | O27: 9906416 | P27: =O27/L27 | Q27: =N27*P27
B28: https://www.ic3.gov/annualreport/Reports/2021State/?s=6 | C28: Overpayment | D28: State Victim Count | E28: 807 | F28: =E28/E5 | G28: =F28*E6 | H28: =ROUNDDOWN(F28*E6,0) | I28: 4754892 | J28: =I28/E28 | K28: =J28*H28 | L28: 344 | M28: =L28/E5 | N28: =ROUNDDOWN(M28*E6,0) | O28: 1726660 | P28: =O28/L28 | Q28: =N28*P28
B29: https://www.ic3.gov/annualreport/Reports/2021State/?s=6 | C29: Personal Data Breach | D29: State Victim Count | E29: 8196 | F29: =E29/E5 | G29: =F29*E6 | H29: =ROUNDDOWN(F29*E6,0) | I29: 153022651 | J29: =I29/E29 | K29: =J29*H29 | L29: 3238 | M29: =L29/E5 | N29: =ROUNDDOWN(M29*E6,0) | O29: 35649051 | P29: =O29/L29 | Q29: =N29*P29
B30: https://www.ic3.gov/annualreport/Reports/2021State/?s=6 | C30: Phishing | D30: State Victim Count | E30: 2041 | F30: =E30/E5 | G30: =F30*E6 | H30: =ROUNDDOWN(F30*E6,0) | I30: 14628440 | J30: =I30/E30 | K30: =J30*H30 | L30: 552 | M30: =L30/E5 | N30: =ROUNDDOWN(M30*E6,0) | O30: 1354479 | P30: =O30/L30 | Q30: =N30*P30
B31: https://www.ic3.gov/annualreport/Reports/2021State/?s=6 | C31: Ransomware | D31: State Victim Count | E31: 296 | F31: =E31/E5 | G31: =F31*E6 | H31: =ROUNDDOWN(F31*E6,0) | I31: 1945212 | J31: =I31/E31 | K31: =J31*H31 | L31: 19 | M31: =L31/E5 | N31: =ROUNDDOWN(M31*E6,0) | O31: 700000 | P31: =O31/L31 | Q31: =N31*P31
B32: https://www.ic3.gov/annualreport/Reports/2021State/?s=6 | C32: Real Estate | D32: State Victim Count | E32: 2126 | F32: =E32/E5 | G32: =F32*E6 | H32: =ROUNDDOWN(F32*E6,0) | I32: 62209889 | J32: =I32/E32 | K32: =J32*H32 | L32: 63 | M32: =L32/E5 | N32: =ROUNDDOWN(M32*E6,0) | O32: 17908856 | P32: =O32/L32 | Q32: =N32*P32
B33: https://www.ic3.gov/annualreport/Reports/2021State/?s=6 | C33: SIM Swap | D33: State Victim Count | E33: 355 | F33: =E33/E5 | G33: =F33*E6 | H33: =ROUNDDOWN(F33*E6,0) | I33: 14258872 | J33: =I33/E33 | K33: =J33*H33 | L33: 97 | M33: =L33/E5 | N33: =ROUNDDOWN(M33*E6,0) | O33: 2884955 | P33: =O33/L33 | Q33: =N33*P33
B34: https://www.ic3.gov/annualreport/Reports/2021State/?s=6 | C34: Spoofing | D34: State Victim Count | E34: 2615 | F34: =E34/E5 | G34: =F34*E6 | H34: =ROUNDDOWN(F34*E6,0) | I34: 17907024 | J34: =I34/E34 | K34: =J34*H34 | L34: 745 | M34: =L34/E5 | N34: =ROUNDDOWN(M34*E6,0) | O34: 4705608 | P34: =O34/L34 | Q34: =N34*P34
B35: https://www.ic3.gov/annualreport/Reports/2021State/?s=6 | C35: Tech Support | D35: State Victim Count | E35: 4488 | F35: =E35/E5 | G35: =F35*E6 | H35: =ROUNDDOWN(F35*E6,0) | I35: 128250735 | J35: =I35/E35 | K35: =J35*H35 | L35: 1633 | M35: =L35/E5 | N35: =ROUNDDOWN(M35*E6,0) | O35: 74236808 | P35: =O35/L35 | Q35: =N35*P35
B36: https://www.ic3.gov/annualreport/Reports/2021State/?s=6 | C36: Threats of Violence | D36: State Victim Count | E36: 295 | F36: =E36/E5 | G36: =F36*E6 | H36: =ROUNDDOWN(F36*E6,0) | I36: 421261 | J36: =I36/E36 | K36: =J36*H36 | L36: 115 | M36: =L36/E5 | N36: =ROUNDDOWN(M36*E6,0) | O36: 120904 | P36: =O36/L36 | Q36: =N36*P36
B37: https://www.ic3.gov/annualreport/Reports/2021State/?s=6 | G37: =F37*E6 | K37: =J37*H37
B38: https://www.ic3.gov/annualreport/Reports/2021State/?s=6 | E38: 85969 | G38: =SUM(G7:G36) | H38: =SUM(H8:H36) | I38: #REF! | J38: =I38/E38 | K38: =J38*H38

Sheet BLANK_IC3 State CALIFORNIA
B4: REF URL | C4: Decription | D4: Unit | E4: Value | F4: Value/State Population | G4: Estimated In-City Victims, 2022, As if IC3 Victim Complaint | H4: State Victim Loss | I4: Even Loss per State Victim Count | J4: Projected In-City Victim Loss | K4: State Subject (Perpetrator) Count | L4: Subject (Perpetrator) to State Population | M4: Estimated Subject to City Population | N4: State Subject Losses (Perpetrator gained X dollars) | O4: Even Loss per State Subject | P4: Estimated In-City Subject Losses (Perpetrator Take from Victim)
B5: https://www.census.gov/quickfacts/fact/table/TN/PST045222 | C5: TN Population in 20 | D5: Population Estimate | F5: Raw Value | G5: (Victim Count/State Population ) * City Population | J5: Estimated In-City Victims * Even Loss per State Victim | P5: Subject to City * Even Loss per State Subject
B6: https://www.census.gov/quickfacts/chattanoogacitytennessee | C6: Chattanooga Population in 20 | D6: Population Estimate
B7: https://www.ic3.gov/Media/PDF/AnnualReport/2022State/StateReport.aspx#?s=47 | C7: Advanced Fee | D7: State Victim Count | F7: =E7/E5 | G7: =ROUNDDOWN(F7*E6,0) | I7: =H7/E7 | J7: =I7*G7 | L7: =K7/E5 | M7: =ROUNDDOWN(L7*E6,0) | O7: =N7/K7 | P7: =M7*O7
B8: https://www.ic3.gov/Media/PDF/AnnualReport/2022State/StateReport.aspx#?s=47 | C8: Business Email Compromise | D8: State Victim Count | F8: =E8/E5 | G8: =ROUNDDOWN(F8*E6,0) | I8: =H8/E8 | J8: =I8*G8 | L8: =K8/E5 | M8: =ROUNDDOWN(L8*E6,0) | O8: =N8/K8 | P8: =M8*O8
B9: https://www.ic3.gov/Media/PDF/AnnualReport/2022State/StateReport.aspx#?s=47 | C9: Botnet | D9: State Victim Count | F9: =E9/E5 | G9: =ROUNDDOWN(F9*E6,0) | I9: =H9/E9 | J9: =I9*G9 | L9: =K9/E5 | M9: =ROUNDDOWN(L9*E6,0) | O9: =N9/K9 | P9: =M9*O9
B10: https://www.ic3.gov/Media/PDF/AnnualReport/2022State/StateReport.aspx#?s=47 | C10: Confidence/Romance | D10: State Victim Count | F10: =E10/E5 | G10: =ROUNDDOWN(F10*E6,0) | I10: =H10/E10 | J10: =I10*G10 | L10: =K10/E5 | M10: =ROUNDDOWN(L10*E6,0) | O10: =N10/K10 | P10: =M10*O10
B11: https://www.ic3.gov/Media/PDF/AnnualReport/2022State/StateReport.aspx#?s=47 | C11: Check Fraud | D11: State Victim Count | F11: =E11/E5 | G11: =ROUNDDOWN(F11*E6,0) | I11: =H11/E11 | J11: =I11*G11 | L11: =K11/E5 | M11: =ROUNDDOWN(L11*E6,0) | O11: =N11/K11 | P11: =M11*O11
B12: https://www.ic3.gov/Media/PDF/AnnualReport/2022State/StateReport.aspx#?s=47 | C12: Crimes Against Children | D12: State Victim Count | F12: =E12/E5 | G12: =ROUNDDOWN(F12*E6,0) | I12: =H12/E12 | J12: =I12*G12 | L12: =K12/E5 | M12: =ROUNDDOWN(L12*E6,0) | O12: =N12/K12 | P12: =M12*O12
B13: https://www.ic3.gov/Media/PDF/AnnualReport/2022State/StateReport.aspx#?s=47 | C13: Data Breach | D13: State Victim Count | F13: =E13/E5 | G13: =ROUNDDOWN(F13*E6,0) | I13: =H13/E13 | J13: =I13*G13 | L13: =K13/E5 | M13: =ROUNDDOWN(L13*E6,0) | O13: =N13/K13 | P13: =M13*O13
B14: https://www.ic3.gov/Media/PDF/AnnualReport/2022State/StateReport.aspx#?s=47 | C14: Employment | D14: State Victim Count | F14: =E14/E5 | G14: =ROUNDDOWN(F14*E6,0) | I14: =H14/E14 | J14: =I14*G14 | L14: =K14/E5 | M14: =ROUNDDOWN(L14*E6,0) | O14: =N14/K14 | P14: =M14*O14
B15: https://www.ic3.gov/Media/PDF/AnnualReport/2022State/StateReport.aspx#?s=47 | C15: Extortion | D15: State Victim Count | F15: =E15/E5 | G15: =ROUNDDOWN(F15*E6,0) | I15: =H15/E15 | J15: =I15*G15 | L15: =K15/E5 | M15: =ROUNDDOWN(L15*E6,0) | O15: =N15/K15 | P15: =M15*O15
B16: https://www.ic3.gov/Media/PDF/AnnualReport/2022State/StateReport.aspx#?s=47 | C16: Government Impersonation | D16: State Victim Count | F16: =E16/E5 | G16: =ROUNDDOWN(F16*E6,0) | I16: =H16/E16 | J16: =I16*G16 | L16: =K16/E5 | M16: =ROUNDDOWN(L16*E6,0) | O16: =N16/K16 | P16: =M16*O16
B17: https://www.ic3.gov/Media/PDF/AnnualReport/2022State/StateReport.aspx#?s=47 | C17: Harassing/Stalking | D17: State Victim Count | F17: =E17/E5 | G17: =ROUNDDOWN(F17*E6,0) | I17: =H17/E17 | J17: =I17*G17 | L17: =K17/E5 | M17: =ROUNDDOWN(L17*E6,0) | O17: =N17/K17 | P17: =M17*O17
B18: https://www.ic3.gov/Media/PDF/AnnualReport/2022State/StateReport.aspx#?s=47 | C18: IPR/Counterfeit | D18: State Victim Count | F18: =E18/E5 | G18: =ROUNDDOWN(F18*E6,0) | I18: =H18/E18 | J18: =I18*G18 | L18: =K18/E5 | M18: =ROUNDDOWN(L18*E6,0) | O18: =N18/K18 | P18: =M18*O18
B19: https://www.ic3.gov/Media/PDF/AnnualReport/2022State/StateReport.aspx#?s=47 | C19: Identity Theft | D19: State Victim Count | F19: =E19/E5 | G19: =ROUNDDOWN(F19*E6,0) | I19: =H19/E19 | J19: =I19*G19 | L19: =K19/E5 | M19: =ROUNDDOWN(L19*E6,0) | O19: =N19/K19 | P19: =M19*O19
B20: https://www.ic3.gov/Media/PDF/AnnualReport/2022State/StateReport.aspx#?s=47 | C20: Investment | D20: State Victim Count | F20: =E20/E5 | G20: =ROUNDDOWN(F20*E6,0) | I20: =H20/E20 | J20: =I20*G20 | L20: =K20/E5 | M20: =ROUNDDOWN(L20*E6,0) | O20: =N20/K20 | P20: =M20*O20
B21: https://www.ic3.gov/Media/PDF/AnnualReport/2022State/StateReport.aspx#?s=47 | C21: Lottery/Sweepstakes/Inheritance | D21: State Victim Count | F21: =E21/E5 | G21: =ROUNDDOWN(F21*E6,0) | I21: =H21/E21 | J21: =I21*G21 | L21: =K21/E5 | M21: =ROUNDDOWN(L21*E6,0) | O21: =N21/K21 | P21: =M21*O21
B22: https://www.ic3.gov/Media/PDF/AnnualReport/2022State/StateReport.aspx#?s=47 | C22: Malware | D22: State Victim Count | F22: =E22/E5 | G22: =ROUNDDOWN(F22*E6,0) | I22: =H22/E22 | J22: =I22*G22 | L22: =K22/E5 | M22: =ROUNDDOWN(L22*E6,0) | O22: =N22/K22 | P22: =M22*O22
B23: https://www.ic3.gov/Media/PDF/AnnualReport/2022State/StateReport.aspx#?s=47 | C23: NCDF | D23: State Victim Count | F23: =E23/E5 | G23: =ROUNDDOWN(F23*E6,0) | I23: =H23/E23 | J23: =I23*G23 | L23: =K23/E5 | M23: =ROUNDDOWN(L23*E6,0) | O23: =N23/K23 | P23: =M23*O23
B24: https://www.ic3.gov/Media/PDF/AnnualReport/2022State/StateReport.aspx#?s=47 | C24: NTOC | D24: State Victim Count | F24: =E24/E5 | G24: =ROUNDDOWN(F24*E6,0) | I24: =H24/E24 | J24: =I24*G24 | L24: =K24/E5 | M24: =ROUNDDOWN(L24*E6,0) | O24: =N24/K24 | P24: =M24*O24
B25: https://www.ic3.gov/Media/PDF/AnnualReport/2022State/StateReport.aspx#?s=47 | C25: No Lead Value | D25: State Victim Count | F25: =E25/E5 | G25: =ROUNDDOWN(F25*E6,0) | I25: =H25/E25 | J25: =I25*G25 | L25: =K25/E5 | M25: =ROUNDDOWN(L25*E6,0) | O25: =N25/K25 | P25: =M25*O25
B26: https://www.ic3.gov/Media/PDF/AnnualReport/2022State/StateReport.aspx#?s=47 | C26: Non-Payable/Non-Delivery | D26: State Victim Count | F26: =E26/E5 | G26: =ROUNDDOWN(F26*E6,0) | I26: =H26/E26 | J26: =I26*G26 | L26: =K26/E5 | M26: =ROUNDDOWN(L26*E6,0) | O26: =N26/K26 | P26: =M26*O26
B27: https://www.ic3.gov/Media/PDF/AnnualReport/2022State/StateReport.aspx#?s=47 | C27: Other | D27: State Victim Count | F27: =E27/E5 | G27: =ROUNDDOWN(F27*E6,0) | I27: =H27/E27 | J27: =I27*G27 | L27: =K27/E5 | M27: =ROUNDDOWN(L27*E6,0) | O27: =N27/K27 | P27: =M27*O27
B28: https://www.ic3.gov/Media/PDF/AnnualReport/2022State/StateReport.aspx#?s=47 | C28: Overpayment | D28: State Victim Count | F28: =E28/E5 | G28: =ROUNDDOWN(F28*E6,0) | I28: =H28/E28 | J28: =I28*G28 | L28: =K28/E5 | M28: =ROUNDDOWN(L28*E6,0) | O28: =N28/K28 | P28: =M28*O28
B29: https://www.ic3.gov/Media/PDF/AnnualReport/2022State/StateReport.aspx#?s=47 | C29: Personal Data Breach | D29: State Victim Count | F29: =E29/E5 | G29: =ROUNDDOWN(F29*E6,0) | I29: =H29/E29 | J29: =I29*G29 | L29: =K29/E5 | M29: =ROUNDDOWN(L29*E6,0) | O29: =N29/K29 | P29: =M29*O29
B30: https://www.ic3.gov/Media/PDF/AnnualReport/2022State/StateReport.aspx#?s=47 | C30: Phishing | D30: State Victim Count | F30: =E30/E5 | G30: =ROUNDDOWN(F30*E6,0) | I30: =H30/E30 | J30: =I30*G30 | L30: =K30/E5 | M30: =ROUNDDOWN(L30*E6,0) | O30: =N30/K30 | P30: =M30*O30
B31: https://www.ic3.gov/Media/PDF/AnnualReport/2022State/StateReport.aspx#?s=47 | C31: Ransomware | D31: State Victim Count | F31: =E31/E5 | G31: =ROUNDDOWN(F31*E6,0) | I31: =H31/E31 | J31: =I31*G31 | L31: =K31/E5 | M31: =ROUNDDOWN(L31*E6,0) | O31: =N31/K31 | P31: =M31*O31
B32: https://www.ic3.gov/Media/PDF/AnnualReport/2022State/StateReport.aspx#?s=47 | C32: Real Estate | D32: State Victim Count | F32: =E32/E5 | G32: =ROUNDDOWN(F32*E6,0) | I32: =H32/E32 | J32: =I32*G32 | L32: =K32/E5 | M32: =ROUNDDOWN(L32*E6,0) | O32: =N32/K32 | P32: =M32*O32
B33: https://www.ic3.gov/Media/PDF/AnnualReport/2022State/StateReport.aspx#?s=47 | C33: SIM Swap | D33: State Victim Count | F33: =E33/E5 | G33: =ROUNDDOWN(F33*E6,0) | I33: =H33/E33 | J33: =I33*G33 | L33: =K33/E5 | M33: =ROUNDDOWN(L33*E6,0) | O33: =N33/K33 | P33: =M33*O33
B34: https://www.ic3.gov/Media/PDF/AnnualReport/2022State/StateReport.aspx#?s=47 | C34: Spoofing | D34: State Victim Count | F34: =E34/E5 | G34: =ROUNDDOWN(F34*E6,0) | I34: =H34/E34 | J34: =I34*G34 | L34: =K34/E5 | M34: =ROUNDDOWN(L34*E6,0) | O34: =N34/K34 | P34: =M34*O34
B35: https://www.ic3.gov/Media/PDF/AnnualReport/2022State/StateReport.aspx#?s=47 | C35: Tech Support | D35: State Victim Count | F35: =E35/E5 | G35: =ROUNDDOWN(F35*E6,0) | I35: =H35/E35 | J35: =I35*G35 | L35: =K35/E5 | M35: =ROUNDDOWN(L35*E6,0) | O35: =N35/K35 | P35: =M35*O35
B36: https://www.ic3.gov/Media/PDF/AnnualReport/2022State/StateReport.aspx#?s=47 | C36: Threats of Violence | D36: State Victim Count | F36: =E36/E5 | G36: =ROUNDDOWN(F36*E6,0) | I36: =H36/E36 | J36: =I36*G36 | L36: =K36/E5 | M36: =ROUNDDOWN(L36*E6,0) | O36: =N36/K36 | P36: =M36*O36
J37: =I37*G37
E38: =SUM(E7:E36) | G38: =SUM(G8:G36) | I38: =H38/E38 | J38: =I38*G38

Sheet BLANK_IC3 State (2) CALIFORNIA
B4: REF URL | C4: Decription | D4: Unit | E4: Value | F4: Value/State Population | G4: Estimated In-City Victims, 2022, As if IC3 Victim Complaint | H4: State Victim Loss | I4: Even Loss per State Victim Count | J4: Projected In-City Victim Loss | K4: State Subject (Perpetrator) Count | L4: Subject (Perpetrator) to State Population | M4: Estimated Subject to City Population | N4: State Subject Losses (Perpetrator gained X dollars) | O4: Even Loss per State Subject | P4: Estimated In-City Subject Losses (Perpetrator Take from Victim)
B5: https://www.census.gov/quickfacts/fact/table/TN/PST045222 | C5: TN Population in 20 | D5: Population Estimate | F5: Raw Value | G5: (Victim Count/State Population ) * City Population | J5: Estimated In-City Victims * Even Loss per State Victim | P5: Subject to City * Even Loss per State Subject
B6: https://www.census.gov/quickfacts/chattanoogacitytennessee | C6: Chattanooga Population in 20 | D6: Population Estimate
B7: https://www.ic3.gov/Media/PDF/AnnualReport/2022State/StateReport.aspx#?s=47 | C7: Advanced Fee | D7: State Victim Count | F7: =E7/E5 | G7: =ROUNDDOWN(F7*E6,0) | I7: =H7/E7 | J7: =I7*G7 | L7: =K7/E5 | M7: =ROUNDDOWN(L7*E6,0) | O7: =N7/K7 | P7: =M7*O7
B8: https://www.ic3.gov/Media/PDF/AnnualReport/2022State/StateReport.aspx#?s=47 | C8: Business Email Compromise | D8: State Victim Count | F8: =E8/E5 | G8: =ROUNDDOWN(F8*E6,0) | I8: =H8/E8 | J8: =I8*G8 | L8: =K8/E5 | M8: =ROUNDDOWN(L8*E6,0) | O8: =N8/K8 | P8: =M8*O8
B9: https://www.ic3.gov/Media/PDF/AnnualReport/2022State/StateReport.aspx#?s=47 | C9: Botnet | D9: State Victim Count | F9: =E9/E5 | G9: =ROUNDDOWN(F9*E6,0) | I9: =H9/E9 | J9: =I9*G9 | L9: =K9/E5 | M9: =ROUNDDOWN(L9*E6,0) | O9: =N9/K9 | P9: =M9*O9
B10: https://www.ic3.gov/Media/PDF/AnnualReport/2022State/StateReport.aspx#?s=47 | C10: Confidence/Romance | D10: State Victim Count | F10: =E10/E5 | G10: =ROUNDDOWN(F10*E6,0) | I10: =H10/E10 | J10: =I10*G10 | L10: =K10/E5 | M10: =ROUNDDOWN(L10*E6,0) | O10: =N10/K10 | P10: =M10*O10
B11: https://www.ic3.gov/Media/PDF/AnnualReport/2022State/StateReport.aspx#?s=47 | C11: Check Fraud | D11: State Victim Count | F11: =E11/E5 | G11: =ROUNDDOWN(F11*E6,0) | I11: =H11/E11 | J11: =I11*G11 | L11: =K11/E5 | M11: =ROUNDDOWN(L11*E6,0) | O11: =N11/K11 | P11: =M11*O11
B12: https://www.ic3.gov/Media/PDF/AnnualReport/2022State/StateReport.aspx#?s=47 | C12: Crimes Against Children | D12: State Victim Count | F12: =E12/E5 | G12: =ROUNDDOWN(F12*E6,0) | I12: =H12/E12 | J12: =I12*G12 | L12: =K12/E5 | M12: =ROUNDDOWN(L12*E6,0) | O12: =N12/K12 | P12: =M12*O12
B13: https://www.ic3.gov/Media/PDF/AnnualReport/2022State/StateReport.aspx#?s=47 | C13: Data Breach | D13: State Victim Count | F13: =E13/E5 | G13: =ROUNDDOWN(F13*E6,0) | I13: =H13/E13 | J13: =I13*G13 | L13: =K13/E5 | M13: =ROUNDDOWN(L13*E6,0) | O13: =N13/K13 | P13: =M13*O13
B14: https://www.ic3.gov/Media/PDF/AnnualReport/2022State/StateReport.aspx#?s=47 | C14: Employment | D14: State Victim Count | F14: =E14/E5 | G14: =ROUNDDOWN(F14*E6,0) | I14: =H14/E14 | J14: =I14*G14 | L14: =K14/E5 | M14: =ROUNDDOWN(L14*E6,0) | O14: =N14/K14 | P14: =M14*O14
B15: https://www.ic3.gov/Media/PDF/AnnualReport/2022State/StateReport.aspx#?s=47 | C15: Extortion | D15: State Victim Count | F15: =E15/E5 | G15: =ROUNDDOWN(F15*E6,0) | I15: =H15/E15 | J15: =I15*G15 | L15: =K15/E5 | M15: =ROUNDDOWN(L15*E6,0) | O15: =N15/K15 | P15: =M15*O15
B16: https://www.ic3.gov/Media/PDF/AnnualReport/2022State/StateReport.aspx#?s=47 | C16: Government Impersonation | D16: State Victim Count | F16: =E16/E5 | G16: =ROUNDDOWN(F16*E6,0) | I16: =H16/E16 | J16: =I16*G16 | L16: =K16/E5 | M16: =ROUNDDOWN(L16*E6,0) | O16: =N16/K16 | P16: =M16*O16
B17: https://www.ic3.gov/Media/PDF/AnnualReport/2022State/StateReport.aspx#?s=47 | C17: Harassing/Stalking | D17: State Victim Count | F17: =E17/E5 | G17: =ROUNDDOWN(F17*E6,0) | I17: =H17/E17 | J17: =I17*G17 | L17: =K17/E5 | M17: =ROUNDDOWN(L17*E6,0) | O17: =N17/K17 | P17: =M17*O17
B18: https://www.ic3.gov/Media/PDF/AnnualReport/2022State/StateReport.aspx#?s=47 | C18: IPR/Counterfeit | D18: State Victim Count | F18: =E18/E5 | G18: =ROUNDDOWN(F18*E6,0) | I18: =H18/E18 | J18: =I18*G18 | L18: =K18/E5 | M18: =ROUNDDOWN(L18*E6,0) | O18: =N18/K18 | P18: =M18*O18
B19: https://www.ic3.gov/Media/PDF/AnnualReport/2022State/StateReport.aspx#?s=47 | C19: Identity Theft | D19: State Victim Count | F19: =E19/E5 | G19: =ROUNDDOWN(F19*E6,0) | I19: =H19/E19 | J19: =I19*G19 | L19: =K19/E5 | M19: =ROUNDDOWN(L19*E6,0) | O19: =N19/K19 | P19: =M19*O19
B20: https://www.ic3.gov/Media/PDF/AnnualReport/2022State/StateReport.aspx#?s=47 | C20: Investment | D20: State Victim Count | F20: =E20/E5 | G20: =ROUNDDOWN(F20*E6,0) | I20: =H20/E20 | J20: =I20*G20 | L20: =K20/E5 | M20: =ROUNDDOWN(L20*E6,0) | O20: =N20/K20 | P20: =M20*O20
B21: https://www.ic3.gov/Media/PDF/AnnualReport/2022State/StateReport.aspx#?s=47 | C21: Lottery/Sweepstakes/Inheritance | D21: State Victim Count | F21: =E21/E5 | G21: =ROUNDDOWN(F21*E6,0) | I21: =H21/E21 | J21: =I21*G21 | L21: =K21/E5 | M21: =ROUNDDOWN(L21*E6,0) | O21: =N21/K21 | P21: =M21*O21
B22: https://www.ic3.gov/Media/PDF/AnnualReport/2022State/StateReport.aspx#?s=47 | C22: Malware | D22: State Victim Count | F22: =E22/E5 | G22: =ROUNDDOWN(F22*E6,0) | I22: =H22/E22 | J22: =I22*G22 | L22: =K22/E5 | M22: =ROUNDDOWN(L22*E6,0) | O22: =N22/K22 | P22: =M22*O22
B23: https://www.ic3.gov/Media/PDF/AnnualReport/2022State/StateReport.aspx#?s=47 | C23: NCDF | D23: State Victim Count | F23: =E23/E5 | G23: =ROUNDDOWN(F23*E6,0) | I23: =H23/E23 | J23: =I23*G23 | L23: =K23/E5 | M23: =ROUNDDOWN(L23*E6,0) | O23: =N23/K23 | P23: =M23*O23
B24: https://www.ic3.gov/Media/PDF/AnnualReport/2022State/StateReport.aspx#?s=47 | C24: NTOC | D24: State Victim Count | F24: =E24/E5 | G24: =ROUNDDOWN(F24*E6,0) | I24: =H24/E24 | J24: =I24*G24 | L24: =K24/E5 | M24: =ROUNDDOWN(L24*E6,0) | O24: =N24/K24 | P24: =M24*O24
B25: https://www.ic3.gov/Media/PDF/AnnualReport/2022State/StateReport.aspx#?s=47 | C25: No Lead Value | D25: State Victim Count | F25: =E25/E5 | G25: =ROUNDDOWN(F25*E6,0) | I25: =H25/E25 | J25: =I25*G25 | L25: =K25/E5 | M25: =ROUNDDOWN(L25*E6,0) | O25: =N25/K25 | P25: =M25*O25
B26: https://www.ic3.gov/Media/PDF/AnnualReport/2022State/StateReport.aspx#?s=47 | C26: Non-Payable/Non-Delivery | D26: State Victim Count | F26: =E26/E5 | G26: =ROUNDDOWN(F26*E6,0) | I26: =H26/E26 | J26: =I26*G26 | L26: =K26/E5 | M26: =ROUNDDOWN(L26*E6,0) | O26: =N26/K26 | P26: =M26*O26
B27: https://www.ic3.gov/Media/PDF/AnnualReport/2022State/StateReport.aspx#?s=47 | C27: Other | D27: State Victim Count | F27: =E27/E5 | G27: =ROUNDDOWN(F27*E6,0) | I27: =H27/E27 | J27: =I27*G27 | L27: =K27/E5 | M27: =ROUNDDOWN(L27*E6,0) | O27: =N27/K27 | P27: =M27*O27
B28: https://www.ic3.gov/Media/PDF/AnnualReport/2022State/StateReport.aspx#?s=47 | C28: Overpayment | D28: State Victim Count | F28: =E28/E5 | G28: =ROUNDDOWN(F28*E6,0) | I28: =H28/E28 | J28: =I28*G28 | L28: =K28/E5 | M28: =ROUNDDOWN(L28*E6,0) | O28: =N28/K28 | P28: =M28*O28
B29: https://www.ic3.gov/Media/PDF/AnnualReport/2022State/StateReport.aspx#?s=47 | C29: Personal Data Breach | D29: State Victim Count | F29: =E29/E5 | G29: =ROUNDDOWN(F29*E6,0) | I29: =H29/E29 | J29: =I29*G29 | L29: =K29/E5 | M29: =ROUNDDOWN(L29*E6,0) | O29: =N29/K29 | P29: =M29*O29
B30: https://www.ic3.gov/Media/PDF/AnnualReport/2022State/StateReport.aspx#?s=47 | C30: Phishing | D30: State Victim Count | F30: =E30/E5 | G30: =ROUNDDOWN(F30*E6,0) | I30: =H30/E30 | J30: =I30*G30 | L30: =K30/E5 | M30: =ROUNDDOWN(L30*E6,0) | O30: =N30/K30 | P30: =M30*O30
B31: https://www.ic3.gov/Media/PDF/AnnualReport/2022State/StateReport.aspx#?s=47 | C31: Ransomware | D31: State Victim Count | F31: =E31/E5 | G31: =ROUNDDOWN(F31*E6,0) | I31: =H31/E31 | J31: =I31*G31 | L31: =K31/E5 | M31: =ROUNDDOWN(L31*E6,0) | O31: =N31/K31 | P31: =M31*O31
B32: https://www.ic3.gov/Media/PDF/AnnualReport/2022State/StateReport.aspx#?s=47 | C32: Real Estate | D32: State Victim Count | F32: =E32/E5 | G32: =ROUNDDOWN(F32*E6,0) | I32: =H32/E32 | J32: =I32*G32 | L32: =K32/E5 | M32: =ROUNDDOWN(L32*E6,0) | O32: =N32/K32 | P32: =M32*O32
B33: https://www.ic3.gov/Media/PDF/AnnualReport/2022State/StateReport.aspx#?s=47 | C33: SIM Swap | D33: State Victim Count | F33: =E33/E5 | G33: =ROUNDDOWN(F33*E6,0) | I33: =H33/E33 | J33: =I33*G33 | L33: =K33/E5 | M33: =ROUNDDOWN(L33*E6,0) | O33: =N33/K33 | P33: =M33*O33
B34: https://www.ic3.gov/Media/PDF/AnnualReport/2022State/StateReport.aspx#?s=47 | C34: Spoofing | D34: State Victim Count | F34: =E34/E5 | G34: =ROUNDDOWN(F34*E6,0) | I34: =H34/E34 | J34: =I34*G34 | L34: =K34/E5 | M34: =ROUNDDOWN(L34*E6,0) | O34: =N34/K34 | P34: =M34*O34
B35: https://www.ic3.gov/Media/PDF/AnnualReport/2022State/StateReport.aspx#?s=47 | C35: Tech Support | D35: State Victim Count | F35: =E35/E5 | G35: =ROUNDDOWN(F35*E6,0) | I35: =H35/E35 | J35: =I35*G35 | L35: =K35/E5 | M35: =ROUNDDOWN(L35*E6,0) | O35: =N35/K35 | P35: =M35*O35
B36: https://www.ic3.gov/Media/PDF/AnnualReport/2022State/StateReport.aspx#?s=47 | C36: Threats of Violence | D36: State Victim Count | F36: =E36/E5 | G36: =ROUNDDOWN(F36*E6,0) | I36: =H36/E36 | J36: =I36*G36 | L36: =K36/E5 | M36: =ROUNDDOWN(L36*E6,0) | O36: =N36/K36 | P36: =M36*O36
J37: =I37*G37
E38: =SUM(E7:E36) | G38: =SUM(G8:G36) | I38: =H38/E38 | J38: =I38*G38

Sheet Summary Graphs AMERICAN_SAMOA
B2: State IC3 Data
H3: System Intrusion Group | M3: Threat to Personnel via Network | P3: Theft of Data via Network
B4: Column1 | C4: Column2 | D4: Column3 | E4: Column4 | F4: Column5 | G4: Column6 | H4: Column7 | I4: Column8 | J4: Column9 | K4: Column10 | L4: Column11 | M4: Column12 | N4: Column13 | O4: Column14 | P4: Column15 | Q4: Column16 | R4: Column17
B5: 2016 | C5: 177746 | H5: 0 | I5: 2 | J5: 0 | K5: 1 | L5: 0 | M5: 0 | N5: 2 | O5: 3 | P5: 0 | Q5: 0 | R5: 0
B6: 2017 | C6: 179530 | H6: 0 | I6: 1 | J6: 0 | K6: 1 | L6: 0 | M6: 0 | N6: 1 | O6: 3 | P6: 0 | Q6: 0 | R6: 0
B7: 2018 | C7: 181918 | H7: 0 | I7: 0 | J7: 1 | K7: 0 | L7: 0 | M7: 0 | N7: 1 | O7: 1 | P7: 0 | Q7: 0 | R7: 0
B8: 2019 | C8: 182799 | H8: 0 | I8: 2 | J8: 0 | K8: 1 | L8: 0 | M8: 0 | N8: 2 | O8: 1 | P8: 0 | Q8: 1 | R8: 0
B9: 2020 | C9: 181560 | H9: 1 | I9: 1 | J9: 0 | K9: 1 | L9: 0 | M9: 0 | N9: 2 | O9: 2 | P9: 0 | Q9: 1 | R9: 5
B10: 2021 | C10: 181163 | H10: 0 | I10: 2 | J10: 1 | K10: 1 | L10: 0 | M10: 0 | N10: 0 | O10: 0 | P10: 1 | Q10: 0 | R10: 1
B11: 2022 | C11: 184086 | H11: 0 | I11: 3 | J11: 0 | K11: 1 | L11: 0 | M11: 3 | N11: 2 | O11: 5 | P11: 0 | Q11: 2 | R11: 2

Sheet 2016_IC3 AMERICAN_SAMOA
B4: REF URL | C4: Decription | D4: Unit | E4: Value | F4: Value/State Population | G4: Estimated In-City Victims, 2022, As if IC3 Victim Complaint | H4: State Victim Loss | I4: Even Loss per State Victim Count | J4: Projected In-City Victim Loss | K4: State Subject (Perpetrator) Count | L4: Subject (Perpetrator) to State Population | M4: Estimated Subject to City Population | N4: State Subject Losses (Perpetrator gained X dollars) | O4: Even Loss per State Subject | P4: Estimated In-City Subject Losses (Perpetrator Take from Victim)
B5: https://fred.stlouisfed.org/series/POPTOTASA647NWDB | C5: American Samoa Population in 2016 | D5: Population Estimate | E5: 52245 | F5: Raw Value | G5: (Victim Count/State Population ) * City Population | J5: Estimated In-City Victims * Even Loss per State Victim | P5: Subject to City * Even Loss per State Subject
B6: https://www.census.gov/quickfacts/chattanoogacitytennessee | C6: Chattanooga Population in 2016 | D6: Population Estimate | E6: 177746
B7: https://www.ic3.gov/AnnualReport/Reports/2016_IC3Report.pdf | C7: Advanced Fee | D7: State Victim Count | E7: 0 | F7: =E7/E5 | G7: =ROUNDDOWN(F7*E6,0) | H7: 0 | I7: =H7/E7 | J7: =I7*G7 | K7: 0 | L7: =K7/E5 | M7: =ROUNDDOWN(L7*E6,0) | N7: 0 | O7: =N7/K7 | P7: =M7*O7
B8: https://www.ic3.gov/AnnualReport/Reports/2016_IC3Report.pdf | C8: Business Email Compromise | D8: State Victim Count | E8: 0 | F8: =E8/E5 | G8: =ROUNDDOWN(F8*E6,0) | H8: 0 | I8: =H8/E8 | J8: =I8*G8 | K8: 0 | L8: =K8/E5 | M8: =ROUNDDOWN(L8*E6,0) | N8: 0 | O8: =N8/K8 | P8: =M8*O8
B9: https://www.ic3.gov/AnnualReport/Reports/2016_IC3Report.pdf | C9: Botnet | D9: State Victim Count | E9: 0 | F9: =E9/E5 | G9: =ROUNDDOWN(F9*E6,0) | H9: 0 | I9: =H9/E9 | J9: =I9*G9 | K9: 0 | L9: =K9/E5 | M9: =ROUNDDOWN(L9*E6,0) | N9: 0 | O9: =N9/K9 | P9: =M9*O9
B10: https://www.ic3.gov/AnnualReport/Reports/2016_IC3Report.pdf | C10: Confidence/Romance | D10: State Victim Count | E10: 1 | F10: =E10/E5 | G10: =ROUNDDOWN(F10*E6,0) | H10: 300 | I10: =H10/E10 | J10: =I10*G10 | K10: 0 | L10: =K10/E5 | M10: =ROUNDDOWN(L10*E6,0) | N10: 0 | O10: =N10/K10 | P10: =M10*O10
B11: https://www.ic3.gov/AnnualReport/Reports/2016_IC3Report.pdf | C11: Check Fraud | D11: State Victim Count | E11: 0 | F11: =E11/E5 | G11: =ROUNDDOWN(F11*E6,0) | H11: 0 | I11: =H11/E11 | J11: =I11*G11 | K11: 0 | L11: =K11/E5 | M11: =ROUNDDOWN(L11*E6,0) | N11: 0 | O11: =N11/K11 | P11: =M11*O11
